timestamp,open,high,low,close,volume
2024-01-01 00:00:00,1.085,1.0853540001055975,1.0846953940287183,1.0852244623979774,837
2024-01-01 01:00:00,1.0852244623979774,1.085540304961079,1.0848676948073726,1.0850211817532032,5632
2024-01-01 02:00:00,1.0850211817532032,1.0851138652917656,1.0848499500900228,1.084943096040737,2301
2024-01-01 03:00:00,1.084943096040737,1.0852880796072395,1.084339159683206,1.0844516171890541,6467
2024-01-01 04:00:00,1.0844516171890541,1.0846332220041583,1.0837222138258116,1.0840046745660787,1541
2024-01-01 05:00:00,1.0840046745660787,1.0847391484206856,1.083719724928836,1.084725642779748,783
2024-01-01 06:00:00,1.084725642779748,1.0849558414952325,1.0843913535134262,1.0844664931170953,2020
2024-01-01 07:00:00,1.0844664931170953,1.0845868344395413,1.0836754598822584,1.0840459155191602,5270
2024-01-01 08:00:00,1.0840459155191602,1.084210424501581,1.083450458299861,1.083694627029855,5849
2024-01-01 09:00:00,1.083694627029855,1.0839602642396349,1.0831313324269476,1.0831707046741215,5815
2024-01-01 10:00:00,1.0831707046741215,1.0836494751846029,1.0831104839350036,1.0836263455281252,4084
2024-01-01 11:00:00,1.0836263455281252,1.083718473282317,1.0823798387776613,1.082591263222905,3515
2024-01-01 12:00:00,1.082591263222905,1.0826560800167842,1.0821276644862574,1.0822046809423407,6209
2024-01-01 13:00:00,1.0822046809423407,1.0824108808468398,1.081850743901684,1.0820369999255073,370
2024-01-01 14:00:00,1.0820369999255073,1.082103252611788,1.0812875014844516,1.081482610509876,6932
2024-01-01 15:00:00,1.081482610509876,1.0817038775046772,1.0809240415289179,1.081163282853734,5355
2024-01-01 16:00:00,1.081163282853734,1.0820568354070306,1.0809625762741557,1.0820424333827146,6502
2024-01-01 17:00:00,1.0820424333827146,1.0821147125038162,1.0817210848548788,1.082028692168172,9571
2024-01-01 18:00:00,1.082028692168172,1.083041176876915,1.081864311667297,1.082517227856097,6574
2024-01-01 19:00:00,1.082517227856097,1.0825355800114043,1.0820697473496517,1.0824672611325719,4094
2024-01-01 20:00:00,1.0824672611325719,1.0827628399415201,1.082360705741349,1.0824643597850037,2930
2024-01-01 21:00:00,1.0824643597850037,1.082647440208544,1.0817981114217392,1.081863861643671,1667
2024-01-01 22:00:00,1.081863861643671,1.0818832771535407,1.0815501800995555,1.0817439090976622,6510
2024-01-01 23:00:00,1.0817439090976622,1.0818223307282886,1.0809651785168777,1.0812578815065041,6118
2024-01-02 00:00:00,1.0812578815065041,1.0815037041777866,1.081210964079829,1.0815026814864581,9085
2024-01-02 01:00:00,1.0815026814864581,1.0815712243897635,1.0804404132485574,1.0806008687024018,9322
2024-01-02 02:00:00,1.0806008687024018,1.08102197916695,1.0805659531398355,1.0806447419867078,959
2024-01-02 03:00:00,1.0806447419867078,1.081143553486152,1.0806394392116179,1.0807597992430922,8842
2024-01-02 04:00:00,1.0807597992430922,1.0816295036258052,1.0806994897746254,1.081591031432849,6247
2024-01-02 05:00:00,1.081591031432849,1.081819595995752,1.0810426976391048,1.081193084245642,9857
2024-01-02 06:00:00,1.081193084245642,1.081606340671706,1.0809127140330836,1.0813257818095188,777
2024-01-02 07:00:00,1.0813257818095188,1.082551796413147,1.0812125222635982,1.082353689148121,6550
2024-01-02 08:00:00,1.082353689148121,1.082663821834334,1.0822304618060687,1.08224417440103,8753
2024-01-02 09:00:00,1.08224417440103,1.0824280592478768,1.0815131533522333,1.0818231402332368,9814
2024-01-02 10:00:00,1.0818231402332368,1.0819858436767107,1.0810488127292317,1.0812949855925185,1334
2024-01-02 11:00:00,1.0812949855925185,1.0821635213245369,1.081258058820812,1.0818420246776246,9428
2024-01-02 12:00:00,1.0818420246776246,1.0824837761090993,1.0815779333550077,1.0822363859669237,5535
2024-01-02 13:00:00,1.0822363859669237,1.0826653826717885,1.0821670963250243,1.0826152841017194,7215
2024-01-02 14:00:00,1.0826152841017194,1.082673898596379,1.0821797886311424,1.0823226589147477,7282
2024-01-02 15:00:00,1.0823226589147477,1.0837245028030307,1.082191348193021,1.0834862421035902,2348
2024-01-02 16:00:00,1.0834862421035902,1.0837179612193917,1.083049964527591,1.0832141009912615,7614
2024-01-02 17:00:00,1.0832141009912615,1.0840344719114154,1.0828347423947307,1.0838700598794166,8415
2024-01-02 18:00:00,1.0838700598794166,1.0840479627653417,1.0833288775502417,1.0834920396072347,8119
2024-01-02 19:00:00,1.0834920396072347,1.0836165497869459,1.0833266029574276,1.0835612116270799,4604
2024-01-02 20:00:00,1.0835612116270799,1.0840937372273889,1.0830171777937618,1.0840408058607414,7475
2024-01-02 21:00:00,1.0840408058607414,1.0843154040229654,1.0839443113776928,1.0841012255233533,4661
2024-01-02 22:00:00,1.0841012255233533,1.0843070140649327,1.0840866597408219,1.084212366540018,4030
2024-01-02 23:00:00,1.084212366540018,1.0843016695304315,1.083089365546266,1.0832606453051306,3876
2024-01-03 00:00:00,1.0832606453051306,1.0832952814903007,1.082894760394115,1.0829718238700607,2984
2024-01-03 01:00:00,1.0829718238700607,1.08298346561375,1.0823146354560325,1.0825432295155986,5199
2024-01-03 02:00:00,1.0825432295155986,1.0831356811224808,1.0823324691051917,1.0829190708738459,4589
2024-01-03 03:00:00,1.0829190708738459,1.0830220779272877,1.0817657452540634,1.0818685024442458,2197
2024-01-03 04:00:00,1.0818685024442458,1.0835117936320335,1.0816413893162098,1.083397615529895,3773
2024-01-03 05:00:00,1.083397615529895,1.0841892284831443,1.0832458216857963,1.0841261746342161,8435
2024-01-03 06:00:00,1.0841261746342161,1.0842232473437818,1.083613921404733,1.08363029623261,8457
2024-01-03 07:00:00,1.08363029623261,1.084414702955176,1.0833077530583721,1.0842774509171011,3238
2024-01-03 08:00:00,1.0842774509171011,1.0843887381285924,1.0840619019615152,1.0843758821247733,5239
2024-01-03 09:00:00,1.0843758821247733,1.0845219554511167,1.0841659107500992,1.0842092024680157,8360
2024-01-03 10:00:00,1.0842092024680157,1.0846379912858808,1.0838952507805435,1.0840220345850071,2601
2024-01-03 11:00:00,1.0840220345850071,1.0841543918779608,1.0828146044141576,1.0829850910811167,8316
2024-01-03 12:00:00,1.0829850910811167,1.083086088536913,1.082345589644523,1.0825187406833572,4028
2024-01-03 13:00:00,1.0825187406833572,1.0826137297455893,1.0816298441860561,1.081760510032571,2457
2024-01-03 14:00:00,1.081760510032571,1.083099087445446,1.0815769376431599,1.082846910654579,676
2024-01-03 15:00:00,1.082846910654579,1.0846352449069971,1.0827500638400058,1.0843313709138063,7400
2024-01-03 16:00:00,1.0843313709138063,1.0848768819510293,1.0841764441031203,1.0847881180654,8882
2024-01-03 17:00:00,1.0847881180654,1.0854363715334139,1.0840611843148178,1.0842660618430846,1767
2024-01-03 18:00:00,1.0842660618430846,1.0845925441038708,1.0834373075694945,1.0837233358450866,1398
2024-01-03 19:00:00,1.0837233358450866,1.0840115905028997,1.083240305531647,1.0835274779618829,7092
2024-01-03 20:00:00,1.0835274779618829,1.0843573465183978,1.0834350572670302,1.0841610447881882,5931
2024-01-03 21:00:00,1.0841610447881882,1.0841750052051862,1.083996750699869,1.0840738134192411,2363
2024-01-03 22:00:00,1.0840738134192411,1.0846679698834814,1.0838262503194758,1.0843507665202523,4854
2024-01-03 23:00:00,1.0843507665202523,1.084902661515427,1.0842331030789554,1.0848723044964197,3963
2024-01-04 00:00:00,1.0848723044964197,1.084913928946491,1.0847235450037764,1.0848221451907083,4505
2024-01-04 01:00:00,1.0848221451907083,1.0848935482879014,1.0846404720201008,1.0847790539391529,7500
2024-01-04 02:00:00,1.0847790539391529,1.0855296532888237,1.084653128170768,1.085367080865056,6580
2024-01-04 03:00:00,1.085367080865056,1.0855165395860806,1.0846128132302995,1.0847348872833862,3627
2024-01-04 04:00:00,1.0847348872833862,1.085017354768126,1.084616573005619,1.0847618217889685,5698
2024-01-04 05:00:00,1.0847618217889685,1.0850363852504838,1.084542066418571,1.0849928490098384,6750
2024-01-04 06:00:00,1.0849928490098384,1.0859666183420362,1.0849886482415119,1.0857055225806054,3118
2024-01-04 07:00:00,1.0857055225806054,1.0860395921643122,1.0856794939697318,1.0859747588938145,9496
2024-01-04 08:00:00,1.0859747588938145,1.0863850632368413,1.0855562814386774,1.0862214191001947,7418
2024-01-04 09:00:00,1.0862214191001947,1.0864530412748947,1.0851211406224333,1.0852794731612259,6015
2024-01-04 10:00:00,1.0852794731612259,1.0858252711551746,1.0851000222869287,1.0858228218006052,4659
2024-01-04 11:00:00,1.0858228218006052,1.0860178457472887,1.0856140807087609,1.0856434921850613,1073
2024-01-04 12:00:00,1.0856434921850613,1.0857260784759164,1.0849780759979235,1.0850908209084844,4344
2024-01-04 13:00:00,1.0850908209084844,1.0851398142227062,1.0846227680211469,1.0847241566562211,9592
2024-01-04 14:00:00,1.0847241566562211,1.0850137735245207,1.0842628056132246,1.0845442983681,4108
2024-01-04 15:00:00,1.0845442983681,1.0846064798812196,1.0837902901085152,1.0840853613519053,8326
2024-01-04 16:00:00,1.0840853613519053,1.0845021408935946,1.0838848554789777,1.084498337652014,6097
2024-01-04 17:00:00,1.084498337652014,1.0845628813640817,1.0842290432962678,1.0843944894849782,8292
2024-01-04 18:00:00,1.0843944894849782,1.0851965645381538,1.0843141471405584,1.0851748125084624,7985
2024-01-04 19:00:00,1.0851748125084624,1.0854635840862077,1.085172294028306,1.0854187655898455,2615
2024-01-04 20:00:00,1.0854187655898455,1.0854236676246973,1.0851205730280007,1.0852201726862498,6847
2024-01-04 21:00:00,1.0852201726862498,1.0867506306767165,1.0850667031736723,1.0863199941852142,6313
2024-01-04 22:00:00,1.0863199941852142,1.0872916264968306,1.0861583345281431,1.086853665910187,5863
2024-01-04 23:00:00,1.086853665910187,1.087278445055049,1.086096864763786,1.0862020157681223,6500
2024-01-05 00:00:00,1.0862020157681223,1.0862703669632776,1.0854636172839744,1.0858388514518176,2040
2024-01-05 01:00:00,1.0858388514518176,1.0863467257656043,1.0857404676175162,1.0861670428313346,7110
2024-01-05 02:00:00,1.0861670428313346,1.0864029308554788,1.0859531082053662,1.086046943335787,9312
2024-01-05 03:00:00,1.086046943335787,1.0860698513048377,1.0853103360324687,1.0855578992948633,8383
2024-01-05 04:00:00,1.0855578992948633,1.085558948034807,1.0844880031850843,1.0844973993038374,4789
2024-01-05 05:00:00,1.0844973993038374,1.0847109233897139,1.0844276394654224,1.0844561153624266,6615
2024-01-05 06:00:00,1.0844561153624266,1.0848311528232673,1.084231186944059,1.0846888298476496,7136
2024-01-05 07:00:00,1.0846888298476496,1.0847552926500454,1.0841230009493237,1.084272698256635,3991
2024-01-05 08:00:00,1.084272698256635,1.0853872436834362,1.084259194560353,1.0851513842466234,2246
2024-01-05 09:00:00,1.0851513842466234,1.0868908565242477,1.0849570700564326,1.0868410636945518,4193
2024-01-05 10:00:00,1.0868410636945518,1.0878311303565686,1.0867038534025522,1.0876381456644526,9880
2024-01-05 11:00:00,1.0876381456644526,1.087876654360064,1.0872302992289007,1.0876400026575308,3763
2024-01-05 12:00:00,1.0876400026575308,1.088028221946432,1.0876251837014468,1.0877277505360128,5181
2024-01-05 13:00:00,1.0877277505360128,1.0885039493940634,1.0877166409962336,1.0881632729061923,7774
2024-01-05 14:00:00,1.0881632729061923,1.0887751819629792,1.0881454488982898,1.0883616935429712,1061
2024-01-05 15:00:00,1.0883616935429712,1.0884350131921905,1.087682636112771,1.0878706120700363,6182
2024-01-05 16:00:00,1.0878706120700363,1.087883147889491,1.0870545202575133,1.0872455487216135,4441
2024-01-05 17:00:00,1.0872455487216135,1.0873516002452879,1.0867156520274062,1.0868742265938587,4474
2024-01-05 17:00:00,1.0868742265938587,1.086984956454928,1.0862390687293801,1.086478644307898,9144
2024-01-05 18:00:00,1.086478644307898,1.0876975358695773,1.0864358483257512,1.0875575907679789,3681
2024-01-05 18:00:00,1.0875575907679789,1.0876804241079876,1.0872730503711272,1.0874245519131367,5480
2024-01-05 19:00:00,1.0874245519131367,1.087479562252567,1.086488019104259,1.086948403337206,2412
2024-01-05 19:00:00,1.086948403337206,1.0872773968799063,1.0865209856225722,1.0865707928304835,6758
2024-01-05 20:00:00,1.0865707928304835,1.087601403913035,1.0863468778481966,1.086985627751344,2592
2024-01-05 20:00:00,1.086985627751344,1.0873069170153957,1.0865639577013908,1.0866046504285642,2370
2024-01-05 21:00:00,1.0866046504285642,1.0867339650054129,1.0855139291852587,1.0857302387859815,6801
2024-01-05 21:00:00,1.0857302387859815,1.0869350353382334,1.0854342499582035,1.08693344080997,7707
2024-01-05 22:00:00,1.08693344080997,1.087238065625424,1.0865870044658223,1.0866947864745593,8560
2024-01-05 22:00:00,1.0866947864745593,1.0868699101252361,1.0857927368196505,1.0860692967658434,7308
2024-01-05 23:00:00,1.0860692967658434,1.087474232818416,1.0859567029185053,1.087194519303652,6284
2024-01-05 23:00:00,1.087194519303652,1.0873129980885,1.0865093033626594,1.0866821015165953,4177
2024-01-06 00:00:00,1.0866821015165953,1.0867361928817512,1.0864276749634663,1.086437722585356,5394
2024-01-06 01:00:00,1.086437722585356,1.0865530768514697,1.0858611918506094,1.0860122700957746,532
2024-01-06 02:00:00,1.0860122700957746,1.0860321365568604,1.0858156558233674,1.0859659332480418,7716
2024-01-06 03:00:00,1.0859659332480418,1.086098457999831,1.0851225304037782,1.0852366501374968,902
2024-01-06 04:00:00,1.0852366501374968,1.0855621586250734,1.0842254128882503,1.0842350298775825,6234
2024-01-06 05:00:00,1.0842350298775825,1.0843627483693379,1.0837495349018542,1.084081838914308,6566
2024-01-06 06:00:00,1.084081838914308,1.0842122061358686,1.083642846635964,1.0836523263702273,5095
2024-01-06 07:00:00,1.0836523263702273,1.0838535849320703,1.0829458949043271,1.0830612732782319,1403
2024-01-06 08:00:00,1.0830612732782319,1.0832528843028262,1.0827729595541002,1.083146923467243,5313
2024-01-06 09:00:00,1.083146923467243,1.0832623378926791,1.0815089519561658,1.0815495610333745,7107
2024-01-06 10:00:00,1.0815495610333745,1.0815717753173446,1.0815184255862962,1.0815544573598501,9034
2024-01-06 11:00:00,1.0815544573598501,1.082336201993758,1.0814720819666257,1.082268681461343,8974
2024-01-06 12:00:00,1.082268681461343,1.0823475718898186,1.0817803452848627,1.0818645421810267,3158
2024-01-06 13:00:00,1.0818645421810267,1.0828692720209958,1.0817993374745931,1.0826950470803094,1949
2024-01-06 14:00:00,1.0826950470803094,1.0836205666917964,1.082493429818126,1.083212941784761,7916
2024-01-06 15:00:00,1.083212941784761,1.0832166254605988,1.0817503602675775,1.0820856477300327,1401
2024-01-06 16:00:00,1.0820856477300327,1.0823574540442908,1.081643420668231,1.0821915729280542,9187
2024-01-06 17:00:00,1.0821915729280542,1.08286521771619,1.0819628221194129,1.082569500467034,8772
2024-01-06 18:00:00,1.082569500467034,1.0827445779670264,1.082115361895473,1.082618021593805,4137
2024-01-06 19:00:00,1.082618021593805,1.0828891308237287,1.082448052719912,1.0827972586438206,390
2024-01-06 20:00:00,1.0827972586438206,1.0829831989938836,1.0827017271544677,1.0829688857464397,7044
2024-01-06 21:00:00,1.0829688857464397,1.0835443327699308,1.0828668824666687,1.0833368247810793,8481
2024-01-06 22:00:00,1.0833368247810793,1.0834256834330944,1.0827972591727004,1.0828727192713095,5414
2024-01-06 23:00:00,1.0828727192713095,1.0831571028734783,1.0826015916995484,1.0829831816894573,5795
2024-01-07 00:00:00,1.0829831816894573,1.083971751303763,1.082734250748795,1.0838169934639423,8668
2024-01-07 01:00:00,1.0838169934639423,1.0839478665952131,1.0833285844711782,1.0833397014053603,6926
2024-01-07 02:00:00,1.0833397014053603,1.0838288518012837,1.0830999028306645,1.0831257470670594,358
2024-01-07 03:00:00,1.0831257470670594,1.0835172043641632,1.0830809702622035,1.083421002517816,926
2024-01-07 04:00:00,1.083421002517816,1.0837974074171108,1.082877133381595,1.083146217390826,2519
2024-01-07 05:00:00,1.083146217390826,1.0840410336990647,1.083121060006806,1.083843112735013,7075
2024-01-07 06:00:00,1.083843112735013,1.0845677697860971,1.083537202671121,1.0842292768601542,8032
2024-01-07 07:00:00,1.0842292768601542,1.0844316977352062,1.083673983307878,1.084004954642251,6303
2024-01-07 08:00:00,1.084004954642251,1.08473313883913,1.0837459388878383,1.0844751466591818,2252
2024-01-07 09:00:00,1.0844751466591818,1.0848881832344326,1.0841745180685582,1.0848362649641599,9741
2024-01-07 10:00:00,1.0848362649641599,1.085375642292748,1.0846035432968228,1.0846144022701265,3432
2024-01-07 11:00:00,1.0846144022701265,1.0850856827375353,1.084389089264217,1.0847158915185462,5986
2024-01-07 12:00:00,1.0847158915185462,1.085230563479196,1.0841983273184068,1.0842101710052097,3217
2024-01-07 13:00:00,1.0842101710052097,1.0842497879573632,1.084181197434228,1.0842100695166128,4839
2024-01-07 14:00:00,1.0842100695166128,1.084216620170656,1.0836127220650331,1.0837214070192598,3697
2024-01-07 15:00:00,1.0837214070192598,1.083772402462744,1.08306914417163,1.0833699427693466,5696
2024-01-07 16:00:00,1.0833699427693466,1.0836191598078462,1.0818742237058177,1.0822889017522992,2414
2024-01-07 17:00:00,1.0822889017522992,1.0825704040912427,1.081827491785567,1.0819830551230851,1657
2024-01-07 18:00:00,1.0819830551230851,1.0821701908017147,1.0816969099446778,1.0819512209636766,1816
2024-01-07 19:00:00,1.0819512209636766,1.0820802593818337,1.081853346051431,1.0819753553285778,9464
2024-01-07 20:00:00,1.0819753553285778,1.0820234204082095,1.0814708713503147,1.0815458355118246,8114
2024-01-07 21:00:00,1.0815458355118246,1.0821468473331493,1.0813139695511518,1.0820746540999855,2427
2024-01-07 22:00:00,1.0820746540999855,1.0821932743515792,1.081628000325343,1.0816899096132058,5501
2024-01-07 23:00:00,1.0816899096132058,1.0818747150170471,1.0814235272495663,1.0814605076768549,9799
2024-01-08 00:00:00,1.0814605076768549,1.0816592697602998,1.081178815417582,1.0815184010221912,4993
2024-01-08 01:00:00,1.0815184010221912,1.0817744868926904,1.0805225119877522,1.080873470824149,8108
2024-01-08 02:00:00,1.080873470824149,1.0809156743175894,1.0802792826068,1.080298625229174,7903
2024-01-08 03:00:00,1.080298625229174,1.0803061521696589,1.0799131932436843,1.0801338536200875,9196
2024-01-08 04:00:00,1.0801338536200875,1.0803171817950152,1.0801224644953433,1.0802444593525724,4921
2024-01-08 05:00:00,1.0802444593525724,1.0805140964369935,1.0797080496858285,1.079856702504633,5659
2024-01-08 06:00:00,1.079856702504633,1.0798932553515668,1.0797871861635606,1.0798895685649537,3299
2024-01-08 07:00:00,1.0798895685649537,1.0799287376159732,1.0791505234837107,1.0793461980392336,2441
2024-01-08 08:00:00,1.0793461980392336,1.0795520291666987,1.078920914347022,1.0790154338435045,3498
2024-01-08 09:00:00,1.0790154338435045,1.0798049774011103,1.078812559830501,1.0794718825122178,5359
2024-01-08 10:00:00,1.0794718825122178,1.079596846227757,1.0780589164106575,1.0780641346206996,2951
2024-01-08 11:00:00,1.0780641346206996,1.0781460224681705,1.0779130580342289,1.078108669115275,1245
2024-01-08 12:00:00,1.078108669115275,1.0782933157644972,1.0770539511978323,1.0773242881189555,483
2024-01-08 13:00:00,1.0773242881189555,1.077514167896722,1.076612901297017,1.0771393777099845,9258
2024-01-08 14:00:00,1.0771393777099845,1.0776366861543085,1.0769993157341027,1.0774650145982723,8910
2024-01-08 15:00:00,1.0774650145982723,1.077977031505926,1.0771753499857368,1.0771945619656818,1119
2024-01-08 16:00:00,1.0771945619656818,1.077593542712217,1.0768404018385547,1.0775865450141175,8100
2024-01-08 17:00:00,1.0775865450141175,1.0779764369882336,1.0774740516589387,1.0778348866011425,4144
2024-01-08 18:00:00,1.0778348866011425,1.0786147674862168,1.0775208416571644,1.0784904054937734,305
2024-01-08 19:00:00,1.0784904054937734,1.0785052921795935,1.0778943106119054,1.0780184450314156,8930
2024-01-08 20:00:00,1.0780184450314156,1.078094484601617,1.0775604823978282,1.077682599546885,3717
2024-01-08 21:00:00,1.077682599546885,1.0785006746632424,1.0775907635310393,1.0783338902323327,163
2024-01-08 22:00:00,1.0783338902323327,1.0784198138761592,1.077717432739746,1.0777589702771786,3932
2024-01-08 23:00:00,1.0777589702771786,1.0779751815852603,1.077282113072323,1.0774927436429895,3276
2024-01-09 00:00:00,1.0774927436429895,1.0776976251306356,1.0774867924150904,1.0776919614554095,7707
2024-01-09 01:00:00,1.0776919614554095,1.078050170504409,1.0775995063976684,1.0780309463490207,3905
2024-01-09 02:00:00,1.0780309463490207,1.0780753731033474,1.077601244165141,1.0776969938894738,4423
2024-01-09 03:00:00,1.0776969938894738,1.0781220338088278,1.077609047677819,1.0780846594799955,4897
2024-01-09 04:00:00,1.0780846594799955,1.0791348207584603,1.0777875474053882,1.0789284518505666,4123
2024-01-09 05:00:00,1.0789284518505666,1.0793771677070672,1.0787153557755536,1.079360710909212,494
2024-01-09 06:00:00,1.079360710909212,1.079997920272654,1.0792881431971242,1.07953814064793,9528
2024-01-09 07:00:00,1.07953814064793,1.0800845248847906,1.0794335686424994,1.0797686104556443,1959
2024-01-09 08:00:00,1.0797686104556443,1.080037500557851,1.0792669934747936,1.0794507238640905,6541
2024-01-09 09:00:00,1.0794507238640905,1.0794576608415678,1.0786135262245689,1.078660369171076,5644
2024-01-09 10:00:00,1.078660369171076,1.079370646322715,1.078617571402231,1.0791737818430198,1120
2024-01-09 11:00:00,1.0791737818430198,1.0795903582624324,1.0790972998937831,1.07936581385812,7004
2024-01-09 12:00:00,1.07936581385812,1.0796731884736566,1.0788747538301378,1.079615354744875,3572
2024-01-09 13:00:00,1.079615354744875,1.07973998285016,1.0789882708366694,1.0790993662605015,7847
2024-01-09 14:00:00,1.0790993662605015,1.0794247364381868,1.0789852170017515,1.0791406355885889,5617
2024-01-09 15:00:00,1.0791406355885889,1.079251080197445,1.0787178044132386,1.0788443907767897,6469
2024-01-09 16:00:00,1.0788443907767897,1.0791538918170558,1.0781043543670548,1.0784635299016738,432
2024-01-09 17:00:00,1.0784635299016738,1.0785207029798187,1.0779410214624734,1.0780079128204707,4525
2024-01-09 18:00:00,1.0780079128204707,1.0790486208687657,1.077848253371563,1.079013231423267,9580
2024-01-09 19:00:00,1.079013231423267,1.0790198568178417,1.077673820179149,1.0780327317518525,7159
2024-01-09 20:00:00,1.0780327317518525,1.0780360163310672,1.077588685434231,1.0778263640889205,975
2024-01-09 21:00:00,1.0778263640889205,1.079114653070231,1.0776175319135066,1.0790167651817273,5940
2024-01-09 22:00:00,1.0790167651817273,1.080099486114875,1.07894490676357,1.0799827004778098,2388
2024-01-09 23:00:00,1.0799827004778098,1.0808252217055723,1.0798812456715883,1.0806611252693328,4779
2024-01-10 00:00:00,1.0806611252693328,1.0818932611210994,1.0805313832918149,1.0816168293228918,4796
2024-01-10 01:00:00,1.0816168293228918,1.0818581311161934,1.0814109345694651,1.0815743217036626,6716
2024-01-10 02:00:00,1.0815743217036626,1.0816520829315392,1.0813186313311411,1.0816463339669522,6200
2024-01-10 03:00:00,1.0816463339669522,1.0820369915940875,1.0814970832537467,1.0817650203658915,4882
2024-01-10 04:00:00,1.0817650203658915,1.082878015534984,1.0817211903003587,1.0828164598879935,5825
2024-01-10 05:00:00,1.0828164598879935,1.083483234961605,1.0827606555828393,1.0834641758551276,5680
2024-01-10 06:00:00,1.0834641758551276,1.0839437061347943,1.0834253578565478,1.0838544194118842,4586
2024-01-10 07:00:00,1.0838544194118842,1.0841293381658526,1.0837143952488963,1.0841027442310232,1178
2024-01-10 08:00:00,1.0841027442310232,1.0843671916857411,1.0840273018560103,1.084255407316287,7318
2024-01-10 09:00:00,1.084255407316287,1.0851940491209218,1.0838791759023987,1.0850830092155832,4685
2024-01-10 10:00:00,1.0850830092155832,1.085171012105594,1.083481501006425,1.0835819118512955,1455
2024-01-10 11:00:00,1.0835819118512955,1.0836306719940498,1.0831463472642988,1.0832591629904462,6117
2024-01-10 12:00:00,1.0832591629904462,1.083389203226038,1.082829684575532,1.082849519748288,8286
2024-01-10 13:00:00,1.082849519748288,1.0838070968954368,1.0827111381343117,1.0835019918612518,8561
2024-01-10 14:00:00,1.0835019918612518,1.0836049211426086,1.083431580781949,1.0835566739310374,4340
2024-01-10 15:00:00,1.0835566739310374,1.0835731041667158,1.083124759953309,1.0833482191196266,8880
2024-01-10 16:00:00,1.0833482191196266,1.083796547893248,1.0832586774076232,1.0836825944372017,9444
2024-01-10 17:00:00,1.0836825944372017,1.0845025505505361,1.083540793685684,1.0844632463165957,8666
2024-01-10 18:00:00,1.0844632463165957,1.0850186792000311,1.0841030582300135,1.0848834007396193,1746
2024-01-10 19:00:00,1.0848834007396193,1.0849090216226014,1.0842600268071907,1.0843962371386857,3172
2024-01-10 20:00:00,1.0843962371386857,1.0847292463299105,1.0840183289924965,1.0846400096432676,3538
2024-01-10 21:00:00,1.0846400096432676,1.0849567902079646,1.083454210298511,1.08360629322974,1751
2024-01-10 22:00:00,1.08360629322974,1.0843640362137503,1.0835967509585116,1.0841706409851244,5393
2024-01-10 23:00:00,1.0841706409851244,1.084471320645478,1.0836167476928475,1.0837922201509627,4780
2024-01-11 00:00:00,1.0837922201509627,1.0838338967125523,1.0832731677785923,1.0836815147522771,1850
2024-01-11 01:00:00,1.0836815147522771,1.0838818387542561,1.0832699415800342,1.0833261616386114,3071
2024-01-11 02:00:00,1.0833261616386114,1.0846227052814261,1.0832116450823401,1.0845084694834695,4289
2024-01-11 03:00:00,1.0845084694834695,1.0855803302655092,1.0843790821279284,1.0855684041915252,4842
2024-01-11 04:00:00,1.0855684041915252,1.08625487186518,1.0854413698311889,1.0860758332211746,1841
2024-01-11 05:00:00,1.0860758332211746,1.086735166327054,1.0860363133002362,1.086471687513927,9806
2024-01-11 06:00:00,1.086471687513927,1.087721901928265,1.0864321053572346,1.0873747091676318,3924
2024-01-11 07:00:00,1.0873747091676318,1.0874387786292707,1.0867781605982738,1.0868629937875542,3941
2024-01-11 08:00:00,1.0868629937875542,1.0869652329492192,1.086434539715832,1.086960362030767,6297
2024-01-11 09:00:00,1.086960362030767,1.0880494323391856,1.0869363557654235,1.088041831643552,7743
2024-01-11 10:00:00,1.088041831643552,1.0880935269014451,1.0877081148287766,1.0880420515939604,5167
2024-01-11 11:00:00,1.0880420515939604,1.0885674344377652,1.0877272542413023,1.0884707971453054,2461
2024-01-11 12:00:00,1.0884707971453054,1.0885156875090174,1.08711640180269,1.0873258214632124,2066
2024-01-11 13:00:00,1.0873258214632124,1.0883076686821227,1.0873181197693123,1.0880919325154363,8651
2024-01-11 14:00:00,1.0880919325154363,1.0884172413212607,1.0877766540840395,1.088286776745578,9273
2024-01-11 15:00:00,1.088286776745578,1.0896662311931302,1.0882076160388905,1.0895411186528283,4732
2024-01-11 16:00:00,1.0895411186528283,1.090005830457545,1.0894067939792407,1.089895769426776,493
2024-01-11 17:00:00,1.089895769426776,1.0903743240702746,1.0898216465603587,1.0902656040393557,9671
2024-01-11 18:00:00,1.0902656040393557,1.09049535717943,1.0894069549807943,1.0897548977365499,147
2024-01-11 19:00:00,1.0897548977365499,1.090013834031694,1.0889595136304269,1.0891916789879026,9747
2024-01-11 20:00:00,1.0891916789879026,1.0892010631036784,1.0889551033367018,1.0890505115021465,2848
2024-01-11 21:00:00,1.0890505115021465,1.089249764866036,1.0885747376924557,1.088673489009088,2388
2024-01-11 22:00:00,1.088673489009088,1.0889736409672148,1.0875166367776792,1.087686681126102,7148
2024-01-11 23:00:00,1.087686681126102,1.0877510081363453,1.086968075528834,1.087383425125546,7662
2024-01-12 00:00:00,1.087383425125546,1.087937745130293,1.0873356672937409,1.0877316884394865,1309
2024-01-12 01:00:00,1.0877316884394865,1.0877460086913693,1.0875196104492528,1.0875270548965548,1264
2024-01-12 02:00:00,1.0875270548965548,1.0880865136324076,1.087510911580533,1.0879399856169645,8174
2024-01-12 03:00:00,1.0879399856169645,1.088123251151905,1.0872616122372176,1.0873309099323971,9372
2024-01-12 04:00:00,1.0873309099323971,1.0877485848733532,1.086901146093362,1.086929064018993,4645
2024-01-12 05:00:00,1.086929064018993,1.0873151135953225,1.0867183809063583,1.08719255881431,8145
2024-01-12 06:00:00,1.08719255881431,1.0875162222019925,1.0871490722396742,1.0874780857218398,3639
2024-01-12 07:00:00,1.0874780857218398,1.088143302730588,1.0874050935213466,1.0881132189495593,9995
2024-01-12 08:00:00,1.0881132189495593,1.0894425560188317,1.0879030880703577,1.0894023362094887,3511
2024-01-12 09:00:00,1.0894023362094887,1.09052054303926,1.0891737352269426,1.0903927969948541,1637
2024-01-12 10:00:00,1.0903927969948541,1.0909692099856891,1.0902419418248503,1.0909086828926413,6169
2024-01-12 11:00:00,1.0909086828926413,1.0910459010145166,1.0908242987417942,1.0909816295714265,7109
2024-01-12 12:00:00,1.0909816295714265,1.092059502353934,1.090788812137769,1.0920106710268758,9617
2024-01-12 13:00:00,1.0920106710268758,1.0923777790391636,1.0918704364784135,1.0922582990251937,282
2024-01-12 14:00:00,1.0922582990251937,1.0925769304807245,1.0922331837344994,1.092546919363318,1633
2024-01-12 15:00:00,1.092546919363318,1.092766174380697,1.0921698124649069,1.0924578226414257,255
2024-01-12 16:00:00,1.0924578226414257,1.0932498277475131,1.0920271446187049,1.0930515492776218,5911
2024-01-12 17:00:00,1.0930515492776218,1.093379952309649,1.0920668593087492,1.0922688227266177,9684
2024-01-12 17:00:00,1.0922688227266177,1.092827777927183,1.092203856449916,1.0926314248297848,4984
2024-01-12 18:00:00,1.0926314248297848,1.0929093393231375,1.091688173595041,1.0920172533444323,8077
2024-01-12 18:00:00,1.0920172533444323,1.093652063075094,1.0919044715204218,1.093375208511392,6256
2024-01-12 19:00:00,1.093375208511392,1.0941324190802681,1.093318970226598,1.0939806333623108,5520
2024-01-12 19:00:00,1.0939806333623108,1.0941682309635343,1.0939244983469374,1.094017438045761,957
2024-01-12 20:00:00,1.094017438045761,1.0942151562671911,1.0928387340612633,1.0930594519247065,5374
2024-01-12 20:00:00,1.0930594519247065,1.0937982476080874,1.092745351803982,1.093614584286887,4107
2024-01-12 21:00:00,1.093614584286887,1.0938110817655946,1.093337527961475,1.0933824545914743,4958
2024-01-12 21:00:00,1.0933824545914743,1.0934035296927036,1.0930990818772794,1.093365886976263,4778
2024-01-12 22:00:00,1.093365886976263,1.0936844857229693,1.093054282360975,1.0931423773085671,6139
2024-01-12 22:00:00,1.0931423773085671,1.0933579690256834,1.0928695492225724,1.0933131861988705,5076
2024-01-12 23:00:00,1.0933131861988705,1.093337645699477,1.093132497512661,1.0932411571184684,1799
2024-01-12 23:00:00,1.0932411571184684,1.0934219360413264,1.0931085769349582,1.093281537703765,6934
2024-01-13 00:00:00,1.093281537703765,1.0935303103508434,1.09295043034721,1.093089011386769,9005
2024-01-13 01:00:00,1.093089011386769,1.0931480013224275,1.0927406530820005,1.0929902014965354,2185
2024-01-13 02:00:00,1.0929902014965354,1.0931572709071873,1.0922849569250406,1.0927139867505953,1551
2024-01-13 03:00:00,1.0927139867505953,1.0928407421267816,1.0920843021742095,1.0921670619936998,7528
2024-01-13 04:00:00,1.0921670619936998,1.0921758242880957,1.0919943086158659,1.0920237090161915,1497
2024-01-13 05:00:00,1.0920237090161915,1.0933860463303386,1.0917497484202756,1.093274547973337,6274
2024-01-13 06:00:00,1.093274547973337,1.0942334918864989,1.0929467246122482,1.094072756972905,8716
2024-01-13 07:00:00,1.094072756972905,1.094922986776636,1.0937470776482792,1.0948091901607988,1128
2024-01-13 08:00:00,1.0948091901607988,1.0949255263435886,1.094332209052422,1.0945351603985605,790
2024-01-13 09:00:00,1.0945351603985605,1.0945419770922122,1.0936243156081904,1.093778310254402,7998
2024-01-13 10:00:00,1.093778310254402,1.093844486300845,1.0932292910106212,1.093395996802943,8063
2024-01-13 11:00:00,1.093395996802943,1.0936415306014375,1.0921871690077347,1.092429097211473,4110
2024-01-13 12:00:00,1.092429097211473,1.093621382491544,1.0924179433959413,1.0934803801203923,3679
2024-01-13 13:00:00,1.0934803801203923,1.0939187007288034,1.0932962454017765,1.093810949530314,299
2024-01-13 14:00:00,1.093810949530314,1.093833194742584,1.0932592692809064,1.0934400508091995,5492
2024-01-13 15:00:00,1.0934400508091995,1.0936620409227464,1.093318223185018,1.0934437788986275,9067
2024-01-13 16:00:00,1.0934437788986275,1.0936863984386234,1.0927148318616637,1.0927431752443917,325
2024-01-13 17:00:00,1.0927431752443917,1.0941781204966607,1.0926813519515512,1.0941397106733628,4666
2024-01-13 18:00:00,1.0941397106733628,1.0943047243549733,1.093948370210004,1.0941631026196355,2165
2024-01-13 19:00:00,1.0941631026196355,1.0945303436942562,1.0931949121651146,1.093296510430497,8920
2024-01-13 20:00:00,1.093296510430497,1.0933742261514032,1.0914890175939973,1.0919876174974839,140
2024-01-13 21:00:00,1.0919876174974839,1.0922757407138772,1.0919678395668457,1.0922593748421676,2191
2024-01-13 22:00:00,1.0922593748421676,1.0927200585815136,1.0921950352809284,1.0926665801186992,2344
2024-01-13 23:00:00,1.0926665801186992,1.0927015720700384,1.092476010678091,1.0926271597099897,8590
2024-01-14 00:00:00,1.0926271597099897,1.0926327959414635,1.0926243207390693,1.0926261445383982,6162
2024-01-14 01:00:00,1.0926261445383982,1.0933803797477601,1.0924625912785582,1.093375374356011,8750
2024-01-14 02:00:00,1.093375374356011,1.0943208150733075,1.093113007109541,1.0943187445493388,978
2024-01-14 03:00:00,1.0943187445493388,1.0944406469897705,1.0935987529932516,1.0936361472538487,9080
2024-01-14 04:00:00,1.0936361472538487,1.0938554060675785,1.0935388469250835,1.0938413063119667,7503
2024-01-14 05:00:00,1.0938413063119667,1.0940291733907306,1.0931998928931355,1.0932287104042797,3995
2024-01-14 06:00:00,1.0932287104042797,1.0935348605707484,1.0925208760711398,1.0927646284414791,8674
2024-01-14 07:00:00,1.0927646284414791,1.0931668421426746,1.0926972112472555,1.093137108651234,1550
2024-01-14 08:00:00,1.093137108651234,1.0932147440149422,1.0926689656603146,1.0927030489047898,5473
2024-01-14 09:00:00,1.0927030489047898,1.0928795650448688,1.0924649196498324,1.0927921774109195,2695
2024-01-14 10:00:00,1.0927921774109195,1.0933353902136183,1.0926053134286717,1.0928246059866378,3689
2024-01-14 11:00:00,1.0928246059866378,1.0930586285918495,1.0916440443949464,1.0920044404824625,8621
2024-01-14 12:00:00,1.0920044404824625,1.0926644861296433,1.0914862320240335,1.0925491840494979,5009
2024-01-14 13:00:00,1.0925491840494979,1.0928449663632527,1.0923429370153634,1.0923796089993192,6725
2024-01-14 14:00:00,1.0923796089993192,1.0925854108563164,1.0921849952111429,1.0925614947826336,7799
2024-01-14 15:00:00,1.0925614947826336,1.0931690659348001,1.092374841190819,1.0931636050268982,9311
2024-01-14 16:00:00,1.0931636050268982,1.0931981942388829,1.092289211763238,1.0926315534592663,5641
2024-01-14 17:00:00,1.0926315534592663,1.092925787524765,1.0913116987334228,1.0913535634688531,8070
2024-01-14 18:00:00,1.0913535634688531,1.0914746865768006,1.0909641455641763,1.0913293475068857,5381
2024-01-14 19:00:00,1.0913293475068857,1.091971399312142,1.091208204522285,1.091539937669489,3921
2024-01-14 20:00:00,1.091539937669489,1.0923037190842098,1.0912276354301436,1.09204337082633,1927
2024-01-14 21:00:00,1.09204337082633,1.0921353652549177,1.0916788874461407,1.0918144305200912,4211
2024-01-14 22:00:00,1.0918144305200912,1.0930317541675563,1.0917774944589183,1.0929586898572938,8911
2024-01-14 23:00:00,1.0929586898572938,1.0931987726388828,1.0917729710755684,1.0919043499313625,788
2024-01-15 00:00:00,1.0919043499313625,1.092141490762295,1.0913652057433492,1.0915089964054823,919
2024-01-15 01:00:00,1.0915089964054823,1.0920895602510505,1.0912087296750912,1.0918051981177022,6316
2024-01-15 02:00:00,1.0918051981177022,1.0920708369460719,1.0914360622244568,1.091547308226337,2351
2024-01-15 03:00:00,1.091547308226337,1.0926342053548788,1.0913617402007207,1.0925055017088028,2401
2024-01-15 04:00:00,1.0925055017088028,1.0929307932997754,1.092403934557545,1.0926250996144928,2760
2024-01-15 05:00:00,1.0926250996144928,1.093344146602113,1.092457257681025,1.0932711560562045,5748
2024-01-15 06:00:00,1.0932711560562045,1.0936823974821925,1.0918348816759906,1.092055523349135,5762
2024-01-15 07:00:00,1.092055523349135,1.0921170046886968,1.0916813028116863,1.0918444502541942,1054
2024-01-15 08:00:00,1.0918444502541942,1.0921570645237635,1.0917879342640966,1.0921236401810062,6553
2024-01-15 09:00:00,1.0921236401810062,1.0926130890608754,1.0919766646237963,1.0925148940705478,4041
2024-01-15 10:00:00,1.0925148940705478,1.0932982434478304,1.0922555276809567,1.0932620391360897,4848
2024-01-15 11:00:00,1.0932620391360897,1.0933730446002483,1.0931447663323386,1.0932673212638984,7512
2024-01-15 12:00:00,1.0932673212638984,1.0940133843527498,1.0929268782749713,1.09395161775023,1347
2024-01-15 13:00:00,1.09395161775023,1.095050674568739,1.093599465198399,1.0949375726396127,5586
2024-01-15 14:00:00,1.0949375726396127,1.0957335932813925,1.0948029363693588,1.095475642730576,9565
2024-01-15 15:00:00,1.095475642730576,1.0955174473820333,1.0948277814800784,1.0949978855709204,6986
2024-01-15 16:00:00,1.0949978855709204,1.0953318664717906,1.0947949010173381,1.0948738353233027,112
2024-01-15 17:00:00,1.0948738353233027,1.0951131616206318,1.094243682595766,1.0943656391766299,7575
2024-01-15 18:00:00,1.0943656391766299,1.0945226188392463,1.0941679137099496,1.0942975697967183,4805
2024-01-15 19:00:00,1.0942975697967183,1.0945470610032482,1.0942100781366537,1.0943695625676877,2339
2024-01-15 20:00:00,1.0943695625676877,1.0949882688758548,1.0942896353305647,1.0946428761056082,797
2024-01-15 21:00:00,1.0946428761056082,1.0953562241283719,1.0942907143432121,1.0950725509817854,2166
2024-01-15 22:00:00,1.0950725509817854,1.095182922610964,1.0941407906141425,1.0946524304712761,7014
2024-01-15 23:00:00,1.0946524304712761,1.0949608524617898,1.0940034365837141,1.094404655161346,4774
2024-01-16 00:00:00,1.094404655161346,1.0961347071385559,1.0942861497715057,1.0959298946333935,2173
2024-01-16 01:00:00,1.0959298946333935,1.09633927997476,1.0959292197419113,1.0961756401980756,3312
2024-01-16 02:00:00,1.0961756401980756,1.0963149176875668,1.0957427083222475,1.0959337693639617,3913
2024-01-16 03:00:00,1.0959337693639617,1.0966967854135667,1.0958950374721057,1.09646844759074,1150
2024-01-16 04:00:00,1.09646844759074,1.0964849837279085,1.0954375850747844,1.0954619345764611,2252
2024-01-16 05:00:00,1.0954619345764611,1.0967034981375454,1.0950911160631942,1.0964986607726797,7789
2024-01-16 06:00:00,1.0964986607726797,1.0974053247801387,1.096306772925335,1.0973600279603688,5887
2024-01-16 07:00:00,1.0973600279603688,1.0978916046006035,1.0970513792547143,1.0975146873394166,3189
2024-01-16 08:00:00,1.0975146873394166,1.0975428645887988,1.0965245590805424,1.0968782469536549,3741
2024-01-16 09:00:00,1.0968782469536549,1.0971005806829364,1.0965593063402015,1.0970073733825627,273
2024-01-16 10:00:00,1.0970073733825627,1.0973482157610432,1.0964329209399064,1.0971142323939012,9716
2024-01-16 11:00:00,1.0971142323939012,1.0980151612030946,1.0970228131425839,1.097682909360185,7354
2024-01-16 12:00:00,1.097682909360185,1.0978825864480226,1.0974468648512303,1.0975072232311942,4003
2024-01-16 13:00:00,1.0975072232311942,1.0983520780817961,1.097466488481159,1.0983320472665001,7610
2024-01-16 14:00:00,1.0983320472665001,1.0983773430448804,1.0975044250441457,1.0975778981455089,548
2024-01-16 15:00:00,1.0975778981455089,1.0981138022894283,1.0975236734253004,1.0978152645756365,9742
2024-01-16 16:00:00,1.0978152645756365,1.098300112627691,1.0973811047328044,1.0975579138120766,5935
2024-01-16 17:00:00,1.0975579138120766,1.097883513508389,1.0974547259685357,1.0978701153649442,881
2024-01-16 18:00:00,1.0978701153649442,1.0980289683008686,1.0965877423902404,1.0968386002748742,3668
2024-01-16 19:00:00,1.0968386002748742,1.0969318862713608,1.0965465506319656,1.0965536789284251,8463
2024-01-16 20:00:00,1.0965536789284251,1.0967005972437847,1.0958897211213596,1.0960517716087625,2383
2024-01-16 21:00:00,1.0960517716087625,1.0967430161474758,1.096039435638793,1.0965398517836802,532
2024-01-16 22:00:00,1.0965398517836802,1.097038727333371,1.0964664462158635,1.0970034390223156,5235
2024-01-16 23:00:00,1.0970034390223156,1.0972178668247128,1.0959940603789977,1.0965783304756966,5045
2024-01-17 00:00:00,1.0965783304756966,1.097588125666966,1.0963763843347547,1.0971155391798575,5805
2024-01-17 01:00:00,1.0971155391798575,1.098137011396237,1.0969699385916116,1.0981328526547018,1959
2024-01-17 02:00:00,1.0981328526547018,1.0986150424475147,1.0979730142533717,1.0984858496116898,9642
2024-01-17 03:00:00,1.0984858496116898,1.0985103836748888,1.097582086578255,1.097907022269949,4019
2024-01-17 04:00:00,1.097907022269949,1.098060104285068,1.0975943841082096,1.0980017420312849,6490
2024-01-17 05:00:00,1.0980017420312849,1.0984975101439802,1.097363120517716,1.098461414161262,648
2024-01-17 06:00:00,1.098461414161262,1.0985466856805033,1.0981485503622777,1.098378239504117,5160
2024-01-17 07:00:00,1.098378239504117,1.098562085291032,1.0978333718676507,1.0979670006847586,3674
2024-01-17 08:00:00,1.0979670006847586,1.0994411190667237,1.0977107974124116,1.0993516546875919,266
2024-01-17 09:00:00,1.0993516546875919,1.0997676383383226,1.0991823833565937,1.0996706917748638,3612
2024-01-17 10:00:00,1.0996706917748638,1.0997376468412852,1.0995763914071652,1.0996571210998136,2500
2024-01-17 11:00:00,1.0996571210998136,1.1000696260836622,1.09905869661089,1.0992722031937407,3270
2024-01-17 12:00:00,1.0992722031937407,1.0997676604778894,1.0991817288344907,1.0997517321996404,9939
2024-01-17 13:00:00,1.0997517321996404,1.0997891610526414,1.0991122051755386,1.0993093511746745,3289
2024-01-17 14:00:00,1.0993093511746745,1.1009324446602107,1.099244191911358,1.100816518025568,2721
2024-01-17 15:00:00,1.100816518025568,1.1008842147942604,1.1007482940618405,1.1008073743438682,5258
2024-01-17 16:00:00,1.1008073743438682,1.1015370289036053,1.1005793986316423,1.1013357203905494,3501
2024-01-17 17:00:00,1.1013357203905494,1.1024468740023747,1.1012141559931306,1.102022503022573,6566
2024-01-17 18:00:00,1.102022503022573,1.1029299628599085,1.1019215480383273,1.1027301024134495,6272
2024-01-17 19:00:00,1.1027301024134495,1.1034227498718974,1.1026567375310865,1.1033749634520635,642
2024-01-17 20:00:00,1.1033749634520635,1.1036980385899575,1.1027895461660948,1.1028540102599371,9631
2024-01-17 21:00:00,1.1028540102599371,1.1042286885032715,1.1027676861973934,1.1040290263236419,8242
2024-01-17 22:00:00,1.1040290263236419,1.1044251246477392,1.1039641544672976,1.1042443842755931,8859
2024-01-17 23:00:00,1.1042443842755931,1.104337307735053,1.103947132982992,1.1039873649141665,3638
2024-01-18 00:00:00,1.1039873649141665,1.1041758377166693,1.103892384182842,1.1040584989563742,7112
2024-01-18 01:00:00,1.1040584989563742,1.104119454886253,1.1036707131565626,1.1040941789703438,2040
2024-01-18 02:00:00,1.1040941789703438,1.1041969605402755,1.1032820560704757,1.1033179724268636,8217
2024-01-18 03:00:00,1.1033179724268636,1.1038007762335849,1.1030960324584724,1.1036738319398725,6442
2024-01-18 04:00:00,1.1036738319398725,1.1039551327697392,1.1032938555528935,1.1038206180294987,1860
2024-01-18 05:00:00,1.1038206180294987,1.1040420341633561,1.103401143431852,1.1034252196646428,5873
2024-01-18 06:00:00,1.1034252196646428,1.1035322853018337,1.1024894600082649,1.1025075666647257,4045
2024-01-18 07:00:00,1.1025075666647257,1.1028959876692876,1.1024204693906117,1.1027540973058598,2801
2024-01-18 08:00:00,1.1027540973058598,1.1030994276615036,1.1026310238090573,1.1029516655653262,1128
2024-01-18 09:00:00,1.1029516655653262,1.103058858254349,1.102634037549593,1.1027956491092494,6410
2024-01-18 10:00:00,1.1027956491092494,1.1036515267976366,1.1027257857500259,1.1036068336011622,4580
2024-01-18 11:00:00,1.1036068336011622,1.1037668219815506,1.1031730006580165,1.1034962627797038,3803
2024-01-18 12:00:00,1.1034962627797038,1.1036863242980985,1.102219801360742,1.1025619240352584,7359
2024-01-18 13:00:00,1.1025619240352584,1.1025759344678812,1.1022166508712588,1.1024490265317803,841
2024-01-18 14:00:00,1.1024490265317803,1.1026440660577368,1.1019169902484864,1.1020172090824745,2334
2024-01-18 15:00:00,1.1020172090824745,1.10299379408308,1.1018816340185682,1.1024531476244803,1713
2024-01-18 16:00:00,1.1024531476244803,1.1025553881443853,1.1012129437648852,1.1014876754739178,3636
2024-01-18 17:00:00,1.1014876754739178,1.1020498346629437,1.101224692583201,1.101727379011346,657
2024-01-18 18:00:00,1.101727379011346,1.1028916792113512,1.1014069858489666,1.1028765924835708,7530
2024-01-18 19:00:00,1.1028765924835708,1.1033107810270704,1.1024272596289304,1.1024624367914169,6162
2024-01-18 20:00:00,1.1024624367914169,1.102722001861961,1.1021234265833306,1.1027132813726865,9659
2024-01-18 21:00:00,1.1027132813726865,1.1028617754898262,1.1021708878763647,1.102434892378609,957
2024-01-18 22:00:00,1.102434892378609,1.1025207528235124,1.1019474762584456,1.1020859604544204,1910
2024-01-18 23:00:00,1.1020859604544204,1.1023869045292267,1.1011320671542486,1.1012840783469866,2456
2024-01-19 00:00:00,1.1012840783469866,1.1013459201623965,1.100698025299737,1.100848456580855,4165
2024-01-19 01:00:00,1.100848456580855,1.1018424002088767,1.1008254513650255,1.1014673657149476,3606
2024-01-19 02:00:00,1.1014673657149476,1.1016441916875865,1.1013169718485998,1.101601552361939,4487
2024-01-19 03:00:00,1.101601552361939,1.1018167537896586,1.1011590245664251,1.1011632868961596,7430
2024-01-19 04:00:00,1.1011632868961596,1.1023322313775876,1.100860544017637,1.1021905500242055,9038
2024-01-19 05:00:00,1.1021905500242055,1.1022439753544078,1.1005718407481664,1.1006735857528123,7035
2024-01-19 06:00:00,1.1006735857528123,1.100770197963149,1.100070127079289,1.1000994856816861,340
2024-01-19 07:00:00,1.1000994856816861,1.101336521852769,1.0999212472366031,1.101282815723188,5120
2024-01-19 08:00:00,1.101282815723188,1.1013250417709535,1.0996634503463207,1.099860886251751,8012
2024-01-19 09:00:00,1.099860886251751,1.0999058574481126,1.0996846084924716,1.0998146090086363,1252
2024-01-19 10:00:00,1.0998146090086363,1.1002717973191514,1.099532422532687,1.1000537175036629,9244
2024-01-19 11:00:00,1.1000537175036629,1.1001953603883141,1.0999596183818936,1.1000062616081463,4039
2024-01-19 12:00:00,1.1000062616081463,1.1007482794542893,1.0999339609031051,1.1006257919793612,2674
2024-01-19 13:00:00,1.1006257919793612,1.10063243797749,1.0999911586480893,1.1000327820195437,3400
2024-01-19 14:00:00,1.1000327820195437,1.1001425270010918,1.0993230397517573,1.0993416087319854,4937
2024-01-19 15:00:00,1.0993416087319854,1.0995947503001584,1.0989178663381394,1.0990911013077822,8467
2024-01-19 16:00:00,1.0990911013077822,1.0998945203895925,1.0987360391292602,1.0997652749276237,7047
2024-01-19 17:00:00,1.0997652749276237,1.0999653913912322,1.0992786034842332,1.0994127275260486,7001
2024-01-19 17:00:00,1.0994127275260486,1.1001539996307699,1.0993606631582944,1.1000962609049139,1176
2024-01-19 18:00:00,1.1000962609049139,1.1004492317092986,1.0997465545102663,1.1002905339651883,434
2024-01-19 18:00:00,1.1002905339651883,1.100666413047099,1.1000651929378227,1.1004599038062306,6536
2024-01-19 19:00:00,1.1004599038062306,1.1006810447399278,1.0996815735764913,1.099724557782549,1830
2024-01-19 19:00:00,1.099724557782549,1.1000750292535577,1.099445421020391,1.0998129675043338,5355
2024-01-19 20:00:00,1.0998129675043338,1.100149655142778,1.0992741860218282,1.0994353600351274,3953
2024-01-19 20:00:00,1.0994353600351274,1.1007460593365488,1.099316867183297,1.1004991895621727,1824
2024-01-19 21:00:00,1.1004991895621727,1.1007396422578761,1.10041437735328,1.1005777215538919,902
2024-01-19 21:00:00,1.1005777215538919,1.1006869784034927,1.1003114846850635,1.1003127691390255,1011
2024-01-19 22:00:00,1.1003127691390255,1.1003304417308666,1.0999630738490918,1.1000370760550682,3167
2024-01-19 22:00:00,1.1000370760550682,1.1005350586402047,1.0999779799914624,1.1004228747506164,7121
2024-01-19 23:00:00,1.1004228747506164,1.100931340564724,1.1003489463121767,1.1006967156372067,8627
2024-01-19 23:00:00,1.1006967156372067,1.1011002502018776,1.1004713621434248,1.100786074971464,8287
2024-01-20 00:00:00,1.100786074971464,1.101132577971361,1.0997304658397646,1.1001767258690032,4432
2024-01-20 01:00:00,1.1001767258690032,1.1010538019948621,1.1000681911090564,1.1006935904480315,2115
2024-01-20 02:00:00,1.1006935904480315,1.1007272192117485,1.09996118551375,1.1000556036292894,3759
2024-01-20 03:00:00,1.1000556036292894,1.1002701522344374,1.0991664843976245,1.0992143337704467,498
2024-01-20 04:00:00,1.0992143337704467,1.1005577197232927,1.0991571329260708,1.1000516622187435,4197
2024-01-20 05:00:00,1.1000516622187435,1.1015499929950137,1.0999523223740961,1.1013040830761232,8169
2024-01-20 06:00:00,1.1013040830761232,1.1018329517455265,1.1007128419221321,1.1010134359878112,115
2024-01-20 07:00:00,1.1010134359878112,1.1015253421022027,1.100993839357117,1.1013081848372148,4474
2024-01-20 08:00:00,1.1013081848372148,1.1014028256649921,1.1012395463821154,1.1013490002767432,5570
2024-01-20 09:00:00,1.1013490002767432,1.1016451682597475,1.1013431477140063,1.101569748180967,6613
2024-01-20 10:00:00,1.101569748180967,1.1025281684169992,1.1013173638808242,1.102173561923358,1676
2024-01-20 11:00:00,1.102173561923358,1.1022926941821667,1.1011839559688024,1.1014588435874366,8669
2024-01-20 12:00:00,1.1014588435874366,1.1016700549492497,1.1012754362182038,1.1013200840010295,5274
2024-01-20 13:00:00,1.1013200840010295,1.101489016392243,1.1011910408838395,1.1013847919065671,5585
2024-01-20 14:00:00,1.1013847919065671,1.1017604167307413,1.1013545372498363,1.10172094904668,9671
2024-01-20 15:00:00,1.10172094904668,1.1021076151337563,1.101132871319747,1.1019889037893003,6015
2024-01-20 16:00:00,1.1019889037893003,1.1024190162461969,1.1019112000986824,1.1024152744949076,9045
2024-01-20 17:00:00,1.1024152744949076,1.1035034351521944,1.1023338640374827,1.1033488596186296,1407
2024-01-20 18:00:00,1.1033488596186296,1.1034742030635476,1.1021842797346484,1.102356758429125,9950
2024-01-20 19:00:00,1.102356758429125,1.103197398150682,1.1022535227717019,1.1030523789933124,4632
2024-01-20 20:00:00,1.1030523789933124,1.103212460898358,1.102691256059924,1.1028421143258866,7206
2024-01-20 21:00:00,1.1028421143258866,1.1038029403959062,1.1026280842782235,1.1037326507543979,6013
2024-01-20 22:00:00,1.1037326507543979,1.1037652641471867,1.1032776299395488,1.1034266104685102,4874
2024-01-20 23:00:00,1.1034266104685102,1.1035850944527101,1.1029452766979664,1.103006869003894,6314
2024-01-21 00:00:00,1.103006869003894,1.1030071100989665,1.1018702996860406,1.102033717412254,153
2024-01-21 01:00:00,1.102033717412254,1.103029059778913,1.101881172456541,1.102707547806039,5595
2024-01-21 02:00:00,1.102707547806039,1.1028734427744253,1.1019343878883152,1.1019731531160697,3742
2024-01-21 03:00:00,1.1019731531160697,1.1021002367221115,1.1009177036729967,1.1011655553519675,179
2024-01-21 04:00:00,1.1011655553519675,1.101562924204139,1.1009037912721436,1.1012907924849713,6064
2024-01-21 05:00:00,1.1012907924849713,1.1016508947212735,1.0994416734431087,1.0996894627136966,5709
2024-01-21 06:00:00,1.0996894627136966,1.0998508872330242,1.099448448928121,1.099643158168062,7303
2024-01-21 07:00:00,1.099643158168062,1.1002844736169153,1.0990912261602797,1.1000724316354156,7523
2024-01-21 08:00:00,1.1000724316354156,1.1001260325221143,1.0997186164544377,1.1001209176596758,385
2024-01-21 09:00:00,1.1001209176596758,1.1002257353392626,1.0995738477264163,1.099604318700823,9868
2024-01-21 10:00:00,1.099604318700823,1.0996043601138068,1.0995207116610564,1.0995225717252841,9235
2024-01-21 11:00:00,1.0995225717252841,1.0996875913782176,1.099220687945597,1.099394113988739,8063
2024-01-21 12:00:00,1.099394113988739,1.0996632881734338,1.0987689398534757,1.0989327914254199,8066
2024-01-21 13:00:00,1.0989327914254199,1.0990125222661744,1.0988940734431463,1.098960010000374,327
2024-01-21 14:00:00,1.098960010000374,1.0994609832318438,1.0989393656497874,1.099382890261858,2076
2024-01-21 15:00:00,1.099382890261858,1.0998706536935134,1.0993103194889504,1.0993371753213876,2318
2024-01-21 16:00:00,1.0993371753213876,1.1006183829754266,1.0990899491770263,1.1004253034785083,9812
2024-01-21 17:00:00,1.1004253034785083,1.100663376854188,1.100362088907303,1.100539846475101,3416
2024-01-21 18:00:00,1.100539846475101,1.1013046772887605,1.1004498086221308,1.1012767880336243,2084
2024-01-21 19:00:00,1.1012767880336243,1.101765104221538,1.1008175518429968,1.1014763332583113,3564
2024-01-21 20:00:00,1.1014763332583113,1.1015779612978407,1.1007408271018781,1.1007703831656417,3823
2024-01-21 21:00:00,1.1007703831656417,1.1010665489972384,1.1007102882937194,1.101001200044318,2445
2024-01-21 22:00:00,1.101001200044318,1.1012090224018019,1.100953045057372,1.100968197914679,6700
2024-01-21 23:00:00,1.100968197914679,1.101294645006113,1.100804619983074,1.1009838932529097,1560
2024-01-22 00:00:00,1.1009838932529097,1.1011578258691646,1.1006687052892867,1.1008937922461697,7613
2024-01-22 01:00:00,1.1008937922461697,1.1010739163930992,1.1006545613153826,1.1007822397005043,4673
2024-01-22 02:00:00,1.1007822397005043,1.1009100213545184,1.1007496811192898,1.1008011985540955,1308
2024-01-22 03:00:00,1.1008011985540955,1.1009493634231795,1.1003907503890156,1.10049339310231,3895
2024-01-22 04:00:00,1.10049339310231,1.101005859834069,1.1000017551070196,1.1000399606595397,2608
2024-01-22 05:00:00,1.1000399606595397,1.1016303655641448,1.099987382493698,1.101626513488198,1767
2024-01-22 06:00:00,1.101626513488198,1.1020565062841752,1.1014036491492643,1.1018203437211134,9788
2024-01-22 07:00:00,1.1018203437211134,1.1025401839665416,1.1018164203895746,1.1024524888187797,7839
2024-01-22 08:00:00,1.1024524888187797,1.1030905721565136,1.1023377684642002,1.1030197640143253,6639
2024-01-22 09:00:00,1.1030197640143253,1.1038369840057283,1.1027262589611748,1.1035891625905976,9723
2024-01-22 10:00:00,1.1035891625905976,1.103732238206812,1.103540371951016,1.103697569873938,7103
2024-01-22 11:00:00,1.103697569873938,1.1043885310525503,1.1035318704689818,1.104068350256855,9221
2024-01-22 12:00:00,1.104068350256855,1.1041035211377412,1.103135446342482,1.1034677403756277,6777
2024-01-22 13:00:00,1.1034677403756277,1.1038083173705855,1.1033444680940199,1.103556284417551,3512
2024-01-22 14:00:00,1.103556284417551,1.1038126131765518,1.1031331863113734,1.1032447245235184,7806
2024-01-22 15:00:00,1.1032447245235184,1.1033443688732179,1.1024858274185607,1.102713857226265,4409
2024-01-22 16:00:00,1.102713857226265,1.1034123153871278,1.102462341654482,1.1032501438848858,6640
2024-01-22 17:00:00,1.1032501438848858,1.103473526202497,1.1032349536801573,1.1032760592991793,8883
2024-01-22 18:00:00,1.1032760592991793,1.1034430878795052,1.1027325956594007,1.1031505034037397,465
2024-01-22 19:00:00,1.1031505034037397,1.1035552246475855,1.1023241924034726,1.1023255523723845,6011
2024-01-22 20:00:00,1.1023255523723845,1.102361630708737,1.1018286905883585,1.1021032602832939,2321
2024-01-22 21:00:00,1.1021032602832939,1.1023880517137838,1.1013387381823312,1.1013920686481782,372
2024-01-22 22:00:00,1.1013920686481782,1.101711693518555,1.1012583778577154,1.1013508123909317,3721
2024-01-22 23:00:00,1.1013508123909317,1.1020537510603392,1.1012184159553724,1.1020158098268171,3742
2024-01-23 00:00:00,1.1020158098268171,1.1023857661259144,1.101918235369843,1.1022574687441056,4685
2024-01-23 01:00:00,1.1022574687441056,1.1033333835875634,1.1019988141525314,1.1031894319991338,701
2024-01-23 02:00:00,1.1031894319991338,1.103486255204841,1.102747754631986,1.102818877301743,8903
2024-01-23 03:00:00,1.102818877301743,1.103068958848537,1.1025257821007335,1.1026466851660046,7578
2024-01-23 04:00:00,1.1026466851660046,1.1030782621906994,1.1025935095200743,1.1029842537611474,426
2024-01-23 05:00:00,1.1029842537611474,1.1034041981189806,1.1026727861189323,1.1027221912590814,9998
2024-01-23 06:00:00,1.1027221912590814,1.1028710296533815,1.1022748230004706,1.1023110678351142,4361
2024-01-23 07:00:00,1.1023110678351142,1.1026746992760563,1.1021909831219665,1.1023907786751537,3027
2024-01-23 08:00:00,1.1023907786751537,1.1025277046403057,1.1015376987000074,1.10169582381984,2208
2024-01-23 09:00:00,1.10169582381984,1.1019380582056961,1.1007601266505136,1.100906279474327,2064
2024-01-23 10:00:00,1.100906279474327,1.1009876867369124,1.1004624857913976,1.100599749482789,9501
2024-01-23 11:00:00,1.100599749482789,1.1012469464763166,1.1002869011604468,1.1008516583594135,4559
2024-01-23 12:00:00,1.1008516583594135,1.1019567099596355,1.1005855956342656,1.1017769531499708,9315
2024-01-23 13:00:00,1.1017769531499708,1.1020035914535207,1.1014747221639214,1.101978081629445,5401
2024-01-23 14:00:00,1.101978081629445,1.1022285603183277,1.1011024550206934,1.1011751813972184,1854
2024-01-23 15:00:00,1.1011751813972184,1.1020460125320897,1.101135391767859,1.1015251697607642,2181
2024-01-23 16:00:00,1.1015251697607642,1.102147148032825,1.1013109590248344,1.1018999915944607,6381
2024-01-23 17:00:00,1.1018999915944607,1.103025363138567,1.101836061229277,1.1026696456217655,7965
2024-01-23 18:00:00,1.1026696456217655,1.1027391809184732,1.1022679436810674,1.10236538939389,2175
2024-01-23 19:00:00,1.10236538939389,1.1025828385816627,1.101787764760603,1.1020049297863799,4128
2024-01-23 20:00:00,1.1020049297863799,1.1021381922865616,1.1019076403146049,1.1020001585731756,4301
2024-01-23 21:00:00,1.1020001585731756,1.102238980453785,1.100629689558243,1.100825922664471,1356
2024-01-23 22:00:00,1.100825922664471,1.1009826007663275,1.1006732824584193,1.1007235902356283,8487
2024-01-23 23:00:00,1.1007235902356283,1.1012129024563335,1.1005278186254719,1.100865122523574,6070
2024-01-24 00:00:00,1.100865122523574,1.1010312114048852,1.1005413336683938,1.100645836489447,4397
2024-01-24 01:00:00,1.100645836489447,1.1014696703453346,1.1003452204290949,1.1013395803268273,2256
2024-01-24 02:00:00,1.1013395803268273,1.1016665815033588,1.101289540285577,1.1015897872489684,5957
2024-01-24 03:00:00,1.1015897872489684,1.103838785291092,1.1015531479252243,1.1037174406792647,140
2024-01-24 04:00:00,1.1037174406792647,1.1043711581976061,1.1033583984080821,1.1043070246724946,8973
2024-01-24 05:00:00,1.1043070246724946,1.1047328399942289,1.1042227073503716,1.104599655143818,2959
2024-01-24 06:00:00,1.104599655143818,1.104970816020251,1.1043796242972237,1.1048591556694618,2562
2024-01-24 07:00:00,1.1048591556694618,1.1054523887612537,1.1045242571827922,1.1053608341880234,2137
2024-01-24 08:00:00,1.1053608341880234,1.1057985438308926,1.1052834142475285,1.1055802036556648,1774
2024-01-24 09:00:00,1.1055802036556648,1.1063058119536333,1.105565883805293,1.1062470185641005,463
2024-01-24 10:00:00,1.1062470185641005,1.1064250951968044,1.1051746221695462,1.1052896631727676,2618
2024-01-24 11:00:00,1.1052896631727676,1.105584976037217,1.105157598944873,1.1055835634054914,8791
2024-01-24 12:00:00,1.1055835634054914,1.1062086070160289,1.105478356436958,1.1061102032464303,3153
2024-01-24 13:00:00,1.1061102032464303,1.106205970737632,1.1051115108978893,1.105284066050698,2570
2024-01-24 14:00:00,1.105284066050698,1.1057500225538397,1.1051606648607826,1.1055380352770303,678
2024-01-24 15:00:00,1.1055380352770303,1.1057804240741076,1.1054113169155229,1.1054635670217696,8127
2024-01-24 16:00:00,1.1054635670217696,1.1058188140683494,1.1052259902256538,1.10530772078795,5942
2024-01-24 17:00:00,1.10530772078795,1.1056121926251936,1.104068474769889,1.104291012444887,1357
2024-01-24 18:00:00,1.104291012444887,1.104559545719433,1.1039495408533684,1.1044523854268227,6735
2024-01-24 19:00:00,1.1044523854268227,1.10448356506241,1.1041363371853603,1.1042459946446583,3072
2024-01-24 20:00:00,1.1042459946446583,1.104724767427712,1.1039562947986798,1.1045012876645315,5141
2024-01-24 21:00:00,1.1045012876645315,1.1045839806967561,1.1038118798611807,1.1038639359624973,6774
2024-01-24 22:00:00,1.1038639359624973,1.1039326935388074,1.1030060247886062,1.1030157552589204,4085
2024-01-24 23:00:00,1.1030157552589204,1.1030618354017616,1.1025987253642289,1.1027835719930825,3088
2024-01-25 00:00:00,1.1027835719930825,1.103986874123498,1.102597669821044,1.1036176365510504,1624
2024-01-25 01:00:00,1.1036176365510504,1.1036343241450084,1.1022874175329938,1.1025773465769335,6587
2024-01-25 02:00:00,1.1025773465769335,1.1026188000428132,1.101723906593915,1.1017377754613222,5939
2024-01-25 03:00:00,1.1017377754613222,1.1018471114782398,1.101345027355262,1.1013993583773274,8543
2024-01-25 04:00:00,1.1013993583773274,1.103024482627654,1.1012334118937515,1.1027645663802685,5772
2024-01-25 05:00:00,1.1027645663802685,1.1029965580668357,1.102456979996586,1.1028328025380847,481
2024-01-25 06:00:00,1.1028328025380847,1.1030363348314534,1.1018566851401572,1.1019109842023223,1904
2024-01-25 07:00:00,1.1019109842023223,1.1024062795094125,1.10164568977666,1.102328140325227,2087
2024-01-25 08:00:00,1.102328140325227,1.1033387729734887,1.1023194449352642,1.1032928948246752,5318
2024-01-25 09:00:00,1.1032928948246752,1.103407306313018,1.1026067695576274,1.1026192077610273,2742
2024-01-25 10:00:00,1.1026192077610273,1.1032422193843765,1.102415274893289,1.1031292981991978,123
2024-01-25 11:00:00,1.1031292981991978,1.103174359783606,1.1029854348611272,1.1030593402468938,452
2024-01-25 12:00:00,1.1030593402468938,1.103348270099276,1.102738024826746,1.1032609172518284,6316
2024-01-25 13:00:00,1.1032609172518284,1.10494246051861,1.1031229756907794,1.104684007979589,4188
2024-01-25 14:00:00,1.104684007979589,1.1047428528053918,1.1044473711853116,1.1044942527453747,870
2024-01-25 15:00:00,1.1044942527453747,1.104677491128471,1.1036669852852947,1.1038333497269408,4853
2024-01-25 16:00:00,1.1038333497269408,1.1039697601400833,1.1032625394231943,1.1035599886542615,5669
2024-01-25 17:00:00,1.1035599886542615,1.1036599256763222,1.1032255262870785,1.1033199267412623,1847
2024-01-25 18:00:00,1.1033199267412623,1.1037048446433568,1.1030723942567968,1.1036083948528208,9342
2024-01-25 19:00:00,1.1036083948528208,1.1045351656613511,1.1036008072857313,1.1043825084405154,5575
2024-01-25 20:00:00,1.1043825084405154,1.1049058284539646,1.1039097339415915,1.1046912328444114,721
2024-01-25 21:00:00,1.1046912328444114,1.1047519965635324,1.1036558423265561,1.1038001548275813,118
2024-01-25 22:00:00,1.1038001548275813,1.104422440508557,1.103661571102975,1.1041547193486123,9085
2024-01-25 23:00:00,1.1041547193486123,1.1047890264798172,1.1040013880310557,1.1043905234091835,3441
2024-01-26 00:00:00,1.1043905234091835,1.1044679495391414,1.1043635242350818,1.1043726064786683,7826
2024-01-26 01:00:00,1.1043726064786683,1.1043753740278872,1.1036134206239205,1.1037513661787333,2002
2024-01-26 02:00:00,1.1037513661787333,1.104209299982216,1.1035887251413836,1.10395799860336,4737
2024-01-26 03:00:00,1.10395799860336,1.1041160729825705,1.103644106650365,1.1037121169092787,2040
2024-01-26 04:00:00,1.1037121169092787,1.104414608034377,1.1035896695623773,1.1043483463577404,1306
2024-01-26 05:00:00,1.1043483463577404,1.104938165242802,1.1032275118290842,1.1034764477452315,7937
2024-01-26 06:00:00,1.1034764477452315,1.1035728209575753,1.1021845213701331,1.1022939743296087,4180
2024-01-26 07:00:00,1.1022939743296087,1.1025380266957845,1.102228398424777,1.102512935843784,264
2024-01-26 08:00:00,1.102512935843784,1.102558895769899,1.1016567194893903,1.1018270007762423,7052
2024-01-26 09:00:00,1.1018270007762423,1.102984553938292,1.1017642948390078,1.1029110576051973,1311
2024-01-26 10:00:00,1.1029110576051973,1.1036638783335,1.1027896874865541,1.1035798594354096,3259
2024-01-26 11:00:00,1.1035798594354096,1.1044357205904385,1.1033945832094132,1.1043409941750761,9773
2024-01-26 12:00:00,1.1043409941750761,1.104427606432986,1.1042819761922285,1.104344133070265,1595
2024-01-26 13:00:00,1.104344133070265,1.1054371475761506,1.104333146248065,1.1051880041008613,2519
2024-01-26 14:00:00,1.1051880041008613,1.1052314075109462,1.1043176997684265,1.1043793963261177,8070
2024-01-26 15:00:00,1.1043793963261177,1.1061391410455894,1.1042664415252834,1.1058636175454386,7784
2024-01-26 16:00:00,1.1058636175454386,1.107439199427599,1.1054876326684109,1.1071220027651514,8656
2024-01-26 17:00:00,1.1071220027651514,1.1084615319253142,1.107015076947927,1.108287873378939,7304
2024-01-26 17:00:00,1.108287873378939,1.1083534376135076,1.1066443321865809,1.1068291862144883,4314
2024-01-26 18:00:00,1.1068291862144883,1.1070142711397002,1.1062462313076613,1.1062973080587961,508
2024-01-26 18:00:00,1.1062973080587961,1.106496471137754,1.1055371521214807,1.1056673793698455,462
2024-01-26 19:00:00,1.1056673793698455,1.1060725599231953,1.1053776610869188,1.1060649123242032,3540
2024-01-26 19:00:00,1.1060649123242032,1.1065890709424093,1.1056609065741485,1.1058832999793033,5372
2024-01-26 20:00:00,1.1058832999793033,1.107080533198111,1.1055315758824644,1.107024405917213,4518
2024-01-26 20:00:00,1.107024405917213,1.107371018117984,1.1067796921407291,1.1073603939873806,857
2024-01-26 21:00:00,1.1073603939873806,1.1080242636328619,1.1073197978599014,1.1077604141939421,7991
2024-01-26 21:00:00,1.1077604141939421,1.108007901820879,1.1072055008073416,1.107296961138359,7745
2024-01-26 22:00:00,1.107296961138359,1.1074666473148,1.1068439330464663,1.1072933109132632,8739
2024-01-26 22:00:00,1.1072933109132632,1.1075333267045486,1.1069300043038073,1.1070283847933085,2851
2024-01-26 23:00:00,1.1070283847933085,1.1071554572710736,1.1059583509397735,1.1061962842715916,1891
2024-01-26 23:00:00,1.1061962842715916,1.1063172332044993,1.1053493976090936,1.1057905108205133,7222
2024-01-27 00:00:00,1.1057905108205133,1.1068405104033059,1.1055629736864283,1.106710206005038,2489
2024-01-27 01:00:00,1.106710206005038,1.1068299648829505,1.1064636663657479,1.1065973344634914,5486
2024-01-27 02:00:00,1.1065973344634914,1.1066887905444145,1.1059279645518327,1.1062191290162622,8154
2024-01-27 03:00:00,1.1062191290162622,1.1068882165844856,1.1059370371872215,1.1068714512588997,7605
2024-01-27 04:00:00,1.1068714512588997,1.1071521252529248,1.1066735076210623,1.10681308827557,7682
2024-01-27 05:00:00,1.10681308827557,1.1068724033845982,1.1063168500301022,1.1064094869891556,390
2024-01-27 06:00:00,1.1064094869891556,1.1069627477636046,1.1061951783587087,1.1066227562886892,8463
2024-01-27 07:00:00,1.1066227562886892,1.107248041808462,1.1065431708787,1.1070415370277564,400
2024-01-27 08:00:00,1.1070415370277564,1.108140935392051,1.1069111192500378,1.1079714086063273,8215
2024-01-27 09:00:00,1.1079714086063273,1.1080455102260454,1.106826606528216,1.1071077199320516,7532
2024-01-27 10:00:00,1.1071077199320516,1.1075983933290388,1.1068038631473232,1.1074168420930093,3266
2024-01-27 11:00:00,1.1074168420930093,1.1081744261726802,1.107245937047596,1.1080428592619098,1846
2024-01-27 12:00:00,1.1080428592619098,1.1080772271298684,1.107623988216965,1.1077346384609619,8806
2024-01-27 13:00:00,1.1077346384609619,1.1078540841046125,1.1065972007178708,1.1067868703187156,8970
2024-01-27 14:00:00,1.1067868703187156,1.1069565051612489,1.1063435676965163,1.10659007235947,5107
2024-01-27 15:00:00,1.10659007235947,1.1072435134693888,1.1064736670460529,1.107104159105703,443
2024-01-27 16:00:00,1.107104159105703,1.1073058700425182,1.106677644529051,1.1070701696673855,128
2024-01-27 17:00:00,1.1070701696673855,1.1070892385072737,1.1066921292604828,1.1067448189036992,7336
2024-01-27 18:00:00,1.1067448189036992,1.107087051727971,1.1065984447628416,1.1070211621707016,206
2024-01-27 19:00:00,1.1070211621707016,1.107406283246587,1.1067140477460602,1.1073124297286252,5911
2024-01-27 20:00:00,1.1073124297286252,1.1081390388199728,1.1072636136338903,1.1079357021942575,5883
2024-01-27 21:00:00,1.1079357021942575,1.1080024741875711,1.107583764813511,1.1078700381698772,3460
2024-01-27 22:00:00,1.1078700381698772,1.1081583663913068,1.10760425150597,1.1080339523932456,589
2024-01-27 23:00:00,1.1080339523932456,1.109014175555938,1.1078292104840242,1.1086117214667979,3860
2024-01-28 00:00:00,1.1086117214667979,1.1091272906677956,1.108606940858141,1.1090983131011762,8248
2024-01-28 01:00:00,1.1090983131011762,1.1095881368929845,1.1087918395562406,1.1094244511597962,8569
2024-01-28 02:00:00,1.1094244511597962,1.1094979810183945,1.1088168214983949,1.1092368267999253,4176
2024-01-28 03:00:00,1.1092368267999253,1.1099976189818173,1.109212117260734,1.1098791477906869,6059
2024-01-28 04:00:00,1.1098791477906869,1.1110077982939197,1.1095828151101943,1.1107960167765083,9665
2024-01-28 05:00:00,1.1107960167765083,1.1120903848461063,1.1105277215934022,1.1118880922390246,8919
2024-01-28 06:00:00,1.1118880922390246,1.1121342671416556,1.1109772568937828,1.1113142597495245,2795
2024-01-28 07:00:00,1.1113142597495245,1.1117319453837597,1.111208065569962,1.11133453316142,9462
2024-01-28 08:00:00,1.11133453316142,1.111645365245563,1.111092479378299,1.1112632745736095,777
2024-01-28 09:00:00,1.1112632745736095,1.1116577726744925,1.1111516466707059,1.1116490697407637,5911
2024-01-28 10:00:00,1.1116490697407637,1.1116973341277472,1.109914791963927,1.1101449947806508,3501
2024-01-28 11:00:00,1.1101449947806508,1.110643263259296,1.1098303908356077,1.110292168119633,2542
2024-01-28 12:00:00,1.110292168119633,1.1103069576327547,1.1098938389329838,1.1099841708282157,654
2024-01-28 13:00:00,1.1099841708282157,1.1102102938952032,1.1097161975848626,1.1098407398296426,9094
2024-01-28 14:00:00,1.1098407398296426,1.1101021880982742,1.1097144242838095,1.1099231170121218,1262
2024-01-28 15:00:00,1.1099231170121218,1.1103443305226617,1.1098321688296935,1.110337608009721,523
2024-01-28 16:00:00,1.110337608009721,1.110378779895897,1.1098369833560993,1.1099862990254072,9568
2024-01-28 17:00:00,1.1099862990254072,1.1100845297748356,1.1093163728108884,1.1093733479095622,8707
2024-01-28 18:00:00,1.1093733479095622,1.1093857007495342,1.1090558284723886,1.1091517167760059,2105
2024-01-28 19:00:00,1.1091517167760059,1.109661979193704,1.1089433078935573,1.1094213390226262,2963
2024-01-28 20:00:00,1.1094213390226262,1.1095753382358657,1.1087755743974832,1.1090347977303332,2112
2024-01-28 21:00:00,1.1090347977303332,1.1091538036235002,1.1087315937058142,1.1088430783164358,4409
2024-01-28 22:00:00,1.1088430783164358,1.1088493661505108,1.108136994856221,1.108306680583059,6681
2024-01-28 23:00:00,1.108306680583059,1.1083786065175496,1.1079711203369842,1.1080313418048224,7747
2024-01-29 00:00:00,1.1080313418048224,1.1090991865834745,1.1078305308854541,1.1090292265785608,7115
2024-01-29 01:00:00,1.1090292265785608,1.1090453465284202,1.1082195561533479,1.108386167364748,3971
2024-01-29 02:00:00,1.108386167364748,1.1087349432101785,1.108259055796467,1.1087115900270195,6849
2024-01-29 03:00:00,1.1087115900270195,1.1099360461018923,1.1085487596745958,1.1095695346931964,6111
2024-01-29 04:00:00,1.1095695346931964,1.110039331838248,1.1091840001773272,1.1099605723786048,1717
2024-01-29 05:00:00,1.1099605723786048,1.1100978600395306,1.109679534409244,1.1100880806028357,1743
2024-01-29 06:00:00,1.1100880806028357,1.1108767410487077,1.1100756798009626,1.1106273627056007,5798
2024-01-29 07:00:00,1.1106273627056007,1.1113752323504928,1.1104424695079749,1.1110344580331275,1053
2024-01-29 08:00:00,1.1110344580331275,1.111860881614022,1.1109744903938725,1.1118122048181471,5525
2024-01-29 09:00:00,1.1118122048181471,1.11385767199571,1.111780395776067,1.1134139159490204,9474
2024-01-29 10:00:00,1.1134139159490204,1.113709302834244,1.1128392051219964,1.11307276103225,4347
2024-01-29 11:00:00,1.11307276103225,1.1131905343975976,1.1126604038688146,1.1128278563550245,7137
2024-01-29 12:00:00,1.1128278563550245,1.1129375101140095,1.1121438402099129,1.112310506992269,1008
2024-01-29 13:00:00,1.112310506992269,1.11255409882273,1.1116678525773034,1.111770491850206,6239
2024-01-29 14:00:00,1.111770491850206,1.1120064368918783,1.1112565703972694,1.11129539192346,6699
2024-01-29 15:00:00,1.11129539192346,1.1115158503534273,1.111026139569477,1.1111624114715655,4529
2024-01-29 16:00:00,1.1111624114715655,1.1114554053008845,1.1109850752871089,1.111287688141195,8754
2024-01-29 17:00:00,1.111287688141195,1.112122913924361,1.1111960108004848,1.1119954523749551,9784
2024-01-29 18:00:00,1.1119954523749551,1.1120016641615293,1.1104589785103574,1.1106409151937537,6066
2024-01-29 19:00:00,1.1106409151937537,1.110699353739419,1.1098617621760962,1.1098992279797775,9341
2024-01-29 20:00:00,1.1098992279797775,1.1100206010153488,1.1078603296192249,1.1079518669364357,4634
2024-01-29 21:00:00,1.1079518669364357,1.108057116507739,1.1059869179590716,1.1062645855147133,6340
2024-01-29 22:00:00,1.1062645855147133,1.1062928369427307,1.105753483478605,1.1061795967745665,4589
2024-01-29 23:00:00,1.1061795967745665,1.10677849249725,1.1053943492332792,1.1066768387693149,3638
2024-01-30 00:00:00,1.1066768387693149,1.106734328273195,1.1060396336365834,1.106097099417464,8558
2024-01-30 01:00:00,1.106097099417464,1.1062110660031117,1.1058661298230825,1.105932031570197,6118
2024-01-30 02:00:00,1.105932031570197,1.106015270451174,1.1051169767566198,1.1053429906244279,9850
2024-01-30 03:00:00,1.1053429906244279,1.105619101111474,1.1052712999007859,1.1055120340940707,5417
2024-01-30 04:00:00,1.1055120340940707,1.1056491356418288,1.1049905191346963,1.1053602409013557,7308
2024-01-30 05:00:00,1.1053602409013557,1.1055054358941359,1.105101066544983,1.105485822386228,6668
2024-01-30 06:00:00,1.105485822386228,1.1055247618454513,1.1053236152526347,1.1053364528880563,7522
2024-01-30 07:00:00,1.1053364528880563,1.1054949337852562,1.105293510251422,1.1054716879766318,3639
2024-01-30 08:00:00,1.1054716879766318,1.1068455019005021,1.105380580071427,1.1066716709820028,2966
2024-01-30 09:00:00,1.1066716709820028,1.1068468803405087,1.106203135990372,1.106497670125522,4378
2024-01-30 10:00:00,1.106497670125522,1.1068255669580271,1.106009713621658,1.1060882078428702,2646
2024-01-30 11:00:00,1.1060882078428702,1.1066135444268694,1.1060501072216706,1.1064854484678293,2217
2024-01-30 12:00:00,1.1064854484678293,1.106502490357756,1.105686422540138,1.1062846497343182,1899
2024-01-30 13:00:00,1.1062846497343182,1.1065258486376275,1.105485549099737,1.10564103057029,8414
2024-01-30 14:00:00,1.10564103057029,1.1065941971928173,1.1052915579307068,1.1064044138886524,491
2024-01-30 15:00:00,1.1064044138886524,1.10706960438775,1.10618315518617,1.1068424803583132,3398
2024-01-30 16:00:00,1.1068424803583132,1.106948275899926,1.1059736766393058,1.1061849881678578,4653
2024-01-30 17:00:00,1.1061849881678578,1.1068469609943887,1.1060709178945751,1.1067764600007173,3243
2024-01-30 18:00:00,1.1067764600007173,1.1071589109958013,1.1058457984049193,1.1058595252141363,2659
2024-01-30 19:00:00,1.1058595252141363,1.1060417977585713,1.1057419849526116,1.105763135710866,6172
2024-01-30 20:00:00,1.105763135710866,1.106290663522028,1.1057231736241222,1.106181967646294,1195
2024-01-30 21:00:00,1.106181967646294,1.1068976304016005,1.1061242229137291,1.1067511319810446,5994
2024-01-30 22:00:00,1.1067511319810446,1.1067756737677636,1.1054988260693768,1.1055175005442321,4241
2024-01-30 23:00:00,1.1055175005442321,1.1059967973225882,1.1053970768801535,1.1056935185115375,4788
2024-01-31 00:00:00,1.1056935185115375,1.105883902203542,1.1056483604153253,1.105663856519029,9064
2024-01-31 01:00:00,1.105663856519029,1.105730691802478,1.1053643128783643,1.1053953646881294,4677
2024-01-31 02:00:00,1.1053953646881294,1.1054780857948137,1.103678972920099,1.1040565104515672,5628
2024-01-31 03:00:00,1.1040565104515672,1.1041537177094507,1.103612854936856,1.1039223157346436,1298
2024-01-31 04:00:00,1.1039223157346436,1.1043835283407724,1.1036571564051352,1.1043648011030245,9742
2024-01-31 05:00:00,1.1043648011030245,1.1044815209682937,1.1029844068562462,1.10319208262645,4850
2024-01-31 06:00:00,1.10319208262645,1.1032823143981318,1.1013072549733216,1.1014176031333038,7971
2024-01-31 07:00:00,1.1014176031333038,1.1020087519599864,1.1011868229864528,1.101926466638563,5890
2024-01-31 08:00:00,1.101926466638563,1.1019645514165481,1.1006789382076765,1.1007687819519334,3138
2024-01-31 09:00:00,1.1007687819519334,1.101266447422616,1.1003688269900476,1.1005004766725144,6930
2024-01-31 10:00:00,1.1005004766725144,1.1005122735168322,1.1003372528043946,1.100426627304555,9455
2024-01-31 11:00:00,1.100426627304555,1.100619173817612,1.1002540177919744,1.1002953400479136,8355
2024-01-31 12:00:00,1.1002953400479136,1.1008010843972935,1.1002504967670554,1.1006837781433807,149
2024-01-31 13:00:00,1.1006837781433807,1.1009155929563719,1.1003338213965497,1.1004010723442859,6279
2024-01-31 14:00:00,1.1004010723442859,1.1013056640126597,1.1002591841438003,1.1010313292732137,1774
2024-01-31 15:00:00,1.1010313292732137,1.101378316588381,1.100443161451494,1.1006145158702594,8796
2024-01-31 16:00:00,1.1006145158702594,1.1008549457754746,1.1002980635475177,1.100377199689869,1691
2024-01-31 17:00:00,1.100377199689869,1.100461574815703,1.1002713332673792,1.1004428974439229,4444
2024-01-31 18:00:00,1.1004428974439229,1.1007938840582523,1.0997130130062889,1.0997166933324456,833
2024-01-31 19:00:00,1.0997166933324456,1.1003238844606835,1.0993761904008197,1.100070018361374,6056
2024-01-31 20:00:00,1.100070018361374,1.1008673834758844,1.0997064059768624,1.1007207768767797,2952
2024-01-31 21:00:00,1.1007207768767797,1.1013777447492215,1.1006710711531649,1.1013309398583508,567
2024-01-31 22:00:00,1.1013309398583508,1.1024327469348703,1.1011075025660095,1.102039332994153,2908
2024-01-31 23:00:00,1.102039332994153,1.1020516641559832,1.1017955388361942,1.1020403464582031,8801
2024-02-01 00:00:00,1.1020403464582031,1.1024039423032805,1.1008617094339699,1.1010136518930667,7661
2024-02-01 01:00:00,1.1010136518930667,1.1012739575597295,1.1007577589067352,1.1011011809676114,5659
2024-02-01 02:00:00,1.1011011809676114,1.1018943005691897,1.1009852095105523,1.101868397119817,2873
2024-02-01 03:00:00,1.101868397119817,1.1021982932986818,1.1015485701207555,1.1017626922327513,2957
2024-02-01 04:00:00,1.1017626922327513,1.102021320541503,1.1013666832101434,1.1014811612723785,3329
2024-02-01 05:00:00,1.1014811612723785,1.101713518041161,1.1010557643969838,1.1011123921763326,3265
2024-02-01 06:00:00,1.1011123921763326,1.101190187922203,1.1004978626951827,1.1005481574169709,6009
2024-02-01 07:00:00,1.1005481574169709,1.1007578988422542,1.0998615764181268,1.1001926578407444,1609
2024-02-01 08:00:00,1.1001926578407444,1.1002908993738267,1.0996539341776304,1.0997255400535797,3610
2024-02-01 09:00:00,1.0997255400535797,1.1002757254567674,1.099461879588609,1.099893854239266,265
2024-02-01 10:00:00,1.099893854239266,1.0999117010701103,1.099791471131143,1.0997989852601389,3626
2024-02-01 11:00:00,1.0997989852601389,1.099807250386593,1.0992525789245364,1.0993411793506258,9693
2024-02-01 12:00:00,1.0993411793506258,1.0996230730269076,1.099287651132446,1.0995283786471006,4103
2024-02-01 13:00:00,1.0995283786471006,1.0995481975071488,1.0991725982072351,1.099293162338392,5614
2024-02-01 14:00:00,1.099293162338392,1.0998282387959892,1.0991507275655568,1.0996867136170247,1514
2024-02-01 15:00:00,1.0996867136170247,1.0998551103561152,1.0992571619534777,1.0993310033935673,9667
2024-02-01 16:00:00,1.0993310033935673,1.099538712157736,1.0972842079934424,1.0976104631565347,3253
2024-02-01 17:00:00,1.0976104631565347,1.0978761913221844,1.0969056930850702,1.0969683299798432,6789
2024-02-01 18:00:00,1.0969683299798432,1.097060148041887,1.0966477334569757,1.0967866535308084,8354
2024-02-01 19:00:00,1.0967866535308084,1.0968646382721203,1.09554653167092,1.0955781423689042,2849
2024-02-01 20:00:00,1.0955781423689042,1.0957672915810435,1.0952677949688816,1.0953894442072185,4074
2024-02-01 21:00:00,1.0953894442072185,1.095589887611004,1.0947735363395183,1.094924023386989,3957
2024-02-01 22:00:00,1.094924023386989,1.0951190858786846,1.0938541397598387,1.0939572653775276,9834
2024-02-01 23:00:00,1.0939572653775276,1.0948854865170319,1.093891107532662,1.0946647525513258,4503
2024-02-02 00:00:00,1.0946647525513258,1.0949149945784424,1.094486013013448,1.0946756368491573,7772
2024-02-02 01:00:00,1.0946756368491573,1.0958481275015681,1.0945331724172411,1.0957661901830422,1928
2024-02-02 02:00:00,1.0957661901830422,1.0971211953032596,1.0953901881762607,1.0968141872537531,8389
2024-02-02 03:00:00,1.0968141872537531,1.0968886510643407,1.0964988991631204,1.0965863618005283,9617
2024-02-02 04:00:00,1.0965863618005283,1.0968732703401745,1.0963305886378656,1.0968288123690142,8138
2024-02-02 05:00:00,1.0968288123690142,1.0969833442580683,1.0959187060367415,1.096084744399114,3555
2024-02-02 06:00:00,1.096084744399114,1.0969642349987514,1.0958491362256386,1.0967275362653734,7603
2024-02-02 07:00:00,1.0967275362653734,1.0982910419768912,1.0963711764836193,1.0981439175774421,2737
2024-02-02 08:00:00,1.0981439175774421,1.0982909782695784,1.0969182056412172,1.0970625015059687,2124
2024-02-02 09:00:00,1.0970625015059687,1.097336608734768,1.0965976971558342,1.096736737735851,5251
2024-02-02 10:00:00,1.096736737735851,1.096906107929076,1.0963183492436803,1.0965682730247397,3081
2024-02-02 11:00:00,1.0965682730247397,1.0970672907081536,1.0961631114501174,1.0969837087990004,8970
2024-02-02 12:00:00,1.0969837087990004,1.0972824536784107,1.0969458128347562,1.0970263625642103,1405
2024-02-02 13:00:00,1.0970263625642103,1.0972038661341443,1.096838779456708,1.0971669240391881,3201
2024-02-02 14:00:00,1.0971669240391881,1.0984526073743628,1.0969551783332114,1.0981188875225871,7114
2024-02-02 15:00:00,1.0981188875225871,1.0983675420757821,1.097972256283165,1.0982792806454422,6939
2024-02-02 16:00:00,1.0982792806454422,1.0983999301455565,1.0977342264088958,1.0977938581020938,5784
2024-02-02 17:00:00,1.0977938581020938,1.0985673950450292,1.0977642402181342,1.0984938710769874,4074
2024-02-02 17:00:00,1.0984938710769874,1.098731218001023,1.0974889463218256,1.0977762134029667,7215
2024-02-02 18:00:00,1.0977762134029667,1.0979571362779654,1.0974270942782904,1.097661645647344,3066
2024-02-02 18:00:00,1.097661645647344,1.098842730615676,1.0975860440675405,1.09866706600024,5143
2024-02-02 19:00:00,1.09866706600024,1.0990514047732456,1.0984924737821493,1.099008271245736,3320
2024-02-02 19:00:00,1.099008271245736,1.0999146059827838,1.098737182685515,1.099731351162671,1199
2024-02-02 20:00:00,1.099731351162671,1.1004360144243621,1.0996205396084477,1.100420094851887,5177
2024-02-02 20:00:00,1.100420094851887,1.1008505715608088,1.0997815865930098,1.0999568777221105,3752
2024-02-02 21:00:00,1.0999568777221105,1.1000229017409038,1.0995528529866876,1.0995951863830737,4744
2024-02-02 21:00:00,1.0995951863830737,1.0998788926521033,1.0986584682622798,1.0991560299935867,9962
2024-02-02 22:00:00,1.0991560299935867,1.1002116774454627,1.0989409675149768,1.0999702731158911,6304
2024-02-02 22:00:00,1.0999702731158911,1.1008119164186039,1.0997428102074183,1.1005812463164846,3302
2024-02-02 23:00:00,1.1005812463164846,1.1006245713115654,1.10025371180733,1.1004588623440579,8804
2024-02-02 23:00:00,1.1004588623440579,1.1015223600779398,1.1003865301318085,1.1014159588381753,9375
2024-02-03 00:00:00,1.1014159588381753,1.1026231260767458,1.1013260640556088,1.1023867512516616,5097
2024-02-03 01:00:00,1.1023867512516616,1.1032742596813965,1.1023034620440413,1.1032019671280577,6623
2024-02-03 02:00:00,1.1032019671280577,1.1034263386993037,1.1023841209748269,1.1028481291192302,1962
2024-02-03 03:00:00,1.1028481291192302,1.1031579212242408,1.1026065711392,1.1026581663354442,6590
2024-02-03 04:00:00,1.1026581663354442,1.103425432715535,1.1025403120050863,1.1034249519473514,7709
2024-02-03 05:00:00,1.1034249519473514,1.1036077062716285,1.1027905748728875,1.1030997208302256,4058
2024-02-03 06:00:00,1.1030997208302256,1.1044474970290556,1.1028312952805286,1.1041675781000264,4108
2024-02-03 07:00:00,1.1041675781000264,1.1042681349854055,1.103005917077577,1.1033651892421623,2076
2024-02-03 08:00:00,1.1033651892421623,1.103880671825238,1.1031191891276184,1.1036753979837048,9450
2024-02-03 09:00:00,1.1036753979837048,1.1037401129012139,1.1033572815691812,1.1036832359712925,6570
2024-02-03 10:00:00,1.1036832359712925,1.1041174277192238,1.1036150543958232,1.1040135484448586,9749
2024-02-03 11:00:00,1.1040135484448586,1.1043953103158741,1.1039804221627951,1.1042765480342605,753
2024-02-03 12:00:00,1.1042765480342605,1.1043681816572182,1.1034197886102342,1.1036157328551774,5593
2024-02-03 13:00:00,1.1036157328551774,1.103974511354751,1.1021505849083257,1.1024216744089481,6386
2024-02-03 14:00:00,1.1024216744089481,1.1027830383567616,1.1023861243876945,1.1026778624215825,3893
2024-02-03 15:00:00,1.1026778624215825,1.1029585238236441,1.1024388036688626,1.1029430351314988,6637
2024-02-03 16:00:00,1.1029430351314988,1.1046786989488486,1.1027382294133214,1.104342167210024,8774
2024-02-03 17:00:00,1.104342167210024,1.104443360320715,1.1037234745346993,1.1038691289751807,7230
2024-02-03 18:00:00,1.1038691289751807,1.105501895654133,1.1036637317225169,1.1054593808480064,1760
2024-02-03 19:00:00,1.1054593808480064,1.106047884304144,1.1054437522354126,1.1058846408552354,1050
2024-02-03 20:00:00,1.1058846408552354,1.106723634579911,1.1057240759664453,1.1064082352834728,8703
2024-02-03 21:00:00,1.1064082352834728,1.1068027437188308,1.1060660261046613,1.1063432236931412,453
2024-02-03 22:00:00,1.1063432236931412,1.1075724590829248,1.1062623442085044,1.1071181691338403,2579
2024-02-03 23:00:00,1.1071181691338403,1.1076195670264617,1.1070984000935924,1.107580470680151,4198
2024-02-04 00:00:00,1.107580470680151,1.1077168845781635,1.10695630445526,1.1069815400359924,7199
2024-02-04 01:00:00,1.1069815400359924,1.1076741716260123,1.1069009248381794,1.1075391848222542,4180
2024-02-04 02:00:00,1.1075391848222542,1.1084766401080246,1.1075097797375681,1.1083666170514372,4326
2024-02-04 03:00:00,1.1083666170514372,1.1091611942480664,1.1082601833388117,1.108902669178636,1198
2024-02-04 04:00:00,1.108902669178636,1.108987837910362,1.1084576267787245,1.108541267929902,1447
2024-02-04 05:00:00,1.108541267929902,1.1085917816991013,1.1076348343952311,1.1079117408047499,2073
2024-02-04 06:00:00,1.1079117408047499,1.1086182046389748,1.1076424956535094,1.1085248955766847,1123
2024-02-04 07:00:00,1.1085248955766847,1.1092373236866533,1.1083470881522286,1.1087828367425638,4355
2024-02-04 08:00:00,1.1087828367425638,1.1090404982660564,1.1086188704505011,1.1086774135469295,6260
2024-02-04 09:00:00,1.1086774135469295,1.108705610086852,1.1082371393122263,1.1085548646978352,9710
2024-02-04 10:00:00,1.1085548646978352,1.1085841945610735,1.1083938714016646,1.1085618927956449,4551
2024-02-04 11:00:00,1.1085618927956449,1.1086574219121657,1.1079594600535447,1.1082104871279395,1155
2024-02-04 12:00:00,1.1082104871279395,1.10879637686594,1.1075438226746834,1.1079544170795839,2630
2024-02-04 13:00:00,1.1079544170795839,1.1084373036765267,1.1077200862101204,1.1084335398665786,1747
2024-02-04 14:00:00,1.1084335398665786,1.1100366302879912,1.1082288337377415,1.110005291542342,2920
2024-02-04 15:00:00,1.110005291542342,1.1100876562161346,1.1096321096739836,1.109658495267338,9148
2024-02-04 16:00:00,1.109658495267338,1.10967677517884,1.1093183857356905,1.1093345614352637,7925
2024-02-04 17:00:00,1.1093345614352637,1.1094779646650892,1.1087547134825078,1.1090116303356476,7782
2024-02-04 18:00:00,1.1090116303356476,1.109242348404311,1.1085770622686038,1.1088543321480564,4991
2024-02-04 19:00:00,1.1088543321480564,1.1089265942604498,1.107809062789227,1.1078218996214848,3109
2024-02-04 20:00:00,1.1078218996214848,1.1081279386612575,1.1069589564833646,1.107091941915825,901
2024-02-04 21:00:00,1.107091941915825,1.1071573453793468,1.1060079103647635,1.1060506017206335,441
2024-02-04 22:00:00,1.1060506017206335,1.106250741640749,1.1056635709126215,1.1061484417256766,4601
2024-02-04 23:00:00,1.1061484417256766,1.1066212033185718,1.1060771070988407,1.106584573224361,9688
2024-02-05 00:00:00,1.106584573224361,1.1070396631023645,1.1065743336439848,1.1070306185605645,1409
2024-02-05 01:00:00,1.1070306185605645,1.1070952134612881,1.1062859241956071,1.1062981249899781,6803
2024-02-05 02:00:00,1.1062981249899781,1.1066429610762047,1.1061227702337357,1.1063987968164422,676
2024-02-05 03:00:00,1.1063987968164422,1.1068538374962797,1.106303710679937,1.1067668834833684,4416
2024-02-05 04:00:00,1.1067668834833684,1.1070227872173204,1.1060252466083371,1.106468610376208,4128
2024-02-05 05:00:00,1.106468610376208,1.1066617433369126,1.1055943593848536,1.1059201926578337,2294
2024-02-05 06:00:00,1.1059201926578337,1.1059597802036307,1.1047965089327454,1.105210090200378,4150
2024-02-05 07:00:00,1.105210090200378,1.105509576537014,1.1034788429671312,1.1038503834358386,9495
2024-02-05 08:00:00,1.1038503834358386,1.1042695521362005,1.1030651554976296,1.1033840439759794,5729
2024-02-05 09:00:00,1.1033840439759794,1.103500568178607,1.1033519719597704,1.1034907623104393,5516
2024-02-05 10:00:00,1.1034907623104393,1.104330608946841,1.1032752870950424,1.1041547255386135,8782
2024-02-05 11:00:00,1.1041547255386135,1.1051568645208123,1.1038614173667578,1.1050194513616405,6596
2024-02-05 12:00:00,1.1050194513616405,1.1051257422719123,1.1040809156282811,1.1043944875133542,5206
2024-02-05 13:00:00,1.1043944875133542,1.1057871521595897,1.1043880313911443,1.1054191366106885,5065
2024-02-05 14:00:00,1.1054191366106885,1.105837686573268,1.1051592933379992,1.1058150609627648,2581
2024-02-05 15:00:00,1.1058150609627648,1.1062530453037605,1.1054548755975067,1.1056937940416094,839
2024-02-05 16:00:00,1.1056937940416094,1.1062876628997322,1.1054789304390662,1.106241847962091,609
2024-02-05 17:00:00,1.106241847962091,1.1067265286460701,1.1059794512143761,1.1066670322058954,693
2024-02-05 18:00:00,1.1066670322058954,1.1071640514786154,1.106609641035035,1.106910039260873,9046
2024-02-05 19:00:00,1.106910039260873,1.1070731143865362,1.1060254679239283,1.1062387149103081,9754
2024-02-05 20:00:00,1.1062387149103081,1.108240956543027,1.105994135906397,1.107856883042598,5393
2024-02-05 21:00:00,1.107856883042598,1.1079960220180376,1.107283905816183,1.1074675312128663,3102
2024-02-05 22:00:00,1.1074675312128663,1.1082370490669011,1.1073467070349485,1.1080233732001623,8106
2024-02-05 23:00:00,1.1080233732001623,1.109060772679805,1.1077940850260821,1.1088089260318477,204
2024-02-06 00:00:00,1.1088089260318477,1.1088761550244528,1.1085598903958995,1.1086053856478901,9884
2024-02-06 01:00:00,1.1086053856478901,1.1090153480670473,1.1079104675116576,1.107910604075449,4983
2024-02-06 02:00:00,1.107910604075449,1.1082380571798922,1.107694207113599,1.1080820865906478,3922
2024-02-06 03:00:00,1.1080820865906478,1.1080888920728622,1.1071751567541874,1.1071974312745554,7854
2024-02-06 04:00:00,1.1071974312745554,1.1073694247223158,1.1070505037654634,1.1072308535711521,5513
2024-02-06 05:00:00,1.1072308535711521,1.1074698061435275,1.106412874508929,1.1065918039464437,2942
2024-02-06 06:00:00,1.1065918039464437,1.1069874489963187,1.1059405976278278,1.10594998460824,492
2024-02-06 07:00:00,1.10594998460824,1.1068528656491967,1.1057971786519254,1.1066860010400983,6665
2024-02-06 08:00:00,1.1066860010400983,1.1068052892676146,1.105496464360723,1.1056233215302609,5076
2024-02-06 09:00:00,1.1056233215302609,1.1058251179143805,1.1055699578510019,1.1057408086976732,4413
2024-02-06 10:00:00,1.1057408086976732,1.1057655552336931,1.1055856131372928,1.105677174259278,2300
2024-02-06 11:00:00,1.105677174259278,1.1058751658177883,1.1053359907099336,1.1053429922319349,8981
2024-02-06 12:00:00,1.1053429922319349,1.1053947244615059,1.104483906936591,1.1045264548917626,6190
2024-02-06 13:00:00,1.1045264548917626,1.104898662103327,1.1044162953773078,1.1048170515339597,1760
2024-02-06 14:00:00,1.1048170515339597,1.104846924230414,1.104717364081172,1.1047901921403829,4062
2024-02-06 15:00:00,1.1047901921403829,1.1048222900651776,1.1036612190905384,1.1041037252984178,7621
2024-02-06 16:00:00,1.1041037252984178,1.10417839501036,1.1036024318616786,1.1036649075037719,6493
2024-02-06 17:00:00,1.1036649075037719,1.1040539991573652,1.1035468230915215,1.1039077231068501,9694
2024-02-06 18:00:00,1.1039077231068501,1.1041484266994983,1.1037332600308445,1.1039425352031786,5137
2024-02-06 19:00:00,1.1039425352031786,1.1039554729241852,1.1035697766215453,1.1035843514411485,6983
2024-02-06 20:00:00,1.1035843514411485,1.10382269294057,1.1035593642837862,1.103576107875756,7412
2024-02-06 21:00:00,1.103576107875756,1.103611846819118,1.1025833355445553,1.1028291785014148,8125
2024-02-06 22:00:00,1.1028291785014148,1.1033784834594416,1.1027762234392193,1.1028814454761058,3352
2024-02-06 23:00:00,1.1028814454761058,1.1036423343669954,1.102713551775202,1.1035356625180543,3430
2024-02-07 00:00:00,1.1035356625180543,1.1047334290896789,1.1034726451718155,1.1045589896896644,6727
2024-02-07 01:00:00,1.1045589896896644,1.1047456153041326,1.1043100129863141,1.1043545571264695,7077
2024-02-07 02:00:00,1.1043545571264695,1.1056083629123912,1.1041871729857102,1.1054250987285765,7479
2024-02-07 03:00:00,1.1054250987285765,1.1055555568628295,1.1051546581928031,1.1054506434600762,3925
2024-02-07 04:00:00,1.1054506434600762,1.1059864200799834,1.1051874802967907,1.1056992381752098,8842
2024-02-07 05:00:00,1.1056992381752098,1.1059017656571386,1.1051166821093577,1.105148312878232,2044
2024-02-07 06:00:00,1.105148312878232,1.107742951282197,1.1051270454777258,1.1077066614683475,5569
2024-02-07 07:00:00,1.1077066614683475,1.1091527842230047,1.1073493863752766,1.1088251784115175,8594
2024-02-07 08:00:00,1.1088251784115175,1.108924553129619,1.1084613348859156,1.1086752891769123,8709
2024-02-07 09:00:00,1.1086752891769123,1.1088468920159726,1.1070753865006286,1.1072410257552217,2215
2024-02-07 10:00:00,1.1072410257552217,1.1073996608928653,1.1061484534709916,1.1061728648974158,2204
2024-02-07 11:00:00,1.1061728648974158,1.106246981449896,1.1055982704808807,1.1058678799032686,5689
2024-02-07 12:00:00,1.1058678799032686,1.1059322156115439,1.1056131670374705,1.105646778998664,2746
2024-02-07 13:00:00,1.105646778998664,1.1060821920079524,1.1050018700626665,1.1050375653954436,929
2024-02-07 14:00:00,1.1050375653954436,1.1054566620909723,1.1049717440397016,1.1053394765563087,3210
2024-02-07 15:00:00,1.1053394765563087,1.1060228360959041,1.1049456919278255,1.105884386030051,5467
2024-02-07 16:00:00,1.105884386030051,1.1066756781701765,1.1058799302342142,1.1066202064777837,1237
2024-02-07 17:00:00,1.1066202064777837,1.1069584754624262,1.106455550494648,1.106795872587974,5145
2024-02-07 18:00:00,1.106795872587974,1.1071228685314385,1.1065351710015872,1.1069277953259828,5342
2024-02-07 19:00:00,1.1069277953259828,1.1073135760762733,1.106828281158306,1.107113211105537,2742
2024-02-07 20:00:00,1.107113211105537,1.1074674248161547,1.1063348374647815,1.106429145940865,6456
2024-02-07 21:00:00,1.106429145940865,1.1068442635426807,1.1049923018985321,1.1050095158370903,886
2024-02-07 22:00:00,1.1050095158370903,1.1052180313760245,1.1045848570784242,1.1048193038291116,2649
2024-02-07 23:00:00,1.1048193038291116,1.1049577622675937,1.1046422540918868,1.1048944906032865,3346
2024-02-08 00:00:00,1.1048944906032865,1.1055448905793992,1.1048120078396433,1.1054276574193207,5494
2024-02-08 01:00:00,1.1054276574193207,1.105492725047807,1.105362535208891,1.105491149010868,5455
2024-02-08 02:00:00,1.105491149010868,1.1056898207507846,1.1052686247052375,1.1054718004706354,5765
2024-02-08 03:00:00,1.1054718004706354,1.1057152570090796,1.1041428422855644,1.1041747347869253,5872
2024-02-08 04:00:00,1.1041747347869253,1.1041816775366757,1.103459421138191,1.1038531219808785,3708
2024-02-08 05:00:00,1.1038531219808785,1.1046830424633445,1.1037690836722995,1.1044842699283774,5316
2024-02-08 06:00:00,1.1044842699283774,1.1047371696097685,1.1036861674461378,1.1040447887366447,2168
2024-02-08 07:00:00,1.1040447887366447,1.1041243246753676,1.1035568296279772,1.1037936357396216,2437
2024-02-08 08:00:00,1.1037936357396216,1.103802614345646,1.1036267585626316,1.1036632587687514,1916
2024-02-08 09:00:00,1.1036632587687514,1.1039178106458791,1.103565746709334,1.1036825759785682,5301
2024-02-08 10:00:00,1.1036825759785682,1.1045356826875536,1.1035769165692357,1.1044951778421406,1902
2024-02-08 11:00:00,1.1044951778421406,1.1047910355717112,1.1044156662890423,1.1045970107196352,1910
2024-02-08 12:00:00,1.1045970107196352,1.1056011792177773,1.1045349491785583,1.1054075700660753,6149
2024-02-08 13:00:00,1.1054075700660753,1.1056033479777867,1.104559460901132,1.1048338095269847,2021
2024-02-08 14:00:00,1.1048338095269847,1.1062163770820612,1.1047412216245798,1.1059982047479404,6529
2024-02-08 15:00:00,1.1059982047479404,1.1061031372293537,1.105342200758416,1.1054409317279446,4816
2024-02-08 16:00:00,1.1054409317279446,1.1058643882413313,1.105410671883898,1.1057912870539341,827
2024-02-08 17:00:00,1.1057912870539341,1.1059360851202826,1.1051778211294947,1.1052168991997302,8512
2024-02-08 18:00:00,1.1052168991997302,1.1052183081968263,1.104663475031693,1.1047065969474066,4977
2024-02-08 19:00:00,1.1047065969474066,1.1047705018815632,1.1039302221935279,1.1042609456472263,8149
2024-02-08 20:00:00,1.1042609456472263,1.1049473856407592,1.1042293933593677,1.1046693412557285,4272
2024-02-08 21:00:00,1.1046693412557285,1.1048172155372202,1.1033365616249475,1.1035749414918303,7994
2024-02-08 22:00:00,1.1035749414918303,1.1044873095711203,1.1035356853615528,1.1041807694591423,2752
2024-02-08 23:00:00,1.1041807694591423,1.1047754117767445,1.1040027058895383,1.1044066530600485,9658
2024-02-09 00:00:00,1.1044066530600485,1.1049893518992677,1.1043742282649525,1.1045501263350477,8623
2024-02-09 01:00:00,1.1045501263350477,1.1050504054437862,1.1044336120712859,1.1049118339269386,7561
2024-02-09 02:00:00,1.1049118339269386,1.104990444478351,1.103638298660448,1.1038386250254897,7362
2024-02-09 03:00:00,1.1038386250254897,1.1049300423901218,1.1037626970958125,1.1048441742255615,1504
2024-02-09 04:00:00,1.1048441742255615,1.1051779881307267,1.1043065189887062,1.1044950305898646,9249
2024-02-09 05:00:00,1.1044950305898646,1.1055463494233033,1.1042136675879652,1.1052812630014843,3611
2024-02-09 06:00:00,1.1052812630014843,1.1056449898723357,1.1052375561930021,1.1053619364339509,5309
2024-02-09 07:00:00,1.1053619364339509,1.1059406473672553,1.1053435674810839,1.1056408441751635,628
2024-02-09 08:00:00,1.1056408441751635,1.1059654836607589,1.105628961138909,1.105775564746486,9159
2024-02-09 09:00:00,1.105775564746486,1.106946305737826,1.1054532512746653,1.1068770204366245,2036
2024-02-09 10:00:00,1.1068770204366245,1.1070690813958808,1.1065286431010162,1.1066211398258294,840
2024-02-09 11:00:00,1.1066211398258294,1.1067554460601752,1.1057213501688201,1.1060269564406977,9598
2024-02-09 12:00:00,1.1060269564406977,1.1067834188516639,1.105949294039613,1.1067714016527408,3516
2024-02-09 13:00:00,1.1067714016527408,1.1070914141839265,1.1066168879029896,1.107021526318483,1857
2024-02-09 14:00:00,1.107021526318483,1.1077605432093454,1.1065434654449893,1.1076411483520012,1356
2024-02-09 15:00:00,1.1076411483520012,1.107825112181161,1.107555511102439,1.107717586200571,1475
2024-02-09 16:00:00,1.107717586200571,1.107820645064896,1.1069718067778536,1.1071386631398605,9007
2024-02-09 17:00:00,1.1071386631398605,1.1086545266746637,1.1070163860903828,1.108538397014153,8724
2024-02-09 17:00:00,1.108538397014153,1.1087617637692588,1.1083711469989221,1.108408430232871,8548
2024-02-09 18:00:00,1.108408430232871,1.1086426321470149,1.1082546622976772,1.1086327704807108,6640
2024-02-09 18:00:00,1.1086327704807108,1.1086949924789395,1.1080396602470335,1.1084175901054527,8216
2024-02-09 19:00:00,1.1084175901054527,1.1100442862232525,1.1081971361573615,1.1099648471600232,2936
2024-02-09 19:00:00,1.1099648471600232,1.110258945804268,1.1099265316807845,1.1101878120145554,2404
2024-02-09 20:00:00,1.1101878120145554,1.1110656845917992,1.1099778809147733,1.1109520639507735,7216
2024-02-09 20:00:00,1.1109520639507735,1.112887347893659,1.1107273651441256,1.1122569365467565,7072
2024-02-09 21:00:00,1.1122569365467565,1.1123675663780324,1.1115888324552305,1.111698472514864,3942
2024-02-09 21:00:00,1.111698472514864,1.1128483251057304,1.1116042197667235,1.112510488498137,7680
2024-02-09 22:00:00,1.112510488498137,1.1129235051073882,1.1116578170475526,1.1116635085637891,4883
2024-02-09 22:00:00,1.1116635085637891,1.11199218419495,1.1103308601654658,1.1104029897437528,9761
2024-02-09 23:00:00,1.1104029897437528,1.1104065931181617,1.1098198700205688,1.1099143960897375,1148
2024-02-09 23:00:00,1.1099143960897375,1.110455274416058,1.1092283954759063,1.109354372386379,9252
2024-02-10 00:00:00,1.109354372386379,1.1093588985569145,1.1090144156792445,1.1092955282900159,6015
2024-02-10 01:00:00,1.1092955282900159,1.1093113417583889,1.1087007139347222,1.1088165387566493,7383
2024-02-10 02:00:00,1.1088165387566493,1.108920077271223,1.1087651359900783,1.1087827542388842,7873
2024-02-10 03:00:00,1.1087827542388842,1.1098837686015477,1.1086260363059244,1.1095134000552327,9463
2024-02-10 04:00:00,1.1095134000552327,1.109669631330859,1.1089802517266125,1.109032211754766,3084
2024-02-10 05:00:00,1.109032211754766,1.1103591682840361,1.1087489663436074,1.1101867235816587,9027
2024-02-10 06:00:00,1.1101867235816587,1.1103485997458753,1.1084120362090917,1.1086033768463688,8216
2024-02-10 07:00:00,1.1086033768463688,1.1088219328841742,1.1084655997378536,1.1088174728274305,8924
2024-02-10 08:00:00,1.1088174728274305,1.1095101602718633,1.108757543289863,1.1091869829143812,8578
2024-02-10 09:00:00,1.1091869829143812,1.1097073440249479,1.1086240520254866,1.1095672039025237,1448
2024-02-10 10:00:00,1.1095672039025237,1.1097890752916015,1.1095309536700033,1.1096414638748693,6443
2024-02-10 11:00:00,1.1096414638748693,1.1101668614774682,1.1096001915206042,1.1099629224135266,6194
2024-02-10 12:00:00,1.1099629224135266,1.1111174325354602,1.109915520019524,1.1109250350976458,6032
2024-02-10 13:00:00,1.1109250350976458,1.1116260650154053,1.1108613308966861,1.111435882869468,278
2024-02-10 14:00:00,1.111435882869468,1.1114737485309265,1.110615543021118,1.110674991875794,2011
2024-02-10 15:00:00,1.110674991875794,1.1107893931314543,1.1102260462586158,1.110366991945738,1599
2024-02-10 16:00:00,1.110366991945738,1.1104561806885103,1.109443688602408,1.1094663166938186,4612
2024-02-10 17:00:00,1.1094663166938186,1.1095439860814789,1.1085368341282709,1.1085979579504845,2775
2024-02-10 18:00:00,1.1085979579504845,1.1090539598084523,1.1082156298403543,1.108718224873778,2270
2024-02-10 19:00:00,1.108718224873778,1.1095436249696007,1.1087022645769662,1.109371707995132,2432
2024-02-10 20:00:00,1.109371707995132,1.1100958482669923,1.1090876071376778,1.1098761241819568,4089
2024-02-10 21:00:00,1.1098761241819568,1.1101351117222362,1.109669733133538,1.1098881613394274,2854
2024-02-10 22:00:00,1.1098881613394274,1.1100498865732078,1.1098737055463506,1.110023452702079,2150
2024-02-10 23:00:00,1.110023452702079,1.1102936672805614,1.1087554592648725,1.1089326975025895,8553
2024-02-11 00:00:00,1.1089326975025895,1.1090389404626042,1.108661380825424,1.108980091961477,9786
2024-02-11 01:00:00,1.108980091961477,1.1092092979903054,1.1087919016300647,1.1089473759270339,431
2024-02-11 02:00:00,1.1089473759270339,1.1096296977635882,1.1088728408102435,1.1093037693373657,4456
2024-02-11 03:00:00,1.1093037693373657,1.1093947282808412,1.108333463876026,1.1085414251822314,2919
2024-02-11 04:00:00,1.1085414251822314,1.108732983505126,1.1081186876101061,1.1081602082803863,4642
2024-02-11 05:00:00,1.1081602082803863,1.1083363590983069,1.1076079864119053,1.1079677314155756,4968
2024-02-11 06:00:00,1.1079677314155756,1.1081608116494759,1.1079672738283468,1.1081121994096996,8224
2024-02-11 07:00:00,1.1081121994096996,1.1091514754102108,1.1080345507989953,1.109129312898155,6722
2024-02-11 08:00:00,1.109129312898155,1.1093902673622824,1.1091284669263561,1.1092120066249085,6683
2024-02-11 09:00:00,1.1092120066249085,1.110177948046216,1.1091496760537076,1.110101686123763,7177
2024-02-11 10:00:00,1.110101686123763,1.110179361269609,1.1083647923321267,1.1083837571783828,6522
2024-02-11 11:00:00,1.1083837571783828,1.1083958379242222,1.107955146670281,1.1081807027204078,1258
2024-02-11 12:00:00,1.1081807027204078,1.1083787359681996,1.1079379293394929,1.1079813555544822,393
2024-02-11 13:00:00,1.1079813555544822,1.108245587106505,1.107964521908445,1.1081156217294055,6448
2024-02-11 14:00:00,1.1081156217294055,1.1083372296132086,1.1077483497726515,1.1082835004625466,5916
2024-02-11 15:00:00,1.1082835004625466,1.1083683515491947,1.1082342237820437,1.108308876333346,8584
2024-02-11 16:00:00,1.108308876333346,1.1089285784368645,1.1082767501094408,1.108620017793216,1261
2024-02-11 17:00:00,1.108620017793216,1.1086550934843957,1.107933238174823,1.1080315393042723,8702
2024-02-11 18:00:00,1.1080315393042723,1.1084923827697615,1.1079629635319608,1.1081297012300584,608
2024-02-11 19:00:00,1.1081297012300584,1.1082989731740358,1.1079989264042216,1.1081159079349052,5276
2024-02-11 20:00:00,1.1081159079349052,1.1085857230922453,1.1078282085491473,1.1079714172364026,4979
2024-02-11 21:00:00,1.1079714172364026,1.1080505770061446,1.107668189147657,1.107720899310048,1493
2024-02-11 22:00:00,1.107720899310048,1.1081982852840873,1.1075278729988085,1.1076270486332105,5631
2024-02-11 23:00:00,1.1076270486332105,1.1083172986672445,1.1075128127519667,1.1077157721993058,806
2024-02-12 00:00:00,1.1077157721993058,1.10791288011945,1.1072957540432276,1.1074897027871544,1398
2024-02-12 01:00:00,1.1074897027871544,1.1075885155709495,1.10677316688011,1.107344092212691,7713
2024-02-12 02:00:00,1.107344092212691,1.1073953603483655,1.1063892623967757,1.1064968719484738,3958
2024-02-12 03:00:00,1.1064968719484738,1.1065059702437399,1.1062106790474506,1.106322346332093,3207
2024-02-12 04:00:00,1.106322346332093,1.1072556414545016,1.1059615737735806,1.107190749733631,4819
2024-02-12 05:00:00,1.107190749733631,1.1071918617923606,1.1059127460925062,1.106148448630466,840
2024-02-12 06:00:00,1.106148448630466,1.1065222121985747,1.1054787173380405,1.105562658459712,3999
2024-02-12 07:00:00,1.105562658459712,1.1060338390440105,1.10529154387257,1.1057196627525854,5705
2024-02-12 08:00:00,1.1057196627525854,1.1060322696138996,1.105314676090424,1.1055505680233255,1534
2024-02-12 09:00:00,1.1055505680233255,1.1065205957089663,1.1055349218915138,1.106229940613758,5642
2024-02-12 10:00:00,1.106229940613758,1.1063479190773091,1.1053687529997358,1.1055084907624393,1421
2024-02-12 11:00:00,1.1055084907624393,1.1055413497155133,1.1045726846439252,1.1050119292723557,7309
2024-02-12 12:00:00,1.1050119292723557,1.10548159138943,1.1049697955793152,1.1052665227090386,9302
2024-02-12 13:00:00,1.1052665227090386,1.1053132923141964,1.1048145529059497,1.105021641589233,275
2024-02-12 14:00:00,1.105021641589233,1.1050515642674041,1.1048440876869254,1.105033223062575,7170
2024-02-12 15:00:00,1.105033223062575,1.1056425456545707,1.1049748713361234,1.1054906426770734,9612
2024-02-12 16:00:00,1.1054906426770734,1.1056807295322872,1.105091536320983,1.1056225501207693,2571
2024-02-12 17:00:00,1.1056225501207693,1.1056489774385496,1.1052075302405306,1.105312276501085,1539
2024-02-12 18:00:00,1.105312276501085,1.1057166362290773,1.1041844527622013,1.1042047089059417,6038
2024-02-12 19:00:00,1.1042047089059417,1.1042183335909752,1.1034826130433384,1.1035554071695088,5247
2024-02-12 20:00:00,1.1035554071695088,1.1044430199681758,1.1033607868573059,1.1042111437595157,308
2024-02-12 21:00:00,1.1042111437595157,1.1043026704093832,1.1038124819754327,1.1038496196915164,347
2024-02-12 22:00:00,1.1038496196915164,1.1049861112127055,1.1037635578275256,1.104884389538059,2994
2024-02-12 23:00:00,1.104884389538059,1.1051257111690316,1.1036912964205847,1.1039967299919027,889
2024-02-13 00:00:00,1.1039967299919027,1.104193660948872,1.1032989335687835,1.1034574382582065,4180
2024-02-13 01:00:00,1.1034574382582065,1.1036522626274499,1.1026322676623617,1.1027729532457191,1846
2024-02-13 02:00:00,1.1027729532457191,1.102898958241626,1.1013783661718526,1.1015247572723545,2661
2024-02-13 03:00:00,1.1015247572723545,1.1015336290318576,1.1009149312268867,1.1012640727134586,1217
2024-02-13 04:00:00,1.1012640727134586,1.1017463118863025,1.1010628878110993,1.1016644501914834,9148
2024-02-13 05:00:00,1.1016644501914834,1.1016953489246024,1.1013501510660813,1.1014174615840568,3069
2024-02-13 06:00:00,1.1014174615840568,1.1016615181633405,1.1011570385061773,1.1013723743316715,2954
2024-02-13 07:00:00,1.1013723743316715,1.1014914813187082,1.1011160669854565,1.1012961736009228,9332
2024-02-13 08:00:00,1.1012961736009228,1.1022367912236866,1.101065435144655,1.1021005187583715,5886
2024-02-13 09:00:00,1.1021005187583715,1.1026782627165783,1.1019714043439643,1.1025836550601462,6420
2024-02-13 10:00:00,1.1025836550601462,1.102996335690642,1.101772213015971,1.1018356831144196,3302
2024-02-13 11:00:00,1.1018356831144196,1.102808604291577,1.1016306612839033,1.102418935762619,397
2024-02-13 12:00:00,1.102418935762619,1.1024284099031278,1.101752407394248,1.1020688427469172,9289
2024-02-13 13:00:00,1.1020688427469172,1.1024760868474883,1.1013570622632478,1.101366560956898,2763
2024-02-13 14:00:00,1.101366560956898,1.1014474035299535,1.1005347957759863,1.1006779703249245,2415
2024-02-13 15:00:00,1.1006779703249245,1.1008155065431917,1.100541926252829,1.1006972181128414,4695
2024-02-13 16:00:00,1.1006972181128414,1.1007525382659435,1.100356318086414,1.100595414216579,8059
2024-02-13 17:00:00,1.100595414216579,1.1010662241067586,1.100588932813911,1.1009610979199616,7807
2024-02-13 18:00:00,1.1009610979199616,1.1013095422584886,1.1005567572926975,1.1006659656524609,3658
2024-02-13 19:00:00,1.1006659656524609,1.1008648551275626,1.0999817378632921,1.1001109391007151,9205
2024-02-13 20:00:00,1.1001109391007151,1.1001699950888393,1.0993263616298072,1.099481661457906,3528
2024-02-13 21:00:00,1.099481661457906,1.0997608421384457,1.0994420781244376,1.0996274723950554,4841
2024-02-13 22:00:00,1.0996274723950554,1.0997647282222065,1.0988748646996023,1.0991613989575502,1104
2024-02-13 23:00:00,1.0991613989575502,1.0995388442308258,1.098997413907023,1.0994358675116105,9601
2024-02-14 00:00:00,1.0994358675116105,1.0996077062699774,1.0991643640036421,1.099439773497091,2693
2024-02-14 01:00:00,1.099439773497091,1.099655784708919,1.0984393956694365,1.0986279533722645,2870
2024-02-14 02:00:00,1.0986279533722645,1.0994261101842304,1.0985582343482923,1.099250253627748,5917
2024-02-14 03:00:00,1.099250253627748,1.0994851030670134,1.0991732650500659,1.099462058220503,5163
2024-02-14 04:00:00,1.099462058220503,1.100183400333167,1.0994498430862325,1.1000497312941977,3502
2024-02-14 05:00:00,1.1000497312941977,1.1000898232204805,1.098522710511111,1.0986444915823619,2840
2024-02-14 06:00:00,1.0986444915823619,1.0987146614683772,1.0977035444532264,1.0981472140052366,9213
2024-02-14 07:00:00,1.0981472140052366,1.098793893578462,1.0979580400764999,1.09854281285657,8194
2024-02-14 08:00:00,1.09854281285657,1.0986128868998473,1.0975072838359883,1.097676148643425,6270
2024-02-14 09:00:00,1.097676148643425,1.0980323803263181,1.0971286343126807,1.0975747279165056,3283
2024-02-14 10:00:00,1.0975747279165056,1.0976853458798883,1.097376380498277,1.0975155532660958,9807
2024-02-14 11:00:00,1.0975155532660958,1.0981392024646737,1.097415524659473,1.0980710827232918,8084
2024-02-14 12:00:00,1.0980710827232918,1.0981814599176563,1.0972648745788989,1.0974009206205824,7404
2024-02-14 13:00:00,1.0974009206205824,1.097576573271147,1.0960689253020357,1.0960889026929175,4842
2024-02-14 14:00:00,1.0960889026929175,1.0969448558575623,1.0959893881932556,1.0968458627614888,3952
2024-02-14 15:00:00,1.0968458627614888,1.097828823806658,1.0967881171608869,1.0975752935044205,6765
2024-02-14 16:00:00,1.0975752935044205,1.0978855959542324,1.096370245782758,1.0965026561497098,9425
2024-02-14 17:00:00,1.0965026561497098,1.097932612620533,1.0962700884342027,1.0977639915540685,1602
2024-02-14 18:00:00,1.0977639915540685,1.097934007420552,1.0969825925933743,1.0970661287438221,1736
2024-02-14 19:00:00,1.0970661287438221,1.0973185338241747,1.0968093653718514,1.097253896727683,1909
2024-02-14 20:00:00,1.097253896727683,1.0983140066439327,1.097151084217198,1.09814484606942,8558
2024-02-14 21:00:00,1.09814484606942,1.098423745083192,1.0979314407270553,1.0981422190375145,4973
2024-02-14 22:00:00,1.0981422190375145,1.0983112498291998,1.0974711634696424,1.0975818412662572,767
2024-02-14 23:00:00,1.0975818412662572,1.097665981192461,1.096923871682325,1.0970394558376917,7480
2024-02-15 00:00:00,1.0970394558376917,1.0976036482104352,1.0968479420466886,1.0975245640133575,7576
2024-02-15 01:00:00,1.0975245640133575,1.0976959045094061,1.0967160224558612,1.0970514978734223,8345
2024-02-15 02:00:00,1.0970514978734223,1.0974854333569675,1.0967267578455548,1.0969655957257733,2921
2024-02-15 03:00:00,1.0969655957257733,1.0972823134037308,1.0959133748261547,1.0959959746085823,4045
2024-02-15 04:00:00,1.0959959746085823,1.0961428575435745,1.0959428512099478,1.0960047630063503,4590
2024-02-15 05:00:00,1.0960047630063503,1.0965811053935481,1.0957932001701862,1.096343706715887,4707
2024-02-15 06:00:00,1.096343706715887,1.0963792902910479,1.0955318411617434,1.0957144033456028,9092
2024-02-15 07:00:00,1.0957144033456028,1.095784071693452,1.095420592817991,1.095600158831276,4520
2024-02-15 08:00:00,1.095600158831276,1.0957867389680616,1.0951851458234063,1.0956874589445147,2126
2024-02-15 09:00:00,1.0956874589445147,1.0969890493815804,1.095534686874188,1.0967114756714893,8465
2024-02-15 10:00:00,1.0967114756714893,1.0967450787395958,1.096313388627616,1.0965024309345384,6448
2024-02-15 11:00:00,1.0965024309345384,1.096650922717257,1.0963618783995035,1.0964893959079187,154
2024-02-15 12:00:00,1.0964893959079187,1.096553537714643,1.0963361473129105,1.0965097644642958,5966
2024-02-15 13:00:00,1.0965097644642958,1.0969449284594404,1.0963902309276448,1.0965807112455814,9001
2024-02-15 14:00:00,1.0965807112455814,1.0969973760273113,1.0965692331049812,1.096977280883197,7574
2024-02-15 15:00:00,1.096977280883197,1.0974064192299582,1.0968094110603508,1.0971277829783712,7548
2024-02-15 16:00:00,1.0971277829783712,1.09730582618418,1.0970676897886271,1.0972899484992988,9932
2024-02-15 17:00:00,1.0972899484992988,1.0973974776508548,1.096727077168862,1.096858157934832,1914
2024-02-15 18:00:00,1.096858157934832,1.0970374244665504,1.096794403286388,1.096838263753828,7247
2024-02-15 19:00:00,1.096838263753828,1.0972566262508285,1.096592427034268,1.097086132522142,4336
2024-02-15 20:00:00,1.097086132522142,1.0980079903465016,1.0970262961676565,1.0978887080649078,7212
2024-02-15 21:00:00,1.0978887080649078,1.0982915029698208,1.0978444007453911,1.0981416314319363,4353
2024-02-15 22:00:00,1.0981416314319363,1.0982549103501793,1.097930210321771,1.098096533679007,204
2024-02-15 23:00:00,1.098096533679007,1.0980977246208494,1.0977317827023083,1.0978885832581704,4484
2024-02-16 00:00:00,1.0978885832581704,1.0983838882371135,1.0977048002872387,1.0981795851585572,7961
2024-02-16 01:00:00,1.0981795851585572,1.0983023026796297,1.0975335627753633,1.0975728109634966,1308
2024-02-16 02:00:00,1.0975728109634966,1.097574433603819,1.0971270534929247,1.0971586713379893,3095
2024-02-16 03:00:00,1.0971586713379893,1.0975171700406796,1.0968966329563732,1.0974328140258294,7742
2024-02-16 04:00:00,1.0974328140258294,1.0979513513814507,1.0971704753359748,1.0976243381025452,4420
2024-02-16 05:00:00,1.0976243381025452,1.0976933710436352,1.096844955317028,1.0969428062240434,2006
2024-02-16 06:00:00,1.0969428062240434,1.0970581354099014,1.096538820757612,1.097044567707118,1810
2024-02-16 07:00:00,1.097044567707118,1.0976794329479302,1.0969826377643204,1.0976682601599614,4279
2024-02-16 08:00:00,1.0976682601599614,1.0976715822284266,1.097343067912298,1.0973642316637975,9883
2024-02-16 09:00:00,1.0973642316637975,1.0978624706629996,1.0972098724283503,1.0976850047712283,2239
2024-02-16 10:00:00,1.0976850047712283,1.098430781595472,1.0975384109914035,1.0982973437785164,107
2024-02-16 11:00:00,1.0982973437785164,1.0993497644404076,1.0981894827756238,1.0990407769710722,3745
2024-02-16 12:00:00,1.0990407769710722,1.0996665605813196,1.0984579257731089,1.099530714450681,7321
2024-02-16 13:00:00,1.099530714450681,1.0999341822103055,1.0988507582666727,1.0994172234516695,7430
2024-02-16 14:00:00,1.0994172234516695,1.0999536223899262,1.0991394185790768,1.0999084911137837,9946
2024-02-16 15:00:00,1.0999084911137837,1.1010722681925111,1.099901580988993,1.1007937210980778,8770
2024-02-16 16:00:00,1.1007937210980778,1.100843444268831,1.099704211868957,1.0998295345964098,5490
2024-02-16 17:00:00,1.0998295345964098,1.100202369579993,1.099398548860933,1.1000616815533653,2114
2024-02-16 17:00:00,1.1000616815533653,1.1001108982764285,1.0994186474878749,1.0995791034933027,7528
2024-02-16 18:00:00,1.0995791034933027,1.1004149594388877,1.0994848403490725,1.100301844165313,7225
2024-02-16 18:00:00,1.100301844165313,1.1007747471881573,1.0999687737817883,1.1006464138241312,1727
2024-02-16 19:00:00,1.1006464138241312,1.1007768750544533,1.0998621244533904,1.1001883914754738,4824
2024-02-16 19:00:00,1.1001883914754738,1.1003529480316405,1.0999132093229855,1.1001057395253693,9702
2024-02-16 20:00:00,1.1001057395253693,1.1010254522130654,1.1000554761957217,1.1008531649079387,7625
2024-02-16 20:00:00,1.1008531649079387,1.1011473718461022,1.1003969936379523,1.1005368926819858,1342
2024-02-16 21:00:00,1.1005368926819858,1.100696120042623,1.0999973029181034,1.1001873156175965,5684
2024-02-16 21:00:00,1.1001873156175965,1.100203858622376,1.0991866018488365,1.0992352201943687,7688
2024-02-16 22:00:00,1.0992352201943687,1.0999714142208812,1.0991955810590928,1.0999332397769706,9464
2024-02-16 22:00:00,1.0999332397769706,1.1006604064513101,1.0998394136061285,1.1006351436114135,5576
2024-02-16 23:00:00,1.1006351436114135,1.1007683975458222,1.099497376881648,1.099612972586376,7318
2024-02-16 23:00:00,1.099612972586376,1.1001707686497768,1.099516148887459,1.0998893817005984,8228
2024-02-17 00:00:00,1.0998893817005984,1.1005250283689296,1.099770875639135,1.1004033582159938,5889
2024-02-17 01:00:00,1.1004033582159938,1.1007642575915422,1.1003957795996504,1.100748001907131,3284
2024-02-17 02:00:00,1.100748001907131,1.1025995542273488,1.1007256420754903,1.1024549888483517,8718
2024-02-17 03:00:00,1.1024549888483517,1.1031881443727753,1.1023942759832985,1.1031829034222205,2645
2024-02-17 04:00:00,1.1031829034222205,1.10322502359008,1.1019927312548592,1.1020904264708813,1415
2024-02-17 05:00:00,1.1020904264708813,1.103213672003463,1.1020804504400556,1.102975879319556,6589
2024-02-17 06:00:00,1.102975879319556,1.103034068792424,1.10236546166475,1.1025570295909717,8802
2024-02-17 07:00:00,1.1025570295909717,1.102830033950057,1.1019934102634112,1.1021337092197963,8732
2024-02-17 08:00:00,1.1021337092197963,1.102585326429033,1.1020507546416385,1.1025850026227617,5965
2024-02-17 09:00:00,1.1025850026227617,1.1034043190392449,1.1023677773629255,1.1033765900025028,9947
2024-02-17 10:00:00,1.1033765900025028,1.1035973767118432,1.1028801335852834,1.1029313897501336,6222
2024-02-17 11:00:00,1.1029313897501336,1.1030383410843025,1.1026090979495622,1.102668092240704,2869
2024-02-17 12:00:00,1.102668092240704,1.1028011767003298,1.1021233909670312,1.1022677716641187,6471
2024-02-17 13:00:00,1.1022677716641187,1.1024021605856815,1.1017135981276718,1.101790438542073,3144
2024-02-17 14:00:00,1.101790438542073,1.1020270497790199,1.1012759793625881,1.1013265320136074,5309
2024-02-17 15:00:00,1.1013265320136074,1.1021610923207263,1.1011315706984228,1.1021580557322184,8687
2024-02-17 16:00:00,1.1021580557322184,1.1029857343924185,1.102001529766955,1.1025216712727726,927
2024-02-17 17:00:00,1.1025216712727726,1.1031265243471065,1.1018863305101334,1.102907470243338,7928
2024-02-17 18:00:00,1.102907470243338,1.1034974174561973,1.1027117703341647,1.103159283130676,7603
2024-02-17 19:00:00,1.103159283130676,1.104725498044625,1.1030291511652024,1.1045793062493499,7431
2024-02-17 20:00:00,1.1045793062493499,1.104632427161407,1.1032899041407889,1.1033698797885225,3104
2024-02-17 21:00:00,1.1033698797885225,1.103425578198226,1.1031170785549331,1.1033955548079752,4760
2024-02-17 22:00:00,1.1033955548079752,1.103805626299432,1.102872113525447,1.1030199496243873,891
2024-02-17 23:00:00,1.1030199496243873,1.103561120492848,1.1028783674362526,1.103282030791897,602
2024-02-18 00:00:00,1.103282030791897,1.1034298365235016,1.10247985494963,1.1026103210172653,4529
2024-02-18 01:00:00,1.1026103210172653,1.103411206347972,1.102227509003148,1.1032599086771087,4686
2024-02-18 02:00:00,1.1032599086771087,1.1034205124746985,1.1032103581934607,1.103359043351357,5826
2024-02-18 03:00:00,1.103359043351357,1.1039250172051684,1.1033031418586976,1.103799495945656,2148
2024-02-18 04:00:00,1.103799495945656,1.1039686305665548,1.1036498800040715,1.103652699797253,5579
2024-02-18 05:00:00,1.103652699797253,1.103716358490556,1.1034931008873305,1.1036994574614174,2774
2024-02-18 06:00:00,1.1036994574614174,1.1040364344602962,1.1034621901759953,1.103862679960178,7820
2024-02-18 07:00:00,1.103862679960178,1.1047760890399256,1.103844084110872,1.104393825661593,3602
2024-02-18 08:00:00,1.104393825661593,1.104663996127733,1.1037544545934639,1.1038851904215914,3710
2024-02-18 09:00:00,1.1038851904215914,1.1040223083708511,1.1034383145881415,1.1034666443053436,2270
2024-02-18 10:00:00,1.1034666443053436,1.1047230469992668,1.1033607509126422,1.1042874047353206,1342
2024-02-18 11:00:00,1.1042874047353206,1.1048123681465953,1.1036276539436796,1.1041374558854231,1539
2024-02-18 12:00:00,1.1041374558854231,1.1047177105224086,1.1036687250748607,1.1044813969791247,9501
2024-02-18 13:00:00,1.1044813969791247,1.1053042463632492,1.1044530918284514,1.1052781083583563,8206
2024-02-18 14:00:00,1.1052781083583563,1.1054155111782962,1.1044725969567262,1.1047427081495949,3376
2024-02-18 15:00:00,1.1047427081495949,1.1047808914544235,1.1041366640273378,1.1041439301489462,3973
2024-02-18 16:00:00,1.1041439301489462,1.1047593022229822,1.1037815421995285,1.1040535653795647,8681
2024-02-18 17:00:00,1.1040535653795647,1.104175166608152,1.1032422482741322,1.1034451442194737,6547
2024-02-18 18:00:00,1.1034451442194737,1.1035814202664875,1.1026567796030113,1.1028503448078164,8274
2024-02-18 19:00:00,1.1028503448078164,1.1040248560646608,1.102755271685678,1.103854378711446,1802
2024-02-18 20:00:00,1.103854378711446,1.1042022480189255,1.1035324745782908,1.104047893627447,1635
2024-02-18 21:00:00,1.104047893627447,1.1045500084571327,1.1038040367341424,1.104385593254767,8042
2024-02-18 22:00:00,1.104385593254767,1.1045984372561306,1.1040295644572584,1.1040315334189885,5167
2024-02-18 23:00:00,1.1040315334189885,1.104165715668644,1.1026092007182442,1.1027299588222998,4421
2024-02-19 00:00:00,1.1027299588222998,1.102935439532605,1.1021040189452653,1.1021786725944536,2660
2024-02-19 01:00:00,1.1021786725944536,1.102941571112353,1.1019479741092566,1.1028422647652565,7253
2024-02-19 02:00:00,1.1028422647652565,1.1029459152930288,1.102453914654351,1.1027189698724384,128
2024-02-19 03:00:00,1.1027189698724384,1.1034831322473713,1.1026766905589442,1.1032287484471488,9272
2024-02-19 04:00:00,1.1032287484471488,1.1039623074909923,1.1029701993892451,1.103692084672995,3683
2024-02-19 05:00:00,1.103692084672995,1.104830239694697,1.1034092472153287,1.1047127613547358,5208
2024-02-19 06:00:00,1.1047127613547358,1.1048849614592458,1.104665050363981,1.1047952528919402,9950
2024-02-19 07:00:00,1.1047952528919402,1.1050145623155863,1.1035981053992265,1.1040363561694595,7621
2024-02-19 08:00:00,1.1040363561694595,1.1053486017490606,1.1039276780038851,1.1052566488258946,4920
2024-02-19 09:00:00,1.1052566488258946,1.105864252399752,1.104976634681258,1.105667715771198,6715
2024-02-19 10:00:00,1.105667715771198,1.1059422266827466,1.105522081391004,1.105925660168643,6558
2024-02-19 11:00:00,1.105925660168643,1.1073868327717376,1.105658738047261,1.1072388785389429,5507
2024-02-19 12:00:00,1.1072388785389429,1.1072869197077322,1.1069205627924765,1.10717118935743,9131
2024-02-19 13:00:00,1.10717118935743,1.107997390620301,1.1068933296113879,1.1079320195401787,2514
2024-02-19 14:00:00,1.1079320195401787,1.108187766578322,1.1078314014664539,1.108177461992617,4526
2024-02-19 15:00:00,1.108177461992617,1.1082021308054262,1.1075981754910544,1.107659984979661,8688
2024-02-19 16:00:00,1.107659984979661,1.107847877628058,1.10699617272735,1.107220021710863,6040
2024-02-19 17:00:00,1.107220021710863,1.1078468168773048,1.1072038125179187,1.1075410673071966,8676
2024-02-19 18:00:00,1.1075410673071966,1.107835474721802,1.106016290771083,1.1062910577360627,5797
2024-02-19 19:00:00,1.1062910577360627,1.1071714180645713,1.1058469735342757,1.1070934971597528,3682
2024-02-19 20:00:00,1.1070934971597528,1.1071508519822293,1.1066970564602574,1.1067264975159945,7297
2024-02-19 21:00:00,1.1067264975159945,1.1076278906570671,1.106712623555463,1.1075836821643597,6651
2024-02-19 22:00:00,1.1075836821643597,1.1089065602898969,1.1074470375614018,1.108486689037013,9235
2024-02-19 23:00:00,1.108486689037013,1.10874452507346,1.1084768960308413,1.108613050562661,5185
2024-02-20 00:00:00,1.108613050562661,1.110205814807075,1.108443437443055,1.1100442075691945,5262
2024-02-20 01:00:00,1.1100442075691945,1.1104033362037204,1.1095935174146196,1.10965953545296,9138
2024-02-20 02:00:00,1.10965953545296,1.10986923198317,1.109545904204357,1.1096434591685738,9773
2024-02-20 03:00:00,1.1096434591685738,1.109963123530102,1.1090437854371165,1.1091904949998177,5738
2024-02-20 04:00:00,1.1091904949998177,1.109205816813908,1.1090154420950231,1.1091177948066115,3215
2024-02-20 05:00:00,1.1091177948066115,1.1091488598064514,1.1085519829157737,1.1086316123687983,5757
2024-02-20 06:00:00,1.1086316123687983,1.108668797264988,1.1080366630326792,1.108356541985118,1486
2024-02-20 07:00:00,1.108356541985118,1.109415885014212,1.1082684901442408,1.1092094917574424,5340
2024-02-20 08:00:00,1.1092094917574424,1.1101774440150247,1.108958624085291,1.1099302168558187,9572
2024-02-20 09:00:00,1.1099302168558187,1.1106598574508493,1.1094513444757022,1.110516710602615,1698
2024-02-20 10:00:00,1.110516710602615,1.111827525496136,1.1104400769646632,1.111502748497574,2082
2024-02-20 11:00:00,1.111502748497574,1.1115368256506515,1.1110547987896127,1.11121736350768,7578
2024-02-20 12:00:00,1.11121736350768,1.1124509301695829,1.1112129565348792,1.1120360328993797,412
2024-02-20 13:00:00,1.1120360328993797,1.1127448768115127,1.1119657998058543,1.1125990640825123,5336
2024-02-20 14:00:00,1.1125990640825123,1.1129434223205423,1.1123747580530272,1.1127001061597153,3959
2024-02-20 15:00:00,1.1127001061597153,1.1131304897216858,1.1126153281512507,1.1131027872727643,6137
2024-02-20 16:00:00,1.1131027872727643,1.1133511181590559,1.112834574330104,1.1132840693426822,5397
2024-02-20 17:00:00,1.1132840693426822,1.1136374112592944,1.1129625536814023,1.1136311320861878,2264
2024-02-20 18:00:00,1.1136311320861878,1.1139536239100039,1.1135871981957177,1.1137178392117442,1799
2024-02-20 19:00:00,1.1137178392117442,1.1137580082303673,1.1135189704891018,1.1135391287036307,1878
2024-02-20 20:00:00,1.1135391287036307,1.1139770237987878,1.1132435143239594,1.1139101360958181,4369
2024-02-20 21:00:00,1.1139101360958181,1.113927029453096,1.1131898692276851,1.1134037201264362,848
2024-02-20 22:00:00,1.1134037201264362,1.1147175294548004,1.1133027159087814,1.1147141282399036,6398
2024-02-20 23:00:00,1.1147141282399036,1.115078280295464,1.1143829976130268,1.1145241523096459,5878
2024-02-21 00:00:00,1.1145241523096459,1.1145471742484305,1.1142506126320861,1.1143197964978955,1907
2024-02-21 01:00:00,1.1143197964978955,1.1145951251839152,1.1143061820440459,1.1144417523763144,9825
2024-02-21 02:00:00,1.1144417523763144,1.1152339518420242,1.1144261288292672,1.115184286813521,6553
2024-02-21 03:00:00,1.115184286813521,1.115682469186484,1.1151750709691945,1.1154764747315287,3896
2024-02-21 04:00:00,1.1154764747315287,1.1155726043198264,1.1143984520186243,1.1149063283431808,8278
2024-02-21 05:00:00,1.1149063283431808,1.1149331643853162,1.1143120962237958,1.1144159679729233,8004
2024-02-21 06:00:00,1.1144159679729233,1.1154693548556225,1.114252600570637,1.1151528692608177,3522
2024-02-21 07:00:00,1.1151528692608177,1.1152043933579199,1.1142247996047823,1.1142387262954423,2309
2024-02-21 08:00:00,1.1142387262954423,1.1144504597469815,1.1142358722248524,1.1143957138965481,2838
2024-02-21 09:00:00,1.1143957138965481,1.1146005378814614,1.1142269459946197,1.1145133367264168,8583
2024-02-21 10:00:00,1.1145133367264168,1.115201800569955,1.1145032911865838,1.1148853559366059,2840
2024-02-21 11:00:00,1.1148853559366059,1.1155364946589674,1.1147535480816282,1.1153980245041206,6845
2024-02-21 12:00:00,1.1153980245041206,1.1156048007151054,1.115177418380156,1.1152589104016142,2535
2024-02-21 13:00:00,1.1152589104016142,1.1158329554740387,1.1152166335556506,1.1158080983186063,2927
2024-02-21 14:00:00,1.1158080983186063,1.1167903554082128,1.1156376533900068,1.1163351903226832,8472
2024-02-21 15:00:00,1.1163351903226832,1.1166225773412384,1.1163330168952763,1.1164487199438407,5280
2024-02-21 16:00:00,1.1164487199438407,1.1175411930792836,1.1162226841979437,1.1175043639161468,9462
2024-02-21 17:00:00,1.1175043639161468,1.1175227552726676,1.1169597542475338,1.116962959303993,2843
2024-02-21 18:00:00,1.116962959303993,1.1178352691219982,1.116932836501067,1.1177345551982165,5996
2024-02-21 19:00:00,1.1177345551982165,1.1177965341540927,1.1166749944868763,1.1169297115965957,1235
2024-02-21 20:00:00,1.1169297115965957,1.1170396482338538,1.1160059879102235,1.1163662739300768,1810
2024-02-21 21:00:00,1.1163662739300768,1.1163912513071468,1.1150175948247132,1.1150207343839047,2444
2024-02-21 22:00:00,1.1150207343839047,1.1150608622436697,1.1149214185780643,1.1149949206601724,4886
2024-02-21 23:00:00,1.1149949206601724,1.1150687085479787,1.1148798152638841,1.1149225770226723,7384
2024-02-22 00:00:00,1.1149225770226723,1.1151185396217902,1.1149143184852708,1.1149914576457445,4074
2024-02-22 01:00:00,1.1149914576457445,1.1154745510023936,1.1149057267403613,1.1151052363928327,7294
2024-02-22 02:00:00,1.1151052363928327,1.1157373719042936,1.114920101950932,1.1155680850440017,3603
2024-02-22 03:00:00,1.1155680850440017,1.1155979762619344,1.1150602836134609,1.1152144336553846,2458
2024-02-22 04:00:00,1.1152144336553846,1.1170528120197132,1.115113240415587,1.1168208440264356,7970
2024-02-22 05:00:00,1.1168208440264356,1.1168422780094875,1.1160547594498988,1.1162704619981718,7118
2024-02-22 06:00:00,1.1162704619981718,1.116380016522831,1.116169604427495,1.1163079378438274,8681
2024-02-22 07:00:00,1.1163079378438274,1.1164107179691571,1.1160623485850258,1.1163021388646246,8195
2024-02-22 08:00:00,1.1163021388646246,1.117349380424966,1.116116380448334,1.117304409813807,7729
2024-02-22 09:00:00,1.117304409813807,1.1186720160181152,1.1172212424465497,1.1185862464329939,6249
2024-02-22 10:00:00,1.1185862464329939,1.1196065201603813,1.1184850149019017,1.1192449984588275,6946
2024-02-22 11:00:00,1.1192449984588275,1.1193065649333303,1.1181556996108306,1.1185693448191318,3158
2024-02-22 12:00:00,1.1185693448191318,1.1186053276930412,1.1180251576734364,1.1181927237804823,4725
2024-02-22 13:00:00,1.1181927237804823,1.1183428983363626,1.1177238133486764,1.1178546995540977,258
2024-02-22 14:00:00,1.1178546995540977,1.1185151133854163,1.1175429421550929,1.1183951489807524,9971
2024-02-22 15:00:00,1.1183951489807524,1.1191903238285235,1.1182874342460931,1.1189971673019508,8521
2024-02-22 16:00:00,1.1189971673019508,1.1191607037812719,1.1180130198042513,1.1182397858756126,5725
2024-02-22 17:00:00,1.1182397858756126,1.118565186859786,1.1173584365455704,1.1177629545916843,4887
2024-02-22 18:00:00,1.1177629545916843,1.1182578397237615,1.11767946157372,1.1182033554444308,1780
2024-02-22 19:00:00,1.1182033554444308,1.1188147134437758,1.1180937743835895,1.1185962920869794,6402
2024-02-22 20:00:00,1.1185962920869794,1.118854443771804,1.117576180264471,1.118093762059177,1395
2024-02-22 21:00:00,1.118093762059177,1.1181757223079358,1.117502435867462,1.1176591076095668,6924
2024-02-22 22:00:00,1.1176591076095668,1.1178142825742001,1.11639976942989,1.1164155622390235,3976
2024-02-22 23:00:00,1.1164155622390235,1.116620941162675,1.1161601346560608,1.1162800501643098,3084
2024-02-23 00:00:00,1.1162800501643098,1.1175678053149527,1.1160073748616022,1.1173244259728847,5016
2024-02-23 01:00:00,1.1173244259728847,1.1176391728161958,1.1172017949702528,1.117293132572399,1923
2024-02-23 02:00:00,1.117293132572399,1.117557681465776,1.1161173262564745,1.116151150793603,2428
2024-02-23 03:00:00,1.116151150793603,1.1165905276536363,1.116095390831126,1.1164512630812202,8650
2024-02-23 04:00:00,1.1164512630812202,1.1166228428462786,1.1161209584898513,1.1162316723960648,9304
2024-02-23 05:00:00,1.1162316723960648,1.1164778603997845,1.1160613399611978,1.1164520535767586,7881
2024-02-23 06:00:00,1.1164520535767586,1.1165065355800794,1.1154554358729198,1.1157021807285872,8073
2024-02-23 07:00:00,1.1157021807285872,1.1158335185977126,1.1152657001873894,1.1153177619956436,5311
2024-02-23 08:00:00,1.1153177619956436,1.1153565030716046,1.114295445760552,1.1144035033493591,2994
2024-02-23 09:00:00,1.1144035033493591,1.1146203429981678,1.1140868277400513,1.1141288883480958,2795
2024-02-23 10:00:00,1.1141288883480958,1.1143415097304878,1.114085327880146,1.1142379582410433,4196
2024-02-23 11:00:00,1.1142379582410433,1.1143457104085126,1.1138696133371826,1.1139206027312634,4141
2024-02-23 12:00:00,1.1139206027312634,1.1146180270148294,1.1138210103618997,1.11446367885191,5510
2024-02-23 13:00:00,1.11446367885191,1.1145331161509324,1.1137575612246475,1.1139117216686452,1369
2024-02-23 14:00:00,1.1139117216686452,1.1142521021146488,1.113357104025475,1.1134693716247634,1363
2024-02-23 15:00:00,1.1134693716247634,1.1139019915903605,1.1130291229300733,1.11384703112941,6724
2024-02-23 16:00:00,1.11384703112941,1.113969785300568,1.112671710758313,1.1127468019298385,6897
2024-02-23 17:00:00,1.1127468019298385,1.1133375694386094,1.1125678198186333,1.113229651194462,5736
2024-02-23 17:00:00,1.113229651194462,1.1135910594734484,1.1119656834686547,1.1120206525287886,947
2024-02-23 18:00:00,1.1120206525287886,1.1120470013386312,1.1118351418626262,1.1120346246680537,4984
2024-02-23 18:00:00,1.1120346246680537,1.11230727046308,1.1113701886123315,1.1114309138269112,2461
2024-02-23 19:00:00,1.1114309138269112,1.1119391112360328,1.1112057964041049,1.111690661929323,2286
2024-02-23 19:00:00,1.111690661929323,1.1117769882552504,1.110912394343371,1.1110603294369945,597
2024-02-23 20:00:00,1.1110603294369945,1.1118627533286123,1.11094890332248,1.1117410062107873,2268
2024-02-23 20:00:00,1.1117410062107873,1.1119227601449488,1.1108730570889878,1.1112099620559084,6708
2024-02-23 21:00:00,1.1112099620559084,1.1119575174672711,1.1109074562628487,1.1116873143167738,7233
2024-02-23 21:00:00,1.1116873143167738,1.1118271972247984,1.1101905817822886,1.1102229214876296,7153
2024-02-23 22:00:00,1.1102229214876296,1.110613607637818,1.1100622905391069,1.1103313962716046,2511
2024-02-23 22:00:00,1.1103313962716046,1.111088798979018,1.110269098099845,1.1107102465435,9813
2024-02-23 23:00:00,1.1107102465435,1.1108171195232273,1.1099016421197752,1.1099198608410263,763
2024-02-23 23:00:00,1.1099198608410263,1.110226167904075,1.1092209647621027,1.1094510182412824,1066
2024-02-24 00:00:00,1.1094510182412824,1.1098163808872288,1.109346303043601,1.1097110745498096,8841
2024-02-24 01:00:00,1.1097110745498096,1.1098529607812753,1.109451473443598,1.1095803925300811,9365
2024-02-24 02:00:00,1.1095803925300811,1.1096944553436383,1.1084762853016892,1.1087121069445618,4942
2024-02-24 03:00:00,1.1087121069445618,1.1088973019647048,1.1083183823342104,1.108336597506281,992
2024-02-24 04:00:00,1.108336597506281,1.108650688478511,1.1083325777559272,1.1084579070916958,9540
2024-02-24 05:00:00,1.1084579070916958,1.1085951170431028,1.1073187761821046,1.107442218631434,2533
2024-02-24 06:00:00,1.107442218631434,1.1075798052258443,1.1072658768535064,1.1073884735077606,1290
2024-02-24 07:00:00,1.1073884735077606,1.107820240503197,1.107376465999423,1.1077518754604059,1837
2024-02-24 08:00:00,1.1077518754604059,1.1079219981109962,1.1071014794193765,1.1072096807925331,8945
2024-02-24 09:00:00,1.1072096807925331,1.1078259198786793,1.1068560469339213,1.107555965264803,6127
2024-02-24 10:00:00,1.107555965264803,1.1076443350502512,1.107245146084217,1.1072673233607826,436
2024-02-24 11:00:00,1.1072673233607826,1.108039807817617,1.106987426075388,1.1078445996737458,534
2024-02-24 12:00:00,1.1078445996737458,1.1080518615232207,1.1073651010543675,1.1074057932825836,1371
2024-02-24 13:00:00,1.1074057932825836,1.1078243724636028,1.1072561740696594,1.1076063357693986,4682
2024-02-24 14:00:00,1.1076063357693986,1.1076650432753923,1.1064615360261665,1.1065114195637036,9792
2024-02-24 15:00:00,1.1065114195637036,1.106814508525374,1.106297404254745,1.1063737510885376,6943
2024-02-24 16:00:00,1.1063737510885376,1.1064077215600732,1.1056754933442405,1.1060028413366068,5289
2024-02-24 17:00:00,1.1060028413366068,1.106099304050794,1.1056767664673846,1.1058965631388729,1867
2024-02-24 18:00:00,1.1058965631388729,1.1071479619738753,1.105889206572238,1.1071314073931182,904
2024-02-24 19:00:00,1.1071314073931182,1.1071582406763174,1.1059750217399702,1.1060606901501024,7965
2024-02-24 20:00:00,1.1060606901501024,1.106142895137403,1.105336994427538,1.1055413190243526,4878
2024-02-24 21:00:00,1.1055413190243526,1.1061105235741386,1.1052861824923534,1.1060243510903356,3280
2024-02-24 22:00:00,1.1060243510903356,1.1064632275842996,1.1054187998835798,1.1057386940716025,2411
2024-02-24 23:00:00,1.1057386940716025,1.1063390591433238,1.105462290557864,1.1063059784112639,8820
2024-02-25 00:00:00,1.1063059784112639,1.1065297523364077,1.1057996245480137,1.1063195083304511,2485
2024-02-25 01:00:00,1.1063195083304511,1.106346621013734,1.1060027952382472,1.1061484989669501,9880
2024-02-25 02:00:00,1.1061484989669501,1.1068277861860611,1.1058447050107874,1.106588679908444,7242
2024-02-25 03:00:00,1.106588679908444,1.1073254388144196,1.1062881057867073,1.1070775263572035,1744
2024-02-25 04:00:00,1.1070775263572035,1.107228210249904,1.1063236674749795,1.1064465752317176,1692
2024-02-25 05:00:00,1.1064465752317176,1.1066703016985484,1.105768862911659,1.1057714715865345,177
2024-02-25 06:00:00,1.1057714715865345,1.1060298836534,1.1054877101265455,1.105637544471866,5758
2024-02-25 07:00:00,1.105637544471866,1.1064683573191605,1.105137364372279,1.1064362734427655,5650
2024-02-25 08:00:00,1.1064362734427655,1.1066827596905984,1.1055460568372524,1.1057365492313596,2793
2024-02-25 09:00:00,1.1057365492313596,1.1074708604258072,1.1056970251378004,1.107226070675178,7052
2024-02-25 10:00:00,1.107226070675178,1.1076332453822144,1.1063766416130858,1.1064704372287155,1438
2024-02-25 11:00:00,1.1064704372287155,1.1068353365588166,1.106389112821871,1.1066407836554646,3394
2024-02-25 12:00:00,1.1066407836554646,1.1067716940688093,1.1063505980772423,1.106758979360972,5408
2024-02-25 13:00:00,1.106758979360972,1.1071565774625602,1.106603956336654,1.1071507341813895,6548
2024-02-25 14:00:00,1.1071507341813895,1.1072756362724072,1.106415518516392,1.106564914684413,5071
2024-02-25 15:00:00,1.106564914684413,1.107030646482554,1.1064265909693887,1.1068131043973224,4974
2024-02-25 16:00:00,1.1068131043973224,1.1068136616194557,1.1065278657009792,1.1066344837813824,4025
2024-02-25 17:00:00,1.1066344837813824,1.1068304688963388,1.1059299829355325,1.1063214506533592,8014
2024-02-25 18:00:00,1.1063214506533592,1.1065910860624446,1.1060145915097621,1.1060177279570564,2187
2024-02-25 19:00:00,1.1060177279570564,1.1077384437399098,1.1059395023816698,1.1074097354380856,9429
2024-02-25 20:00:00,1.1074097354380856,1.1079462316120539,1.1068619073968582,1.1078173635586495,8970
2024-02-25 21:00:00,1.1078173635586495,1.1090986263374474,1.10776657321737,1.108987990888378,7889
2024-02-25 22:00:00,1.108987990888378,1.1092129773974386,1.1083504266947932,1.1086989810895693,8521
2024-02-25 23:00:00,1.1086989810895693,1.1088583038243536,1.1086071822892345,1.1088356249459603,2928
2024-02-26 00:00:00,1.1088356249459603,1.1088783999794714,1.1085044576332128,1.1086985208735705,2412
2024-02-26 01:00:00,1.1086985208735705,1.1092599166367425,1.1086228049249278,1.1090057262925241,6558
2024-02-26 02:00:00,1.1090057262925241,1.1096501885584318,1.1086524239324587,1.109518282264514,6871
2024-02-26 03:00:00,1.109518282264514,1.110229366206437,1.1090075723453028,1.1101271683723979,7782
2024-02-26 04:00:00,1.1101271683723979,1.1102052416112769,1.109896052170418,1.109926833215813,5742
2024-02-26 05:00:00,1.109926833215813,1.110114826781643,1.1090629049209377,1.1091582351290978,8198
2024-02-26 06:00:00,1.1091582351290978,1.110144657277448,1.1089677394977073,1.1100790950627333,9684
2024-02-26 07:00:00,1.1100790950627333,1.1102271930839998,1.109579917099233,1.1097528819869313,3835
2024-02-26 08:00:00,1.1097528819869313,1.1100944820776832,1.1096114755150093,1.1099379623581995,2124
2024-02-26 09:00:00,1.1099379623581995,1.1108289588864682,1.109891640863366,1.1107610070849387,7977
2024-02-26 10:00:00,1.1107610070849387,1.1115796232010855,1.1104891691861059,1.111013017143057,1760
2024-02-26 11:00:00,1.111013017143057,1.111134530901413,1.110542629179653,1.1108562656655585,329
2024-02-26 12:00:00,1.1108562656655585,1.1120101578730706,1.110839668181796,1.1119749353862787,9913
2024-02-26 13:00:00,1.1119749353862787,1.112455400625148,1.111813775455302,1.112280232143849,6541
2024-02-26 14:00:00,1.112280232143849,1.113104696373739,1.112145929702453,1.1128290029026482,1678
2024-02-26 15:00:00,1.1128290029026482,1.1128304754389329,1.1121965889730592,1.112492298360459,6129
2024-02-26 16:00:00,1.112492298360459,1.1126310830070973,1.1116001118747423,1.1117434297426942,3887
2024-02-26 17:00:00,1.1117434297426942,1.1122429127679783,1.1112190280281986,1.1112282293055458,380
2024-02-26 18:00:00,1.1112282293055458,1.1120790761142434,1.111224208012172,1.1118152824145828,2615
2024-02-26 19:00:00,1.1118152824145828,1.1124374749099257,1.1117155556354252,1.1123655271149004,2555
2024-02-26 20:00:00,1.1123655271149004,1.1125669125870894,1.111714587127848,1.1117241521918049,6093
2024-02-26 21:00:00,1.1117241521918049,1.1119751813494798,1.110814441948676,1.110913976453362,868
2024-02-26 22:00:00,1.110913976453362,1.1109276507665555,1.109805938077687,1.110155231422803,3186
2024-02-26 23:00:00,1.110155231422803,1.110497437184641,1.1098875041619802,1.1099922962643956,645
2024-02-27 00:00:00,1.1099922962643956,1.1100132898059083,1.109401383857678,1.1095239420059946,6151
2024-02-27 01:00:00,1.1095239420059946,1.109535616064158,1.1093184725029022,1.1094392442891496,4346
2024-02-27 02:00:00,1.1094392442891496,1.1096339895353202,1.1084966130806109,1.1085563726366752,6033
2024-02-27 03:00:00,1.1085563726366752,1.1087782519006872,1.1083491439222801,1.1087608486046088,6861
2024-02-27 04:00:00,1.1087608486046088,1.1094488559127238,1.1086756974836784,1.109369939915627,113
2024-02-27 05:00:00,1.109369939915627,1.1096456283151295,1.1089889510248248,1.1095344400248004,9693
2024-02-27 06:00:00,1.1095344400248004,1.110022126264218,1.1094136723653019,1.109868712773138,2354
2024-02-27 07:00:00,1.109868712773138,1.1103103689283835,1.109171259901075,1.1092173771807798,5606
2024-02-27 08:00:00,1.1092173771807798,1.1093059661848965,1.1092087690066097,1.109276990472507,1198
2024-02-27 09:00:00,1.109276990472507,1.1098974746119135,1.1092207653755295,1.109782658096496,8216
2024-02-27 10:00:00,1.109782658096496,1.1107016138667898,1.1097628713390901,1.110575985118956,3304
2024-02-27 11:00:00,1.110575985118956,1.1105800685523985,1.1101417782866794,1.110434913058148,8722
2024-02-27 12:00:00,1.110434913058148,1.110511688006414,1.1095361668675219,1.109576622949046,894
2024-02-27 13:00:00,1.109576622949046,1.109585673809439,1.1089968005253383,1.1092434207863413,4066
2024-02-27 14:00:00,1.1092434207863413,1.1096045546048081,1.1090349664687318,1.1095653975506143,8499
2024-02-27 15:00:00,1.1095653975506143,1.1098770126283064,1.109394757241604,1.1097732792843822,2611
2024-02-27 16:00:00,1.1097732792843822,1.1101596294843794,1.1094923158955967,1.1099633642970759,8115
2024-02-27 17:00:00,1.1099633642970759,1.1100886512315666,1.1099024571524578,1.1099184388429904,679
2024-02-27 18:00:00,1.1099184388429904,1.1102961262309132,1.1094606018005422,1.1094934501975486,7235
2024-02-27 19:00:00,1.1094934501975486,1.1096654949039706,1.1092328812448438,1.1096038929235272,2930
2024-02-27 20:00:00,1.1096038929235272,1.1097437935674013,1.1094642981175011,1.1097379554666142,6269
2024-02-27 21:00:00,1.1097379554666142,1.1098294203228316,1.1084082837732454,1.1088279280681548,8031
2024-02-27 22:00:00,1.1088279280681548,1.108971160753436,1.1084394789492036,1.1089497664594643,9925
2024-02-27 23:00:00,1.1089497664594643,1.1092748752661767,1.1075128947108044,1.1080142090249117,4194
2024-02-28 00:00:00,1.1080142090249117,1.1082840959962617,1.1079929702069038,1.1082271286087133,9812
2024-02-28 01:00:00,1.1082271286087133,1.1099618835955267,1.1080972556447906,1.1098598587232766,3581
2024-02-28 02:00:00,1.1098598587232766,1.1100282331927847,1.1094960790168367,1.1099461294962387,195
2024-02-28 03:00:00,1.1099461294962387,1.1111075727827178,1.109873927651588,1.110646730395529,3610
2024-02-28 04:00:00,1.110646730395529,1.1122933360396963,1.1103583419151384,1.1120726925252855,9823
2024-02-28 05:00:00,1.1120726925252855,1.1125597549916422,1.1117785280578782,1.1119153606996,4975
2024-02-28 06:00:00,1.1119153606996,1.1121653247675178,1.1114698699508911,1.1115229174589851,5907
2024-02-28 07:00:00,1.1115229174589851,1.1118559539139181,1.111283535269233,1.1116329894764476,714
2024-02-28 08:00:00,1.1116329894764476,1.1116547941604402,1.1107377010803476,1.1107445761421528,7304
2024-02-28 09:00:00,1.1107445761421528,1.1113367162647614,1.110720652217279,1.1112894264974142,7477
2024-02-28 10:00:00,1.1112894264974142,1.11132628831023,1.1108677752753533,1.110951780820812,7123
2024-02-28 11:00:00,1.110951780820812,1.1111973168137033,1.1102586978771058,1.1103769534789798,8034
2024-02-28 12:00:00,1.1103769534789798,1.1106756554346304,1.1097542957378312,1.1101790852543714,8104
2024-02-28 13:00:00,1.1101790852543714,1.1109849538659042,1.1099802142412452,1.1103994998474096,5662
2024-02-28 14:00:00,1.1103994998474096,1.1104481267784374,1.109607300780439,1.109701341448196,9351
2024-02-28 15:00:00,1.109701341448196,1.109993405174075,1.1093416985003142,1.1097170868303823,5734
2024-02-28 16:00:00,1.1097170868303823,1.109777282892861,1.1081863332234894,1.108312620628986,9958
2024-02-28 17:00:00,1.108312620628986,1.1094787097086343,1.1079538364063475,1.1094117491111453,5439
2024-02-28 18:00:00,1.1094117491111453,1.109543176103601,1.1087599938796011,1.1088995376603807,7198
2024-02-28 19:00:00,1.1088995376603807,1.1090266458801439,1.1083687483251232,1.1084104128268484,7148
2024-02-28 20:00:00,1.1084104128268484,1.1086646258920498,1.108113086726912,1.1083090991872802,5757
2024-02-28 21:00:00,1.1083090991872802,1.108472580814163,1.1074767150029337,1.1075409732970851,8813
2024-02-28 22:00:00,1.1075409732970851,1.1076754319786932,1.1063742375760206,1.1066743328858533,1022
2024-02-28 23:00:00,1.1066743328858533,1.106821808866553,1.1062462092330074,1.106413046202754,4304
2024-02-29 00:00:00,1.106413046202754,1.1064585901257211,1.1049017014319011,1.105044800051255,5025
2024-02-29 01:00:00,1.105044800051255,1.1051349925782101,1.103568215691637,1.1037695617058825,9496
2024-02-29 02:00:00,1.1037695617058825,1.1037770700741798,1.1030440067488818,1.1032623678166968,6585
2024-02-29 03:00:00,1.1032623678166968,1.10329276129316,1.1021785618914188,1.102390590655153,7924
2024-02-29 04:00:00,1.102390590655153,1.1024258173558632,1.1011915312701817,1.1017714340461553,9788
2024-02-29 05:00:00,1.1017714340461553,1.1024971485242063,1.1017540938189256,1.1023960014377117,4861
2024-02-29 06:00:00,1.1023960014377117,1.1032722548854372,1.1022172984192078,1.1032252700311331,8620
2024-02-29 07:00:00,1.1032252700311331,1.1033544481151882,1.1028273009079859,1.1030471098582968,6799
2024-02-29 08:00:00,1.1030471098582968,1.1039217594008932,1.1030307120955318,1.1037929346473232,5455
2024-02-29 09:00:00,1.1037929346473232,1.1039274125148455,1.1025092396917815,1.1025425708552534,1564
2024-02-29 10:00:00,1.1025425708552534,1.1035221314165067,1.1023833580277094,1.1033287910383662,2134
2024-02-29 11:00:00,1.1033287910383662,1.103663479415491,1.1025330607462724,1.1026214100935479,3690
2024-02-29 12:00:00,1.1026214100935479,1.1030257467968705,1.1021751103113424,1.1027768337647994,6939
2024-02-29 13:00:00,1.1027768337647994,1.1027770557537369,1.1019966253224218,1.1023055120920715,8794
2024-02-29 14:00:00,1.1023055120920715,1.1029748479681034,1.1020723287880205,1.1028546226575697,6607
2024-02-29 15:00:00,1.1028546226575697,1.1028819421366876,1.101437689801459,1.1014427668570534,8780
2024-02-29 16:00:00,1.1014427668570534,1.1015489457198966,1.1011458148710038,1.1013174426851906,7467
2024-02-29 17:00:00,1.1013174426851906,1.1015396488320495,1.1009066789471733,1.1014505187714434,3937
2024-02-29 18:00:00,1.1014505187714434,1.1017074651756127,1.1011754165935297,1.1017004875861949,1526
2024-02-29 19:00:00,1.1017004875861949,1.102667726558371,1.1014557164024863,1.102497501738695,1699
2024-02-29 20:00:00,1.102497501738695,1.1026926444142289,1.1024895631253904,1.1024897142268812,1934
2024-02-29 21:00:00,1.1024897142268812,1.1025791105702831,1.1020295322347584,1.1021572493997873,9332
2024-02-29 22:00:00,1.1021572493997873,1.1033241466026031,1.1020599874011172,1.1032761750534332,138
2024-02-29 23:00:00,1.1032761750534332,1.1036744491371167,1.103185887493268,1.1032644701953778,3014
2024-03-01 00:00:00,1.1032644701953778,1.1041146386897271,1.103256285245632,1.103955215976482,6538
2024-03-01 01:00:00,1.103955215976482,1.1041741707709902,1.1038939380800674,1.1040666171329165,8330
2024-03-01 02:00:00,1.1040666171329165,1.104239322781421,1.1036548672199904,1.1036891610835085,286
2024-03-01 03:00:00,1.1036891610835085,1.104017551681108,1.1034551049422292,1.1039239615966816,9041
2024-03-01 04:00:00,1.1039239615966816,1.1041123736333964,1.1029922920870947,1.103101891250843,5157
2024-03-01 05:00:00,1.103101891250843,1.1033268582263005,1.1027847661094892,1.1032626264185594,2931
2024-03-01 06:00:00,1.1032626264185594,1.103628019984183,1.1031733191171713,1.1036162758987622,4657
2024-03-01 07:00:00,1.1036162758987622,1.1041863027097114,1.1034440139828228,1.1040905020810328,768
2024-03-01 08:00:00,1.1040905020810328,1.10538881875576,1.1038977169964217,1.1053593507104356,5450
2024-03-01 09:00:00,1.1053593507104356,1.1061298596650204,1.1053043264247846,1.1056314228653004,2853
2024-03-01 10:00:00,1.1056314228653004,1.1058457260524166,1.1051949408628243,1.1054962476688623,5469
2024-03-01 11:00:00,1.1054962476688623,1.1058230322606741,1.1041319290938092,1.1042168953633142,4973
2024-03-01 12:00:00,1.1042168953633142,1.1045022606786705,1.1041872085186182,1.1042010759509613,3646
2024-03-01 13:00:00,1.1042010759509613,1.1043651224306226,1.1039541694085595,1.1041176306493072,4848
2024-03-01 14:00:00,1.1041176306493072,1.105490170665927,1.1040464122395834,1.1050497678809952,281
2024-03-01 15:00:00,1.1050497678809952,1.1050501632499463,1.1046675039169418,1.104974078588069,6245
2024-03-01 16:00:00,1.104974078588069,1.10524951477537,1.1037433632697937,1.1039473705711742,3341
2024-03-01 17:00:00,1.1039473705711742,1.104099964912475,1.103647315649374,1.1040317217439766,9268
2024-03-01 17:00:00,1.1040317217439766,1.1049427808999617,1.1039121019129672,1.104414378517863,3023
2024-03-01 18:00:00,1.104414378517863,1.1047558673290616,1.103936784976758,1.1046828111574207,1545
2024-03-01 18:00:00,1.1046828111574207,1.1048607888966893,1.1044633671190995,1.1046936510956853,7239
2024-03-01 19:00:00,1.1046936510956853,1.1051249342123828,1.1043919399020428,1.1050096439433583,1408
2024-03-01 19:00:00,1.1050096439433583,1.1056052307104491,1.1048554801828125,1.1052637647485373,8671
2024-03-01 20:00:00,1.1052637647485373,1.1055310784486003,1.1039949048934397,1.1042622363649914,1955
2024-03-01 20:00:00,1.1042622363649914,1.1054694630259883,1.1042354446888754,1.1052252040368513,8847
2024-03-01 21:00:00,1.1052252040368513,1.1052872822351267,1.1047544969714151,1.1050640572826769,4767
2024-03-01 21:00:00,1.1050640572826769,1.1053476057339038,1.1050453525833892,1.1051985335890882,9514
2024-03-01 22:00:00,1.1051985335890882,1.1052129642364525,1.1046739638029657,1.104821611249129,208
2024-03-01 22:00:00,1.104821611249129,1.1048682198394348,1.1040772389114897,1.1042208518682133,8356
2024-03-01 23:00:00,1.1042208518682133,1.1044475360718717,1.1039045398930756,1.1039745246361254,6134
2024-03-01 23:00:00,1.1039745246361254,1.104442090185203,1.1036619996530204,1.1038341510133607,7952
2024-03-02 00:00:00,1.1038341510133607,1.1040983620682383,1.1035810993315436,1.1038901712334788,9724
2024-03-02 01:00:00,1.1038901712334788,1.1039315681512984,1.1036619623352215,1.103868167390251,5820
2024-03-02 02:00:00,1.103868167390251,1.1041571137139614,1.1037993477845987,1.104046720862095,4027
2024-03-02 03:00:00,1.104046720862095,1.1041990857964268,1.1039922413580658,1.104034314780774,2597
2024-03-02 04:00:00,1.104034314780774,1.104857582443016,1.1037346952540765,1.1046232204143613,3076
2024-03-02 05:00:00,1.1046232204143613,1.1046836125943957,1.1035826307962315,1.103692112300785,840
2024-03-02 06:00:00,1.103692112300785,1.1048971080826586,1.1034626803985828,1.1047366682010515,570
2024-03-02 07:00:00,1.1047366682010515,1.1051600130823471,1.104545507652029,1.105151247322455,1765
2024-03-02 08:00:00,1.105151247322455,1.1051545610044196,1.1047336199708444,1.1048702848731475,4090
2024-03-02 09:00:00,1.1048702848731475,1.1051382586188545,1.104795929070843,1.1051255288065551,8401
2024-03-02 10:00:00,1.1051255288065551,1.1055039671587217,1.1042195725424422,1.1043963163705803,4489
2024-03-02 11:00:00,1.1043963163705803,1.104541234726325,1.103593121892059,1.1036828189828982,2362
2024-03-02 12:00:00,1.1036828189828982,1.103701294341226,1.1029803030982068,1.103293227523674,1059
2024-03-02 13:00:00,1.103293227523674,1.1039129095315596,1.102986723868308,1.1036626697042329,1659
2024-03-02 14:00:00,1.1036626697042329,1.104560748853598,1.1036318701711934,1.1043335592844092,9408
2024-03-02 15:00:00,1.1043335592844092,1.1045680406235876,1.10430705985571,1.1043912408522383,780
2024-03-02 16:00:00,1.1043912408522383,1.1044587372671835,1.1036922828739717,1.1037449444353473,9343
2024-03-02 17:00:00,1.1037449444353473,1.1040632245089,1.1030840941122155,1.1032594369494928,3873
2024-03-02 18:00:00,1.1032594369494928,1.1040378984291792,1.102868853472995,1.1036920618512784,5091
2024-03-02 19:00:00,1.1036920618512784,1.103775422166175,1.103178853184257,1.1034122773418578,2050
2024-03-02 20:00:00,1.1034122773418578,1.1040412648160647,1.1031970011043772,1.1038246648283614,4794
2024-03-02 21:00:00,1.1038246648283614,1.1043671873411234,1.1037418544249147,1.1037717455635476,7157
2024-03-02 22:00:00,1.1037717455635476,1.1038315095813536,1.1027545081545613,1.1028261570301428,4862
2024-03-02 23:00:00,1.1028261570301428,1.1032845392835064,1.1017870215215804,1.1021605139224127,2167
2024-03-03 00:00:00,1.1021605139224127,1.1022404070205072,1.1020192775412867,1.1020451150359531,8248
2024-03-03 01:00:00,1.1020451150359531,1.1022418855046743,1.1017688201903508,1.1017939974964661,9663
2024-03-03 02:00:00,1.1017939974964661,1.10197271649921,1.1007738445273028,1.1011021205504232,7456
2024-03-03 03:00:00,1.1011021205504232,1.101155232652927,1.1004414050382323,1.1007154254089544,6608
2024-03-03 04:00:00,1.1007154254089544,1.101384098845123,1.1003394504990702,1.1013666818998942,2092
2024-03-03 05:00:00,1.1013666818998942,1.1018322200442625,1.1012879072562611,1.1015470164208385,3331
2024-03-03 06:00:00,1.1015470164208385,1.1018551632254052,1.1014743017618556,1.1017969226743776,2613
2024-03-03 07:00:00,1.1017969226743776,1.1018412789551209,1.1006812197174871,1.1008750935779688,1961
2024-03-03 08:00:00,1.1008750935779688,1.1010262837193072,1.1004746811688804,1.1005467695041389,6045
2024-03-03 09:00:00,1.1005467695041389,1.100813279797672,1.0999336091278846,1.100119395530591,9513
2024-03-03 10:00:00,1.100119395530591,1.100226877931155,1.0998243656500986,1.0999528258971007,5428
2024-03-03 11:00:00,1.0999528258971007,1.1000667656896859,1.0992835035871287,1.099355069173817,2413
2024-03-03 12:00:00,1.099355069173817,1.1009837561417115,1.0989140102992658,1.100906491646622,869
2024-03-03 13:00:00,1.100906491646622,1.101429776767457,1.1008402211868045,1.101229088986757,7236
2024-03-03 14:00:00,1.101229088986757,1.102297891666819,1.1011674305740293,1.102266324164851,3662
2024-03-03 15:00:00,1.102266324164851,1.1022809915138065,1.1017897453021985,1.1019834992813349,9724
2024-03-03 16:00:00,1.1019834992813349,1.102754070070616,1.1018351348224569,1.1026816005591067,1459
2024-03-03 17:00:00,1.1026816005591067,1.102762258117489,1.1022579771100645,1.1022748825068214,1356
2024-03-03 18:00:00,1.1022748825068214,1.1029595772423522,1.102263534170162,1.1027177375001043,7983
2024-03-03 19:00:00,1.1027177375001043,1.1030276372406782,1.1025139528520862,1.1028436629374874,8364
2024-03-03 20:00:00,1.1028436629374874,1.1030517026796784,1.1021742799137049,1.102314043047761,5220
2024-03-03 21:00:00,1.102314043047761,1.1030585549918934,1.102020686536381,1.1030102688789485,9474
2024-03-03 22:00:00,1.1030102688789485,1.103673518298407,1.1028745232650925,1.1034353349972121,5728
2024-03-03 23:00:00,1.1034353349972121,1.1035046893125655,1.1024320586997711,1.1025492172444609,8774
2024-03-04 00:00:00,1.1025492172444609,1.1027409805057544,1.101726789994339,1.1019523272532423,9531
2024-03-04 01:00:00,1.1019523272532423,1.1021144329792067,1.10103335543946,1.1012047505468565,2342
2024-03-04 02:00:00,1.1012047505468565,1.1012417700767407,1.1009360425792445,1.1011784684200911,8694
2024-03-04 03:00:00,1.1011784684200911,1.1013987344530691,1.1005553982941527,1.1006986663102607,6247
2024-03-04 04:00:00,1.1006986663102607,1.101996760345495,1.1006774481831925,1.1018052993809764,864
2024-03-04 05:00:00,1.1018052993809764,1.1025617226669389,1.101544084940202,1.1024841475105664,8063
2024-03-04 06:00:00,1.1024841475105664,1.1025875168872012,1.1016240243369064,1.101747830926224,1935
2024-03-04 07:00:00,1.101747830926224,1.1028169444380043,1.1014761959419286,1.1025533050245575,9095
2024-03-04 08:00:00,1.1025533050245575,1.102576216910052,1.1021985824075844,1.1022154012852345,6168
2024-03-04 09:00:00,1.1022154012852345,1.102478800002057,1.1022063767071697,1.1024509942646663,3102
2024-03-04 10:00:00,1.1024509942646663,1.1024797261706458,1.101871920570492,1.1019049366834928,7226
2024-03-04 11:00:00,1.1019049366834928,1.102035819570832,1.1016503937366986,1.1019493605350106,2919
2024-03-04 12:00:00,1.1019493605350106,1.1025053532598552,1.100860977950986,1.1010685762219838,3224
2024-03-04 13:00:00,1.1010685762219838,1.1014840001927386,1.10052075719639,1.1005678119783844,3295
2024-03-04 14:00:00,1.1005678119783844,1.101636837449771,1.1002679757379927,1.1012404445526232,8601
2024-03-04 15:00:00,1.1012404445526232,1.1022111261910759,1.101103802071823,1.1021086084316802,7095
2024-03-04 16:00:00,1.1021086084316802,1.1035168533939823,1.1016483140881463,1.1034675863377463,6941
2024-03-04 17:00:00,1.1034675863377463,1.103519374097062,1.1028377387702515,1.1028753106504532,6256
2024-03-04 18:00:00,1.1028753106504532,1.1039502271965915,1.1026556136752428,1.1039158924658066,2356
2024-03-04 19:00:00,1.1039158924658066,1.1043179016075617,1.103901442056159,1.1041365927761397,534
2024-03-04 20:00:00,1.1041365927761397,1.1049011436632838,1.104111288996749,1.1047981094834654,8178
2024-03-04 21:00:00,1.1047981094834654,1.1054679220314336,1.1045136635535642,1.1054630423179863,6119
2024-03-04 22:00:00,1.1054630423179863,1.1065694015892646,1.1054622814912523,1.1061810298573889,949
2024-03-04 23:00:00,1.1061810298573889,1.1063615916427814,1.1049210495332475,1.1050829024728959,8398
2024-03-05 00:00:00,1.1050829024728959,1.1052589156654873,1.1044364210316129,1.1047231821963985,2771
2024-03-05 01:00:00,1.1047231821963985,1.1047963176129045,1.1045368254669807,1.1046376796165884,8411
2024-03-05 02:00:00,1.1046376796165884,1.105387129844861,1.1045763894439957,1.1053706791049267,6310
2024-03-05 03:00:00,1.1053706791049267,1.1054585763145284,1.1051713717466516,1.1051910337161424,8244
2024-03-05 04:00:00,1.1051910337161424,1.1052639460116134,1.1041700928099691,1.1043061275052388,5916
2024-03-05 05:00:00,1.1043061275052388,1.1044044166074176,1.1040420160567568,1.104087832262941,5888
2024-03-05 06:00:00,1.104087832262941,1.1043483503422984,1.1031623381655213,1.1031898705536949,2261
2024-03-05 07:00:00,1.1031898705536949,1.1033527501911842,1.1027566228417025,1.1030567914477585,3816
2024-03-05 08:00:00,1.1030567914477585,1.103776173801229,1.10253316480802,1.103650439751823,9051
2024-03-05 09:00:00,1.103650439751823,1.1036774778200205,1.1023260674080464,1.1023913141489348,1746
2024-03-05 10:00:00,1.1023913141489348,1.1024923815784642,1.1014531563073084,1.1015587241772915,8523
2024-03-05 11:00:00,1.1015587241772915,1.1018353923326858,1.1002916310111723,1.1004719767506004,9886
2024-03-05 12:00:00,1.1004719767506004,1.1007621132063363,1.1003797233405008,1.1006089041658562,661
2024-03-05 13:00:00,1.1006089041658562,1.1006634730751241,1.099288017203711,1.0994820522202244,6559
2024-03-05 14:00:00,1.0994820522202244,1.0997833572718323,1.0984750777624073,1.0986759358751061,1906
2024-03-05 15:00:00,1.0986759358751061,1.0988155882448565,1.0983320072604164,1.0983568423973653,975
2024-03-05 16:00:00,1.0983568423973653,1.0983905024819995,1.0976115559813497,1.0977313766477224,6614
2024-03-05 17:00:00,1.0977313766477224,1.0979013208320179,1.0972402778709163,1.097336874656131,9930
2024-03-05 18:00:00,1.097336874656131,1.0974190944721112,1.0972739364903734,1.097411579500244,9284
2024-03-05 19:00:00,1.097411579500244,1.0977775158632856,1.0965775168584215,1.096700710259631,3835
2024-03-05 20:00:00,1.096700710259631,1.0970206362231374,1.0966417664090504,1.0969718305527032,9848
2024-03-05 21:00:00,1.0969718305527032,1.0971490386020988,1.0966201859171694,1.0966867017931394,4453
2024-03-05 22:00:00,1.0966867017931394,1.0979418071346052,1.0964053063007186,1.0978962059892432,2576
2024-03-05 23:00:00,1.0978962059892432,1.0985756746324555,1.0977148762802122,1.0985540718082596,7861
2024-03-06 00:00:00,1.0985540718082596,1.0995061232808077,1.0984777866847528,1.0993009071119686,776
2024-03-06 01:00:00,1.0993009071119686,1.1002540717528748,1.0992292912227328,1.1002407819578128,6906
2024-03-06 02:00:00,1.1002407819578128,1.1006061601961339,1.09996677663234,1.1005184443379497,3856
2024-03-06 03:00:00,1.1005184443379497,1.1012751550521103,1.1004201617866785,1.1010214384049808,8716
2024-03-06 04:00:00,1.1010214384049808,1.1013316874582664,1.1006441071608641,1.100820564459384,1700
2024-03-06 05:00:00,1.100820564459384,1.1008496499028653,1.100161535698244,1.1003022777781102,5981
2024-03-06 06:00:00,1.1003022777781102,1.1018235939325198,1.100234406615559,1.1012829243230984,1440
2024-03-06 07:00:00,1.1012829243230984,1.1013566481962556,1.1009070128178644,1.1010684221011857,8921
2024-03-06 08:00:00,1.1010684221011857,1.101848172134621,1.1010601546602239,1.1017803098971932,3108
2024-03-06 09:00:00,1.1017803098971932,1.1018960956269075,1.1014358337550552,1.1015278422198274,2165
2024-03-06 10:00:00,1.1015278422198274,1.102930203807154,1.1013637825449256,1.102793068823636,8034
2024-03-06 11:00:00,1.102793068823636,1.102896391663388,1.102296276298303,1.1025009269429782,267
2024-03-06 12:00:00,1.1025009269429782,1.1028511220578592,1.1017371603431347,1.1017726587198895,8308
2024-03-06 13:00:00,1.1017726587198895,1.102088545979633,1.10153439517279,1.1016979735412178,7152
2024-03-06 14:00:00,1.1016979735412178,1.102110971212439,1.1014666067850103,1.1021077265889199,1645
2024-03-06 15:00:00,1.1021077265889199,1.1021638269996021,1.1018009809119091,1.1020815541433506,1630
2024-03-06 16:00:00,1.1020815541433506,1.10252868538334,1.1018011522781668,1.1023916273663978,3913
2024-03-06 17:00:00,1.1023916273663978,1.1027104941795116,1.102097310349884,1.102671833334222,1597
2024-03-06 18:00:00,1.102671833334222,1.103190736642878,1.1026331478085059,1.102895714170016,642
2024-03-06 19:00:00,1.102895714170016,1.1034711691445738,1.1026315357135148,1.1034445685117877,9018
2024-03-06 20:00:00,1.1034445685117877,1.104505138564916,1.1032133671778974,1.1044733873547286,478
2024-03-06 21:00:00,1.1044733873547286,1.1045241348140835,1.103446775291913,1.1038053905714955,4535
2024-03-06 22:00:00,1.1038053905714955,1.1038593809508606,1.103420931613482,1.103729621802119,4402
2024-03-06 23:00:00,1.103729621802119,1.1049318923214073,1.103677614552083,1.104645661897855,6382
2024-03-07 00:00:00,1.104645661897855,1.1046888193231208,1.1040152525549092,1.1042508048465074,9137
2024-03-07 01:00:00,1.1042508048465074,1.1052262099235846,1.1039851716357159,1.1048581566466253,3952
2024-03-07 02:00:00,1.1048581566466253,1.1052112341640314,1.104031903300556,1.1043800915978752,4921
2024-03-07 03:00:00,1.1043800915978752,1.1045626156623833,1.1036050669401032,1.1036894103267039,773
2024-03-07 04:00:00,1.1036894103267039,1.1038513552938574,1.103057489067769,1.1030950491353775,3620
2024-03-07 05:00:00,1.1030950491353775,1.1032313978171404,1.102537674126916,1.1027301747040759,6446
2024-03-07 06:00:00,1.1027301747040759,1.1029362830315168,1.102729831873342,1.102782787162606,2157
2024-03-07 07:00:00,1.102782787162606,1.10445584545182,1.1027377346341076,1.1041681014316087,5295
2024-03-07 08:00:00,1.1041681014316087,1.1042411802799936,1.102912988319643,1.1029208207427315,5965
2024-03-07 09:00:00,1.1029208207427315,1.1029955274794139,1.1015926453668696,1.1018837322636528,837
2024-03-07 10:00:00,1.1018837322636528,1.1021973611263367,1.1016141371725165,1.101705579785255,6247
2024-03-07 11:00:00,1.101705579785255,1.1018576525134982,1.101160170450589,1.1012388927669956,2753
2024-03-07 12:00:00,1.1012388927669956,1.101318315833309,1.1010096691957276,1.1010179635513275,9353
2024-03-07 13:00:00,1.1010179635513275,1.1011886626473397,1.1008744913145463,1.101008378697273,9610
2024-03-07 14:00:00,1.101008378697273,1.1011764387096732,1.1008210602960244,1.1010658576639534,7356
2024-03-07 15:00:00,1.1010658576639534,1.1017946203982802,1.100996962222203,1.1017431697140578,9121
2024-03-07 16:00:00,1.1017431697140578,1.101852187160057,1.1010806289044082,1.1014439800303233,6849
2024-03-07 17:00:00,1.1014439800303233,1.1014662438000828,1.1011947370501585,1.1012545541969627,5206
2024-03-07 18:00:00,1.1012545541969627,1.1016799481547472,1.1007130454258864,1.1015070984778075,2247
2024-03-07 19:00:00,1.1015070984778075,1.1017577996802819,1.1007642182209145,1.1008072091885304,7526
2024-03-07 20:00:00,1.1008072091885304,1.1013017566233128,1.1006740704955515,1.1012535812718727,1402
2024-03-07 21:00:00,1.1012535812718727,1.1016870518322972,1.1010981939312863,1.10149984059871,3175
2024-03-07 22:00:00,1.10149984059871,1.1016304306298763,1.1011121800194652,1.101222137891393,6833
2024-03-07 23:00:00,1.101222137891393,1.1013651727694185,1.1011288902594056,1.1011391139980087,4905
2024-03-08 00:00:00,1.1011391139980087,1.1013005243036684,1.1009540355464802,1.101197343241042,1800
2024-03-08 01:00:00,1.101197343241042,1.1012919723316956,1.099862582873689,1.100003165161297,7786
2024-03-08 02:00:00,1.100003165161297,1.1001324432837276,1.0997872585908637,1.100028305384443,1124
2024-03-08 03:00:00,1.100028305384443,1.1011767201663116,1.0998635380105148,1.1009507501948679,8891
2024-03-08 04:00:00,1.1009507501948679,1.1020038841688875,1.1006708138939214,1.101559928579397,1541
2024-03-08 05:00:00,1.101559928579397,1.1016426133335244,1.1010337713516063,1.101040250594343,7447
2024-03-08 06:00:00,1.101040250594343,1.1019658375195889,1.1007544985619357,1.1017513291596743,745
2024-03-08 07:00:00,1.1017513291596743,1.103030252828302,1.1016591641865936,1.1026375949987341,7719
2024-03-08 08:00:00,1.1026375949987341,1.103539721798956,1.1024656282864407,1.103190805024941,2091
2024-03-08 09:00:00,1.103190805024941,1.103932507514303,1.102692242925062,1.1038658335440508,5938
2024-03-08 10:00:00,1.1038658335440508,1.104150342879234,1.1038211390430033,1.1039888246112144,3472
2024-03-08 11:00:00,1.1039888246112144,1.1043412383310205,1.1038120508321863,1.1040049398395368,4847
2024-03-08 12:00:00,1.1040049398395368,1.1041279287673431,1.1037609625361442,1.1038628991515926,1746
2024-03-08 13:00:00,1.1038628991515926,1.1050099359980878,1.1036573143985904,1.1044228547568102,3241
2024-03-08 14:00:00,1.1044228547568102,1.1047364524099224,1.1030515405148165,1.1033500329688177,7128
2024-03-08 15:00:00,1.1033500329688177,1.1035409565892078,1.1023907732551796,1.1024944170452686,4419
2024-03-08 16:00:00,1.1024944170452686,1.1026732636001688,1.10200477621926,1.1021580407242162,1854
2024-03-08 17:00:00,1.1021580407242162,1.1025463542843403,1.1016582452359391,1.1021352263377293,850
2024-03-08 17:00:00,1.1021352263377293,1.1029035191741021,1.1021036073625559,1.1024906751471317,942
2024-03-08 18:00:00,1.1024906751471317,1.1029393829980128,1.1021572237787818,1.1028799375536957,3514
2024-03-08 18:00:00,1.1028799375536957,1.1033070548997113,1.101791165562402,1.1018475724062438,8058
2024-03-08 19:00:00,1.1018475724062438,1.1025573710078502,1.101840867465766,1.1025509615090174,3610
2024-03-08 19:00:00,1.1025509615090174,1.1027703365248942,1.1007796924953535,1.10094410571096,2403
2024-03-08 20:00:00,1.10094410571096,1.1016980847005453,1.1009112758284156,1.1015332641211741,1605
2024-03-08 20:00:00,1.1015332641211741,1.1022117660081738,1.1014801455945216,1.1022001931986884,1527
2024-03-08 21:00:00,1.1022001931986884,1.102635450005285,1.1019737633705453,1.1024401637298455,3954
2024-03-08 21:00:00,1.1024401637298455,1.102457872572762,1.101973039880002,1.1020638181632327,4171
2024-03-08 22:00:00,1.1020638181632327,1.102395581964326,1.1017839725732186,1.102355541713466,2474
2024-03-08 22:00:00,1.102355541713466,1.1037823578153174,1.1021094011324692,1.1037259326599307,5709
2024-03-08 23:00:00,1.1037259326599307,1.1041960238304556,1.1025694265174109,1.1029040001577906,3905
2024-03-08 23:00:00,1.1029040001577906,1.1030860650261762,1.1022487084706891,1.1023877415203551,4035
2024-03-09 00:00:00,1.1023877415203551,1.1024760740331923,1.101464475310459,1.101751221315421,1483
2024-03-09 01:00:00,1.101751221315421,1.1020360129378606,1.1005598798247045,1.1005955856586487,3376
2024-03-09 02:00:00,1.1005955856586487,1.1005960594418753,1.0989187917817094,1.099027513160928,379
2024-03-09 03:00:00,1.099027513160928,1.1009024483790466,1.0989160856372473,1.1007288638864963,5274
2024-03-09 04:00:00,1.1007288638864963,1.101245104731801,1.1007264041966347,1.1009459964245014,4078
2024-03-09 05:00:00,1.1009459964245014,1.1010344597981343,1.100558832017771,1.100708977939172,2370
2024-03-09 06:00:00,1.100708977939172,1.100786171957686,1.0998777176162036,1.1001130466049835,6961
2024-03-09 07:00:00,1.1001130466049835,1.1002286692967267,1.099989683568891,1.1000412852761305,783
2024-03-09 08:00:00,1.1000412852761305,1.1004155001725922,1.099336751592471,1.0995069284102787,701
2024-03-09 09:00:00,1.0995069284102787,1.1010136531808101,1.0994116803396012,1.1009952421533478,2143
2024-03-09 10:00:00,1.1009952421533478,1.1022859230481898,1.1008442689140334,1.1020618394644026,1632
2024-03-09 11:00:00,1.1020618394644026,1.1020663073122663,1.1011723336108317,1.1015110430375143,1060
2024-03-09 12:00:00,1.1015110430375143,1.101634675127251,1.1013200741015103,1.1014997764424206,3177
2024-03-09 13:00:00,1.1014997764424206,1.1020438275036013,1.1014484262826882,1.1016571555540584,606
2024-03-09 14:00:00,1.1016571555540584,1.1022124690510848,1.1014959572078464,1.1019935093506394,9486
2024-03-09 15:00:00,1.1019935093506394,1.1020753223383062,1.1011349564633226,1.101268282040014,9166
2024-03-09 16:00:00,1.101268282040014,1.1015377328235303,1.1001968862877276,1.1003766462497764,2415
2024-03-09 17:00:00,1.1003766462497764,1.1004999103493152,1.1000511839041869,1.1004397451581087,2903
2024-03-09 18:00:00,1.1004397451581087,1.1006758757396782,1.1004019422985722,1.1005300838896714,5399
2024-03-09 19:00:00,1.1005300838896714,1.1008253363984717,1.100001213310752,1.1003623281972894,5249
2024-03-09 20:00:00,1.1003623281972894,1.1005644961442935,1.0992782323927472,1.0999840434302612,3290
2024-03-09 21:00:00,1.0999840434302612,1.10012555388732,1.0993423403669174,1.0994500984278328,3888
2024-03-09 22:00:00,1.0994500984278328,1.0994583567001897,1.0983900708472878,1.0986849713846973,833
2024-03-09 23:00:00,1.0986849713846973,1.0993097810152779,1.0985917336623081,1.0992252940206977,4655
2024-03-10 00:00:00,1.0992252940206977,1.099458104147179,1.0990487792276478,1.0991203773145304,1761
2024-03-10 01:00:00,1.0991203773145304,1.0995423449626556,1.0980885249018193,1.0983563902197153,4653
2024-03-10 02:00:00,1.0983563902197153,1.0985785317545333,1.098099190278412,1.0983647732902544,4762
2024-03-10 03:00:00,1.0983647732902544,1.0989630080173602,1.0983584695875888,1.0986128228289749,4234
2024-03-10 04:00:00,1.0986128228289749,1.098699293371815,1.0984049239748506,1.098548360354995,1069
2024-03-10 05:00:00,1.098548360354995,1.0985525789045651,1.0967723682692108,1.0969985817163113,361
2024-03-10 06:00:00,1.0969985817163113,1.0971550525008116,1.0964394534808066,1.0966100865420894,4379
2024-03-10 07:00:00,1.0966100865420894,1.0969204721601185,1.09651396482342,1.0967446793655042,4715
2024-03-10 08:00:00,1.0967446793655042,1.0974746360734353,1.096484457512226,1.09738870907773,3699
2024-03-10 09:00:00,1.09738870907773,1.0977330268268273,1.0971966480441127,1.097473029352375,4059
2024-03-10 10:00:00,1.097473029352375,1.0978407330770292,1.0966675667487908,1.0968471902136152,485
2024-03-10 11:00:00,1.0968471902136152,1.0971452323451123,1.096612956687074,1.0968787426755333,1134
2024-03-10 12:00:00,1.0968787426755333,1.097078361601087,1.0955065556072705,1.095857412577835,1639
2024-03-10 13:00:00,1.095857412577835,1.0970384360176377,1.0958379814204178,1.0965050549731736,1906
2024-03-10 14:00:00,1.0965050549731736,1.0972954884397217,1.0964366252429483,1.097195711800768,2156
2024-03-10 15:00:00,1.097195711800768,1.0975974264546051,1.0971802129407895,1.09748173450883,1700
2024-03-10 16:00:00,1.09748173450883,1.0979370565829305,1.0974714260671083,1.097723850148605,3787
2024-03-10 17:00:00,1.097723850148605,1.0994285494697524,1.0977189637805695,1.0991587136599748,4890
2024-03-10 18:00:00,1.0991587136599748,1.099979758851755,1.0987683930773982,1.0996677077458488,900
2024-03-10 19:00:00,1.0996677077458488,1.0997230856170026,1.0992441730816138,1.0993785172394654,2169
2024-03-10 20:00:00,1.0993785172394654,1.0996589910961503,1.098089945819396,1.0985081646739425,7309
2024-03-10 21:00:00,1.0985081646739425,1.098625780008976,1.0982863726327405,1.0984788416665938,1585
2024-03-10 22:00:00,1.0984788416665938,1.0994804341103932,1.0984192683056024,1.099354265000235,4273
2024-03-10 23:00:00,1.099354265000235,1.099606171065602,1.0992745122473502,1.0996051497391965,6347
2024-03-11 00:00:00,1.0996051497391965,1.0997480988691744,1.0994057810951312,1.0994525259067016,6222
2024-03-11 01:00:00,1.0994525259067016,1.1004213812956305,1.0991818351771774,1.1000997982834066,4914
2024-03-11 02:00:00,1.1000997982834066,1.1013773169967642,1.1000933612659993,1.101319041199801,8630
2024-03-11 03:00:00,1.101319041199801,1.102105466311266,1.1012380765180394,1.1020436530639184,8066
2024-03-11 04:00:00,1.1020436530639184,1.1023017452121937,1.1017330659069073,1.1017441057554134,8565
2024-03-11 05:00:00,1.1017441057554134,1.1024488883186712,1.1017375779880751,1.1023375325641025,7151
2024-03-11 06:00:00,1.1023375325641025,1.103160737062851,1.1021120798055917,1.1030986425120148,7947
2024-03-11 07:00:00,1.1030986425120148,1.1033714637107785,1.1024630017090746,1.1025693772591325,4061
2024-03-11 08:00:00,1.1025693772591325,1.1028904484516049,1.1022779326880658,1.1025227199569134,3856
2024-03-11 09:00:00,1.1025227199569134,1.1029798754058124,1.101193670373185,1.1013501886456947,4628
2024-03-11 10:00:00,1.1013501886456947,1.1017297450664436,1.1010457217820384,1.1016375856177205,8164
2024-03-11 11:00:00,1.1016375856177205,1.1018982212281092,1.101619010717442,1.1018957872916526,6853
2024-03-11 12:00:00,1.1018957872916526,1.1020893461854533,1.100736380616594,1.1008161790480944,6108
2024-03-11 13:00:00,1.1008161790480944,1.1015320708632748,1.100470976924361,1.1015034727363129,1383
2024-03-11 14:00:00,1.1015034727363129,1.1018940941759674,1.1012102513234912,1.101347642649911,4191
2024-03-11 15:00:00,1.101347642649911,1.1025353259210944,1.1013242178066809,1.1023930652757046,2321
2024-03-11 16:00:00,1.1023930652757046,1.1024699427510232,1.102173650099542,1.1022148034982775,7221
2024-03-11 17:00:00,1.1022148034982775,1.102654938258509,1.1020274444512856,1.1024137745743656,3612
2024-03-11 18:00:00,1.1024137745743656,1.1025601541882124,1.1017989372673467,1.102049841007823,6515
2024-03-11 19:00:00,1.102049841007823,1.1032859391547112,1.1020185455325984,1.1031741943873223,5868
2024-03-11 20:00:00,1.1031741943873223,1.1039328866092144,1.103043816670816,1.1037770115441623,2742
2024-03-11 21:00:00,1.1037770115441623,1.1038046272258457,1.102534514137509,1.102911739878299,8169
2024-03-11 22:00:00,1.102911739878299,1.1033248128882334,1.1025763167042617,1.1032294375961047,655
2024-03-11 23:00:00,1.1032294375961047,1.1033644650073862,1.102477005509527,1.102820212159189,2354
2024-03-12 00:00:00,1.102820212159189,1.104471517071702,1.1025387947202323,1.104296020267271,1240
2024-03-12 01:00:00,1.104296020267271,1.1043165493729787,1.1040749127311567,1.1041344719624016,6248
2024-03-12 02:00:00,1.1041344719624016,1.1047447926698275,1.1041045996632717,1.1043577998463794,8062
2024-03-12 03:00:00,1.1043577998463794,1.104553659892436,1.1031372085920716,1.1031698806630548,5845
2024-03-12 04:00:00,1.1031698806630548,1.1037951107041641,1.1030832027497175,1.1035828594524617,1885
2024-03-12 05:00:00,1.1035828594524617,1.1045996091901216,1.1034454117623826,1.1044315105930202,7692
2024-03-12 06:00:00,1.1044315105930202,1.104527078563161,1.1039052913057912,1.1039142126122279,6231
2024-03-12 07:00:00,1.1039142126122279,1.1040212837016803,1.1037892318932971,1.1040166675698901,9405
2024-03-12 08:00:00,1.1040166675698901,1.1045743063429738,1.103979757281453,1.1045594372770222,3199
2024-03-12 09:00:00,1.1045594372770222,1.1049997128762215,1.104456208469105,1.1049216311285655,3715
2024-03-12 10:00:00,1.1049216311285655,1.1050272299329185,1.1040900848930444,1.1043606987250776,1340
2024-03-12 11:00:00,1.1043606987250776,1.1043675530879176,1.1023791627177395,1.1027153368095872,8362
2024-03-12 12:00:00,1.1027153368095872,1.1031635734705176,1.1021849711969782,1.1030456456242461,8031
2024-03-12 13:00:00,1.1030456456242461,1.1036945816663188,1.1028974308681097,1.1035572681169683,2968
2024-03-12 14:00:00,1.1035572681169683,1.1036343667651507,1.102880063505839,1.1032943389417065,1644
2024-03-12 15:00:00,1.1032943389417065,1.1038550459691645,1.1032137257680992,1.1036841472766168,5189
2024-03-12 16:00:00,1.1036841472766168,1.103927189399073,1.103416249403311,1.1038175760141316,2470
2024-03-12 17:00:00,1.1038175760141316,1.1041971534726633,1.1033488331219055,1.1033715956295882,8200
2024-03-12 18:00:00,1.1033715956295882,1.104081952663385,1.1033222507447653,1.1039852209358973,9471
2024-03-12 19:00:00,1.1039852209358973,1.1043692653466421,1.1039132847663602,1.104094343093127,6457
2024-03-12 20:00:00,1.104094343093127,1.1045151916245493,1.1039494825862854,1.1044322655227865,1206
2024-03-12 21:00:00,1.1044322655227865,1.1046350950115316,1.10424606518046,1.1044891404241248,4808
2024-03-12 22:00:00,1.1044891404241248,1.1051557211427427,1.1040648141626588,1.1047426605877346,7277
2024-03-12 23:00:00,1.1047426605877346,1.10477427936745,1.1039105926326902,1.1039172813262847,6067
2024-03-13 00:00:00,1.1039172813262847,1.1043519956116117,1.1038577060880799,1.1042025066173262,380
2024-03-13 01:00:00,1.1042025066173262,1.104773737887935,1.1039066674136546,1.104418639718087,9405
2024-03-13 02:00:00,1.104418639718087,1.104682130181581,1.1042498689426021,1.104519474100368,4504
2024-03-13 03:00:00,1.104519474100368,1.1045757201988118,1.1033127327757801,1.1036106526576697,3121
2024-03-13 04:00:00,1.1036106526576697,1.1040841355304751,1.1032185807638768,1.1032941337413813,3170
2024-03-13 05:00:00,1.1032941337413813,1.1032969347348556,1.1023367024555455,1.1024494600305468,9820
2024-03-13 06:00:00,1.1024494600305468,1.1028629074762133,1.1021016190001123,1.1026400010132116,1230
2024-03-13 07:00:00,1.1026400010132116,1.102680826966986,1.1018763655669759,1.1024999017928174,6398
2024-03-13 08:00:00,1.1024999017928174,1.1025113812855747,1.1021145853171919,1.1021247454749157,8123
2024-03-13 09:00:00,1.1021247454749157,1.1026422417937558,1.1017872358638683,1.1024344195600824,7716
2024-03-13 10:00:00,1.1024344195600824,1.1029377123222162,1.1021771431326832,1.102812082442265,6839
2024-03-13 11:00:00,1.102812082442265,1.1029987036577023,1.1025649631358716,1.102764349461152,7343
2024-03-13 12:00:00,1.102764349461152,1.1031700019794055,1.1026357127927466,1.1029992373619046,6184
2024-03-13 13:00:00,1.1029992373619046,1.103202275788348,1.1029962318118471,1.1031787448020276,7604
2024-03-13 14:00:00,1.1031787448020276,1.1032460003798772,1.1014890601799288,1.1016364660521594,2029
2024-03-13 15:00:00,1.1016364660521594,1.1026840674049505,1.1012725116946969,1.1025402336716794,7227
2024-03-13 16:00:00,1.1025402336716794,1.1028281210115998,1.1020497596891057,1.1027112408162805,8984
2024-03-13 17:00:00,1.1027112408162805,1.1038883636554304,1.1024393812964075,1.1038110464094493,813
2024-03-13 18:00:00,1.1038110464094493,1.1039858443596506,1.103498905996172,1.1035145938453887,4825
2024-03-13 19:00:00,1.1035145938453887,1.1038581282750615,1.103294336535537,1.103341565017513,6644
2024-03-13 20:00:00,1.103341565017513,1.104055542139775,1.1032007817524299,1.1037682562358633,1927
2024-03-13 21:00:00,1.1037682562358633,1.1037847747509335,1.1030121205842567,1.1031661143305238,9813
2024-03-13 22:00:00,1.1031661143305238,1.1035870066758147,1.10315828552513,1.103193623283313,7883
2024-03-13 23:00:00,1.103193623283313,1.1037505436415644,1.1029841680016013,1.103535499333328,6417
2024-03-14 00:00:00,1.103535499333328,1.1045998115433473,1.1034071539045975,1.104008961755099,8592
2024-03-14 01:00:00,1.104008961755099,1.1040334103560083,1.103257860006869,1.1033416526959732,4192
2024-03-14 02:00:00,1.1033416526959732,1.1034847552930702,1.1023141729022639,1.102538472744634,6346
2024-03-14 03:00:00,1.102538472744634,1.1026298122676386,1.1019381488772173,1.1020059475799793,7431
2024-03-14 04:00:00,1.1020059475799793,1.102210274622745,1.100965699588911,1.1012529731957597,1128
2024-03-14 05:00:00,1.1012529731957597,1.1013430238733153,1.1002044873446932,1.1003556881485845,4018
2024-03-14 06:00:00,1.1003556881485845,1.1005792736701918,1.0995306860488332,1.099838525488868,5820
2024-03-14 07:00:00,1.099838525488868,1.099909593127986,1.0993786959587113,1.099740549501629,1810
2024-03-14 08:00:00,1.099740549501629,1.1001443704629033,1.0996915580829947,1.1000532770516533,7428
2024-03-14 09:00:00,1.1000532770516533,1.1007857070825984,1.0999716498690977,1.1005500565130888,4292
2024-03-14 10:00:00,1.1005500565130888,1.1011386661801426,1.099494004040812,1.0996389022528885,6921
2024-03-14 11:00:00,1.0996389022528885,1.1014524883559753,1.0995786208389322,1.1014041279416642,9451
2024-03-14 12:00:00,1.1014041279416642,1.1014077373921578,1.100569848880244,1.1008119837907524,487
2024-03-14 13:00:00,1.1008119837907524,1.100982301999931,1.100438255218181,1.1006201913060436,2003
2024-03-14 14:00:00,1.1006201913060436,1.1007846244273816,1.099780422485446,1.1000379435421765,4359
2024-03-14 15:00:00,1.1000379435421765,1.1002210389479945,1.0999880334682344,1.1000133253120465,9730
2024-03-14 16:00:00,1.1000133253120465,1.100390217205597,1.0998405113156187,1.1001279847462764,4876
2024-03-14 17:00:00,1.1001279847462764,1.100460706323113,1.099739278970052,1.1002223313822748,1101
2024-03-14 18:00:00,1.1002223313822748,1.1004342444967994,1.0999146311855537,1.1000256872849348,1259
2024-03-14 19:00:00,1.1000256872849348,1.1011966102797763,1.0999318179916495,1.1008510175127,4353
2024-03-14 20:00:00,1.1008510175127,1.100892788221207,1.0999668785618266,1.0999785211072437,6641
2024-03-14 21:00:00,1.0999785211072437,1.1000726177064695,1.0987398588040924,1.0991343276999088,9104
2024-03-14 22:00:00,1.0991343276999088,1.0997070260954418,1.0990549183659324,1.0995925370342108,9681
2024-03-14 23:00:00,1.0995925370342108,1.1002999416209052,1.099433339252209,1.1002374061869744,5521
2024-03-15 00:00:00,1.1002374061869744,1.100300622779199,1.100143478691941,1.1002063464285674,2496
2024-03-15 01:00:00,1.1002063464285674,1.100981705433024,1.1001907449448716,1.1007251464392562,1447
2024-03-15 02:00:00,1.1007251464392562,1.1007339589527376,1.0995265055751102,1.0998936593263458,1637
2024-03-15 03:00:00,1.0998936593263458,1.1007828248250842,1.0996205540338404,1.1007065542581682,1586
2024-03-15 04:00:00,1.1007065542581682,1.1007285270827887,1.1005147171866765,1.1005515345600796,1882
2024-03-15 05:00:00,1.1005515345600796,1.1007538673096167,1.1004116417107004,1.1006787673016016,2648
2024-03-15 06:00:00,1.1006787673016016,1.1008892095327931,1.100019254874671,1.1000387416967305,1850
2024-03-15 07:00:00,1.1000387416967305,1.100505909943091,1.0996860943569498,1.1000481518109149,6985
2024-03-15 08:00:00,1.1000481518109149,1.1001836519401744,1.0999985757870991,1.1001796682609144,5973
2024-03-15 09:00:00,1.1001796682609144,1.1004065024899699,1.099736995504159,1.0999428315913846,2335
2024-03-15 10:00:00,1.0999428315913846,1.1000081387618916,1.0989022636262755,1.099136448605037,6372
2024-03-15 11:00:00,1.099136448605037,1.099144391369381,1.0984519373807793,1.0987365127623416,3664
2024-03-15 12:00:00,1.0987365127623416,1.0988267115657475,1.0986286751627838,1.0986874650403724,6340
2024-03-15 13:00:00,1.0986874650403724,1.0989902311406214,1.098120026141184,1.0982462012619034,5114
2024-03-15 14:00:00,1.0982462012619034,1.1001557826557402,1.098088560433744,1.100137549026407,2324
2024-03-15 15:00:00,1.100137549026407,1.1002927947273518,1.0995594981299337,1.099656284818924,7251
2024-03-15 16:00:00,1.099656284818924,1.1003464140714003,1.0995612178338385,1.1002548090347974,4824
2024-03-15 17:00:00,1.1002548090347974,1.1004660069971828,1.0997992725744825,1.100009283532447,1069
2024-03-15 17:00:00,1.100009283532447,1.100132638604751,1.0994922292801637,1.0997618284370372,8227
2024-03-15 18:00:00,1.0997618284370372,1.09999802293377,1.0991901107314133,1.09942044695322,8564
2024-03-15 18:00:00,1.09942044695322,1.100364062233313,1.0993469995530603,1.1002994537595585,6642
2024-03-15 19:00:00,1.1002994537595585,1.100489082349653,1.100213799366842,1.1002749902531483,9878
2024-03-15 19:00:00,1.1002749902531483,1.1002940584713876,1.0996716099711459,1.1000176743341172,2924
2024-03-15 20:00:00,1.1000176743341172,1.1004013956008925,1.0987786609304466,1.0988493137575344,3618
2024-03-15 20:00:00,1.0988493137575344,1.0989610729213113,1.0987626707969678,1.0988250851833783,4120
2024-03-15 21:00:00,1.0988250851833783,1.0990708564934184,1.0983426894128794,1.0984349050193387,5056
2024-03-15 21:00:00,1.0984349050193387,1.0988941221513797,1.098280064255668,1.098841250984739,8077
2024-03-15 22:00:00,1.098841250984739,1.0990530933264135,1.0984129421565774,1.0985129943598948,8920
2024-03-15 22:00:00,1.0985129943598948,1.0994866830592809,1.0984770704156137,1.0989319200712941,4445
2024-03-15 23:00:00,1.0989319200712941,1.1000732355958514,1.0989119548082742,1.099922552101167,4707
2024-03-15 23:00:00,1.099922552101167,1.0999636432385744,1.0986628987282692,1.0988180200491897,444
2024-03-16 00:00:00,1.0988180200491897,1.0991669923305145,1.0977351067718177,1.0982160742802685,4742
2024-03-16 01:00:00,1.0982160742802685,1.0984515195637587,1.0980907669576359,1.098184474989945,8847
2024-03-16 02:00:00,1.098184474989945,1.0995600218832289,1.0980504650555818,1.0990842226750783,5182
2024-03-16 03:00:00,1.0990842226750783,1.0991404034942707,1.0989939774718511,1.0991051066575381,4110
2024-03-16 04:00:00,1.0991051066575381,1.099308294102251,1.0987257722630404,1.0988064482122342,3019
2024-03-16 05:00:00,1.0988064482122342,1.099058618116234,1.097193817169502,1.0973171499647962,559
2024-03-16 06:00:00,1.0973171499647962,1.0974229496476369,1.0970075924916478,1.0972227398213361,5326
2024-03-16 07:00:00,1.0972227398213361,1.0973699525520297,1.0962282481685284,1.0962904356717986,2888
2024-03-16 08:00:00,1.0962904356717986,1.0967728507977919,1.096020608650776,1.0966138661750167,2911
2024-03-16 09:00:00,1.0966138661750167,1.0973534918335945,1.096417708573334,1.0973511192977583,3215
2024-03-16 10:00:00,1.0973511192977583,1.0983807750797763,1.096967667468073,1.0983123538718462,8201
2024-03-16 11:00:00,1.0983123538718462,1.0984833941733958,1.0970436958717775,1.0970965539138082,5644
2024-03-16 12:00:00,1.0970965539138082,1.0979879952124803,1.0970538352653671,1.0978144001279746,8351
2024-03-16 13:00:00,1.0978144001279746,1.098008888927558,1.0964291145625773,1.0966036720454713,4544
2024-03-16 14:00:00,1.0966036720454713,1.096675352760574,1.0959937728145075,1.0962387727922396,6641
2024-03-16 15:00:00,1.0962387727922396,1.0969111006227124,1.0962328135592152,1.096693951080556,2064
2024-03-16 16:00:00,1.096693951080556,1.0969803197851808,1.096414105428711,1.096833357605674,4869
2024-03-16 17:00:00,1.096833357605674,1.0969457436284455,1.0953590235869484,1.0956448045082507,9785
2024-03-16 18:00:00,1.0956448045082507,1.096523521702993,1.0953719392594166,1.0965178781272056,2696
2024-03-16 19:00:00,1.0965178781272056,1.096820553226223,1.0963542818183147,1.0966127091934248,4333
2024-03-16 20:00:00,1.0966127091934248,1.097057457563785,1.0964911196800236,1.0968881580032113,2765
2024-03-16 21:00:00,1.0968881580032113,1.0971775468324887,1.0963103576719206,1.0964425245190828,7380
2024-03-16 22:00:00,1.0964425245190828,1.0966413842844203,1.0951852909506052,1.0952362371780813,2556
2024-03-16 23:00:00,1.0952362371780813,1.0953333091595918,1.0948308419833808,1.095000662953579,2512
2024-03-17 00:00:00,1.095000662953579,1.095180194830634,1.0948025756614355,1.0949300731484004,7962
2024-03-17 01:00:00,1.0949300731484004,1.0949771643074226,1.0939731145781233,1.094710787636409,5491
2024-03-17 02:00:00,1.094710787636409,1.0950118000441307,1.09392639571905,1.0941423962407264,8123
2024-03-17 03:00:00,1.0941423962407264,1.0949870613718693,1.0940636011955536,1.0947244676658798,4440
2024-03-17 04:00:00,1.0947244676658798,1.0948850898326705,1.0939755121083046,1.0941218835699877,7366
2024-03-17 05:00:00,1.0941218835699877,1.0961107438801654,1.0940234848726205,1.0958903963078082,6814
2024-03-17 06:00:00,1.0958903963078082,1.0961049822307096,1.0949717094153881,1.095142389310196,9388
2024-03-17 07:00:00,1.095142389310196,1.0962750710678943,1.095058832707693,1.0959046630589315,6867
2024-03-17 08:00:00,1.0959046630589315,1.0961917772575642,1.0948209373347988,1.095186618510967,7555
2024-03-17 09:00:00,1.095186618510967,1.095275136369522,1.094084102210576,1.0940856477892111,7196
2024-03-17 10:00:00,1.0940856477892111,1.0947982930432432,1.0936767514777712,1.0944236918770571,8502
2024-03-17 11:00:00,1.0944236918770571,1.0946444358798015,1.0934556757526532,1.0935325735768615,633
2024-03-17 12:00:00,1.0935325735768615,1.0938753015412679,1.0934658814382252,1.093658584920646,9232
2024-03-17 13:00:00,1.093658584920646,1.0939432341147028,1.0934906794090424,1.0937912766673121,9557
2024-03-17 14:00:00,1.0937912766673121,1.0947252467269886,1.0936587084487077,1.0945906656605866,111
2024-03-17 15:00:00,1.0945906656605866,1.0954985186788426,1.0944938622358622,1.095292579430916,616
2024-03-17 16:00:00,1.095292579430916,1.0954425285260037,1.0948761065222847,1.095279086768786,1824
2024-03-17 17:00:00,1.095279086768786,1.0955368908520744,1.0951305894132322,1.0953691907287977,2283
2024-03-17 18:00:00,1.0953691907287977,1.095509448642956,1.0938954712716378,1.0940706342365671,4641
2024-03-17 19:00:00,1.0940706342365671,1.0941430135586272,1.0937621789110348,1.094099990798593,7705
2024-03-17 20:00:00,1.094099990798593,1.0950423753324292,1.0939913843427351,1.094942400846347,8464
2024-03-17 21:00:00,1.094942400846347,1.0950243379150963,1.0946328370680138,1.094752235785698,6755
2024-03-17 22:00:00,1.094752235785698,1.0956428525711424,1.0944611156898465,1.0955191804578903,1775
2024-03-17 23:00:00,1.0955191804578903,1.0957125126026248,1.0953490365789982,1.0956235334236228,8295
2024-03-18 00:00:00,1.0956235334236228,1.0958798934271579,1.0954246217764745,1.0957484863797544,1710
2024-03-18 01:00:00,1.0957484863797544,1.0960636615416548,1.0952253671579615,1.0952349270080384,2893
2024-03-18 02:00:00,1.0952349270080384,1.0953014708739555,1.0942842511229127,1.0945508807246083,6347
2024-03-18 03:00:00,1.0945508807246083,1.0948107106887177,1.0943937383792168,1.0945272479952908,5868
2024-03-18 04:00:00,1.0945272479952908,1.0945871510028002,1.0942785771256678,1.0945257177300776,4477
2024-03-18 05:00:00,1.0945257177300776,1.094939157023577,1.0945232133572116,1.0949061090135639,1600
2024-03-18 06:00:00,1.0949061090135639,1.0955916767781608,1.0945829397193705,1.0953345569553503,4430
2024-03-18 07:00:00,1.0953345569553503,1.09590421442723,1.095285861939923,1.095595667153774,1825
2024-03-18 08:00:00,1.095595667153774,1.0956192086374663,1.0950428234459049,1.0953771757005706,4028
2024-03-18 09:00:00,1.0953771757005706,1.0970767472897434,1.0952541429037148,1.0970347456281389,5441
2024-03-18 10:00:00,1.0970347456281389,1.0975061809514695,1.0969148554908745,1.0973799327242213,555
2024-03-18 11:00:00,1.0973799327242213,1.0976637398464948,1.0972685932379973,1.097327263645262,1482
2024-03-18 12:00:00,1.097327263645262,1.0981926080567603,1.097263873243865,1.0981882302925274,5824
2024-03-18 13:00:00,1.0981882302925274,1.0984073381488246,1.0981631205751972,1.0983965278162555,657
2024-03-18 14:00:00,1.0983965278162555,1.098918954217778,1.098136907035518,1.0986374955290794,6214
2024-03-18 15:00:00,1.0986374955290794,1.0998020339645351,1.098516037726059,1.099596841001039,4090
2024-03-18 16:00:00,1.099596841001039,1.1009159773858486,1.0992520286388654,1.1003962128058336,1268
2024-03-18 17:00:00,1.1003962128058336,1.1013436509419714,1.1003553416605045,1.1011653821616503,1467
2024-03-18 18:00:00,1.1011653821616503,1.1013285330589806,1.101034037440644,1.1011545321279004,9891
2024-03-18 19:00:00,1.1011545321279004,1.101438478586091,1.1009665289414756,1.1013929243902663,8448
2024-03-18 20:00:00,1.1013929243902663,1.1015396790908276,1.1008715525576362,1.1015180823066826,5089
2024-03-18 21:00:00,1.1015180823066826,1.1016679078960112,1.1013905205681105,1.1016466713121231,5057
2024-03-18 22:00:00,1.1016466713121231,1.1020126795399348,1.1014879793661465,1.1019898854063093,7395
2024-03-18 23:00:00,1.1019898854063093,1.1020046580931915,1.1010949623796888,1.101333679686784,9339
2024-03-19 00:00:00,1.101333679686784,1.1013625416906712,1.1001254516676218,1.1004921928211477,1030
2024-03-19 01:00:00,1.1004921928211477,1.1006513868959178,1.099773012925955,1.0998113908349594,7442
2024-03-19 02:00:00,1.0998113908349594,1.0998969833602699,1.099197615828482,1.0995422307720113,9416
2024-03-19 03:00:00,1.0995422307720113,1.099926956666259,1.0995066261139985,1.099811542229492,1381
2024-03-19 04:00:00,1.099811542229492,1.0998350599554696,1.0997375186653524,1.0997678001445668,9420
2024-03-19 05:00:00,1.0997678001445668,1.0998575392810908,1.099109202280166,1.0991560541330574,4915
2024-03-19 06:00:00,1.0991560541330574,1.0998678254572516,1.0990992852195969,1.0997689874526382,1276
2024-03-19 07:00:00,1.0997689874526382,1.1006969363047963,1.0997248011076504,1.10068516973397,605
2024-03-19 08:00:00,1.10068516973397,1.100723891636177,1.1002641511273847,1.1004130684070794,6323
2024-03-19 09:00:00,1.1004130684070794,1.100722949029905,1.1002481383390212,1.1006794053896876,8516
2024-03-19 10:00:00,1.1006794053896876,1.1010984154558787,1.100607060622469,1.1010432251655395,3938
2024-03-19 11:00:00,1.1010432251655395,1.1011748537727402,1.1007839632633696,1.1008630199729728,4152
2024-03-19 12:00:00,1.1008630199729728,1.1024044049733532,1.1008490791190868,1.1022260962753823,8471
2024-03-19 13:00:00,1.1022260962753823,1.1026265817689112,1.1017003487761294,1.1017618630595527,9620
2024-03-19 14:00:00,1.1017618630595527,1.1023417169234306,1.1015908439646709,1.102141591048934,841
2024-03-19 15:00:00,1.102141591048934,1.1027115970707975,1.1010774975097728,1.1011864139899314,4509
2024-03-19 16:00:00,1.1011864139899314,1.1026518917534793,1.1010578587133515,1.102368637981611,5553
2024-03-19 17:00:00,1.102368637981611,1.10254067450929,1.1016195032923848,1.1017815553012598,8599
2024-03-19 18:00:00,1.1017815553012598,1.1020869178339752,1.101006549246376,1.101387060887422,6283
2024-03-19 19:00:00,1.101387060887422,1.1032340951900899,1.1013162196097204,1.1026692511048108,9558
2024-03-19 20:00:00,1.1026692511048108,1.1027856633716295,1.1023733647184746,1.1024531735466039,1368
2024-03-19 21:00:00,1.1024531735466039,1.1027102899934762,1.1016375096833302,1.1016489219416163,8089
2024-03-19 22:00:00,1.1016489219416163,1.1021204927081976,1.1013178769991785,1.1018863603823341,8149
2024-03-19 23:00:00,1.1018863603823341,1.1021554651383894,1.1016743703483816,1.102122137559327,3780
2024-03-20 00:00:00,1.102122137559327,1.10250922355127,1.1010217956496722,1.101131627438025,7412
2024-03-20 01:00:00,1.101131627438025,1.1020946843487713,1.10103449168911,1.1018266593696404,4147
2024-03-20 02:00:00,1.1018266593696404,1.1019044231516932,1.100402652625788,1.100637427291049,9345
2024-03-20 03:00:00,1.100637427291049,1.1012457438306005,1.1005817526975274,1.1012286248898115,1743
2024-03-20 04:00:00,1.1012286248898115,1.1019822881634667,1.10111566706863,1.1019152772930842,7695
2024-03-20 05:00:00,1.1019152772930842,1.1020476215420993,1.1019148309686517,1.1019800459870046,5601
2024-03-20 06:00:00,1.1019800459870046,1.102117868346549,1.101586412217645,1.101679950238417,2763
2024-03-20 07:00:00,1.101679950238417,1.103042635786943,1.1014221096281356,1.1027913227197539,9954
2024-03-20 08:00:00,1.1027913227197539,1.1029982676109913,1.1027629267369792,1.1028170245445819,6441
2024-03-20 09:00:00,1.1028170245445819,1.1029386779778507,1.102232042301304,1.1025012293028715,3514
2024-03-20 10:00:00,1.1025012293028715,1.102895159202547,1.1023313123966623,1.1028572205038567,132
2024-03-20 11:00:00,1.1028572205038567,1.1031563121529053,1.1023795742662983,1.102436499367149,6577
2024-03-20 12:00:00,1.102436499367149,1.1027252844765636,1.1013581292413832,1.1014470999488948,2381
2024-03-20 13:00:00,1.1014470999488948,1.1016712933536177,1.1012039634096955,1.1013650783502567,8821
2024-03-20 14:00:00,1.1013650783502567,1.1021908709368968,1.1011695038958145,1.1019077661235142,5082
2024-03-20 15:00:00,1.1019077661235142,1.102178173996709,1.1008818942010232,1.1013017757051238,5014
2024-03-20 16:00:00,1.1013017757051238,1.1020130730211501,1.1012256845242905,1.1019948100754278,6987
2024-03-20 17:00:00,1.1019948100754278,1.1023470719867943,1.1018477562134328,1.1021910432105166,1389
2024-03-20 18:00:00,1.1021910432105166,1.1023970931493106,1.1016570782025268,1.1017330855717846,5200
2024-03-20 19:00:00,1.1017330855717846,1.1022063903750365,1.1016041476111278,1.1018869109163922,1418
2024-03-20 20:00:00,1.1018869109163922,1.1019028939691402,1.1012955945256653,1.1013597805380504,1563
2024-03-20 21:00:00,1.1013597805380504,1.1013768832039783,1.1007139391017462,1.1010570807654738,1684
2024-03-20 22:00:00,1.1010570807654738,1.101071652303242,1.1000037033224275,1.1003815590815282,669
2024-03-20 23:00:00,1.1003815590815282,1.1004256852423897,1.1001670311436886,1.1002374486931794,8137
2024-03-21 00:00:00,1.1002374486931794,1.1008519809125585,1.1002325913940454,1.1006101347831136,8442
2024-03-21 01:00:00,1.1006101347831136,1.101955768484103,1.100168163649964,1.1018142805751405,5866
2024-03-21 02:00:00,1.1018142805751405,1.1021448631853865,1.1013052306982567,1.1017207862152965,7568
2024-03-21 03:00:00,1.1017207862152965,1.1017552612067871,1.101395591631135,1.1015385379766387,5073
2024-03-21 04:00:00,1.1015385379766387,1.1024536203932438,1.1012389356225778,1.1024332757515494,444
2024-03-21 05:00:00,1.1024332757515494,1.1026618162045692,1.1023470711599472,1.1026042036448989,7578
2024-03-21 06:00:00,1.1026042036448989,1.1026796809483912,1.1022565649092169,1.102525535715453,1759
2024-03-21 07:00:00,1.102525535715453,1.102949734428622,1.1016835091174675,1.1018790786303982,7984
2024-03-21 08:00:00,1.1018790786303982,1.1022414764979107,1.1001904480436506,1.1003805861823337,1033
2024-03-21 09:00:00,1.1003805861823337,1.100608974546166,1.0985990155718446,1.0986109966232038,4816
2024-03-21 10:00:00,1.0986109966232038,1.098693979878828,1.0974476546163527,1.0977480452093904,4345
2024-03-21 11:00:00,1.0977480452093904,1.0988490681374743,1.0973509691303382,1.098783745381342,5709
2024-03-21 12:00:00,1.098783745381342,1.0988005020013198,1.0970194636258104,1.0974702712475946,6374
2024-03-21 13:00:00,1.0974702712475946,1.0977586533188168,1.097112134364414,1.0973013202814679,6846
2024-03-21 14:00:00,1.0973013202814679,1.0982122933669818,1.0971599789277933,1.0980864492324123,9800
2024-03-21 15:00:00,1.0980864492324123,1.0983025306982679,1.0971710308164597,1.0974065141175096,3675
2024-03-21 16:00:00,1.0974065141175096,1.097514109823274,1.0969221185920277,1.0970154075113958,2651
2024-03-21 17:00:00,1.0970154075113958,1.0970520100970582,1.0967680421107724,1.0969663475189932,8286
2024-03-21 18:00:00,1.0969663475189932,1.0973766784564345,1.0967672087681193,1.097076069084563,5765
2024-03-21 19:00:00,1.097076069084563,1.09730895143267,1.0964395745294095,1.0966247098809523,7278
2024-03-21 20:00:00,1.0966247098809523,1.0968142122626674,1.096391756594221,1.0965266955897828,8265
2024-03-21 21:00:00,1.0965266955897828,1.096941166626122,1.095897794593566,1.0959286009619027,5480
2024-03-21 22:00:00,1.0959286009619027,1.096331070713719,1.095661755123068,1.096259259695023,1111
2024-03-21 23:00:00,1.096259259695023,1.0963650429708438,1.0960982275244884,1.0962537467368467,4266
2024-03-22 00:00:00,1.0962537467368467,1.096650684325136,1.0954804868211825,1.0955339143183709,7431
2024-03-22 01:00:00,1.0955339143183709,1.0958164130762114,1.0953646906245118,1.0956063255504602,6014
2024-03-22 02:00:00,1.0956063255504602,1.0956147047346911,1.094863824306594,1.0953911581349831,960
2024-03-22 03:00:00,1.0953911581349831,1.0964945012440168,1.0953578610804677,1.0964073919802184,9726
2024-03-22 04:00:00,1.0964073919802184,1.0965035068628588,1.094497967685657,1.0948729460984665,1539
2024-03-22 05:00:00,1.0948729460984665,1.094880610865606,1.0934273768135179,1.0935911300076877,3516
2024-03-22 06:00:00,1.0935911300076877,1.0945274932194298,1.0932047169759838,1.0943348139511901,4053
2024-03-22 07:00:00,1.0943348139511901,1.0945125858907974,1.0929273814239477,1.0929593311235462,6860
2024-03-22 08:00:00,1.0929593311235462,1.093005785824106,1.0925165720705095,1.0925186812128576,9753
2024-03-22 09:00:00,1.0925186812128576,1.0928408914473888,1.0925158865671623,1.0927571505317304,7003
2024-03-22 10:00:00,1.0927571505317304,1.0930433807488655,1.0925678523725326,1.0928675779179542,6715
2024-03-22 11:00:00,1.0928675779179542,1.0929221792675587,1.0927456606252932,1.0928626648917508,261
2024-03-22 12:00:00,1.0928626648917508,1.0939256228926086,1.0928381776938012,1.0936195670654227,8930
2024-03-22 13:00:00,1.0936195670654227,1.093943001443432,1.0932541571758914,1.0933234197179362,1157
2024-03-22 14:00:00,1.0933234197179362,1.0936127193586445,1.0926476103979872,1.0927406255872274,1553
2024-03-22 15:00:00,1.0927406255872274,1.0934528751841872,1.092407697222834,1.0933273391006124,4926
2024-03-22 16:00:00,1.0933273391006124,1.093420789543649,1.093181814742171,1.0932906739714339,6997
2024-03-22 17:00:00,1.0932906739714339,1.0934759254696507,1.0924416634048255,1.0925188639199555,2884
2024-03-22 17:00:00,1.0925188639199555,1.0926060534458986,1.0921288412898758,1.0922812295375028,6410
2024-03-22 18:00:00,1.0922812295375028,1.0926520741629433,1.0922768235229994,1.0924939223004968,3467
2024-03-22 18:00:00,1.0924939223004968,1.0928605835494496,1.0923493873355192,1.092511411755395,4367
2024-03-22 19:00:00,1.092511411755395,1.0926200958413501,1.0918124071685056,1.0920651783563249,7066
2024-03-22 19:00:00,1.0920651783563249,1.0921593293761498,1.0917298073297146,1.0919540449582286,7484
2024-03-22 20:00:00,1.0919540449582286,1.0934821682065166,1.091903519984468,1.0933307617935057,4394
2024-03-22 20:00:00,1.0933307617935057,1.0933311275452746,1.0916306543414067,1.091658650760671,2197
2024-03-22 21:00:00,1.091658650760671,1.0917701324720412,1.0911297201357555,1.0912561633985618,9757
2024-03-22 21:00:00,1.0912561633985618,1.0920616061717603,1.091174157516254,1.091940795842776,4525
2024-03-22 22:00:00,1.091940795842776,1.0919623357325974,1.0917347729498692,1.0919344164810636,7597
2024-03-22 22:00:00,1.0919344164810636,1.0934100748997762,1.0919184865645408,1.0929687811037991,4489
2024-03-22 23:00:00,1.0929687811037991,1.0930768563715965,1.0911198069953838,1.09128010377975,2427
2024-03-22 23:00:00,1.09128010377975,1.091402557741771,1.0906070317942025,1.0909189189500277,4559
2024-03-23 00:00:00,1.0909189189500277,1.0910435077561103,1.0903175121479485,1.0904458204769356,4141
2024-03-23 01:00:00,1.0904458204769356,1.0905471474436932,1.0896511591949196,1.0896991337453765,2718
2024-03-23 02:00:00,1.0896991337453765,1.089885760740637,1.0894325980571715,1.0898416149892451,1854
2024-03-23 03:00:00,1.0898416149892451,1.089950539904145,1.0891699839619293,1.0892598706651189,7759
2024-03-23 04:00:00,1.0892598706651189,1.0896937029449638,1.0888227245417743,1.0896071754416972,8228
2024-03-23 05:00:00,1.0896071754416972,1.0897168705902163,1.0892375237356815,1.0897155942820236,7189
2024-03-23 06:00:00,1.0897155942820236,1.0899268145323575,1.0882570769584463,1.0884147352897735,5859
2024-03-23 07:00:00,1.0884147352897735,1.0889155123994982,1.0882217566297363,1.0885923379014737,797
2024-03-23 08:00:00,1.0885923379014737,1.0887420226990738,1.0883246194738145,1.0887072479350108,4057
2024-03-23 09:00:00,1.0887072479350108,1.0887112470322522,1.087805108418669,1.0878850737655263,8009
2024-03-23 10:00:00,1.0878850737655263,1.0900272849708492,1.0876738514516888,1.0899454168558056,8804
2024-03-23 11:00:00,1.0899454168558056,1.0899684052101575,1.0883024733816604,1.0885879391119793,908
2024-03-23 12:00:00,1.0885879391119793,1.089340374347944,1.0885341766406968,1.0892757408148035,6655
2024-03-23 13:00:00,1.0892757408148035,1.089595099469217,1.089258473243154,1.0895572614329618,1138
2024-03-23 14:00:00,1.0895572614329618,1.0897245582605548,1.0880751636488855,1.0882887081642931,8835
2024-03-23 15:00:00,1.0882887081642931,1.0885840396089967,1.0879299162656257,1.0881414764671342,6332
2024-03-23 16:00:00,1.0881414764671342,1.0883662521481594,1.0876519579930626,1.087727567245148,5166
2024-03-23 17:00:00,1.087727567245148,1.089495736519549,1.0875004431280497,1.089322879467161,4941
2024-03-23 18:00:00,1.089322879467161,1.0897633739000678,1.0887342511540667,1.089602038619635,6382
2024-03-23 19:00:00,1.089602038619635,1.089632370074064,1.0891614317731357,1.0893661829626773,9001
2024-03-23 20:00:00,1.0893661829626773,1.0893838576201826,1.087958429996456,1.088400567941659,1413
2024-03-23 21:00:00,1.088400567941659,1.0897327740627483,1.0881950720729885,1.0895562946447903,4501
2024-03-23 22:00:00,1.0895562946447903,1.0907949601078253,1.089349763141466,1.090757514643524,6769
2024-03-23 23:00:00,1.090757514643524,1.0915401386461927,1.0907297434370378,1.0913958248297246,7445
2024-03-24 00:00:00,1.0913958248297246,1.0923981922745938,1.091013503616312,1.0921133587545562,7096
2024-03-24 01:00:00,1.0921133587545562,1.0922938896265537,1.0911392158675077,1.0916788816346952,9731
2024-03-24 02:00:00,1.0916788816346952,1.0918516663446876,1.0913809685273563,1.0915347956832184,6833
2024-03-24 03:00:00,1.0915347956832184,1.0918751448815942,1.0914362120282286,1.091710086489428,3415
2024-03-24 04:00:00,1.091710086489428,1.092071612650562,1.0898533848833603,1.0901816706089047,8700
2024-03-24 05:00:00,1.0901816706089047,1.0907958954713424,1.090132988548391,1.0907638805740207,4914
2024-03-24 06:00:00,1.0907638805740207,1.0908069198387327,1.0905276253279539,1.0907563049493838,4822
2024-03-24 07:00:00,1.0907563049493838,1.091280088605613,1.090678667790253,1.0910738125005577,5343
2024-03-24 08:00:00,1.0910738125005577,1.0911035686275192,1.0900699050274905,1.0901041562884555,4433
2024-03-24 09:00:00,1.0901041562884555,1.0906657382788636,1.0898381110373272,1.0901490235468303,2553
2024-03-24 10:00:00,1.0901490235468303,1.0902243080577478,1.0891123289104032,1.0891755424843492,9874
2024-03-24 11:00:00,1.0891755424843492,1.090217032646242,1.0890641989047778,1.089915587482165,9513
2024-03-24 12:00:00,1.089915587482165,1.0908423439620565,1.0897244466879423,1.0904036540519988,662
2024-03-24 13:00:00,1.0904036540519988,1.0905165120225426,1.089965361922912,1.0900839024875033,8154
2024-03-24 14:00:00,1.0900839024875033,1.0907922973133872,1.0899967221936853,1.0905275673992187,4282
2024-03-24 15:00:00,1.0905275673992187,1.0912373331380467,1.0904509830572073,1.0911236042148442,8204
2024-03-24 16:00:00,1.0911236042148442,1.092167888128193,1.0909404532066176,1.092090683568619,7600
2024-03-24 17:00:00,1.092090683568619,1.0921275413689855,1.0913886712727807,1.091429839244765,9036
2024-03-24 18:00:00,1.091429839244765,1.0915917707507947,1.0903376419923272,1.0903837843421422,8661
2024-03-24 19:00:00,1.0903837843421422,1.090560512056594,1.0901352118295706,1.0905419865390042,5959
2024-03-24 20:00:00,1.0905419865390042,1.0908680125319792,1.090060646712269,1.0901347147657348,2191
2024-03-24 21:00:00,1.0901347147657348,1.0902138976099263,1.089382683293995,1.0894061176949899,1420
2024-03-24 22:00:00,1.0894061176949899,1.0903204848112664,1.0892269584513428,1.09015300865333,5986
2024-03-24 23:00:00,1.09015300865333,1.0908502875670378,1.0901454712291816,1.0907150161575028,8757
2024-03-25 00:00:00,1.0907150161575028,1.0913513256554592,1.0906811612698362,1.091226261988655,572
2024-03-25 01:00:00,1.091226261988655,1.0916366766509393,1.0908512654401357,1.0911924572591138,9588
2024-03-25 02:00:00,1.0911924572591138,1.0912217533932596,1.090638148208477,1.0908394304164823,7232
2024-03-25 03:00:00,1.0908394304164823,1.0909550728361264,1.0902912813819097,1.0903503095777771,335
2024-03-25 04:00:00,1.0903503095777771,1.09046029454427,1.0902458920443345,1.0903479048343538,5265
2024-03-25 05:00:00,1.0903479048343538,1.0909353766048275,1.0901741513254393,1.090815720737988,8000
2024-03-25 06:00:00,1.090815720737988,1.0913082808471852,1.0906345612953139,1.091142181220388,1778
2024-03-25 07:00:00,1.091142181220388,1.091295451742241,1.089983651291825,1.0899994089718412,4428
2024-03-25 08:00:00,1.0899994089718412,1.0900570390243258,1.089867057747251,1.0898971526470056,6660
2024-03-25 09:00:00,1.0898971526470056,1.0900541381701516,1.0897950325089236,1.0900493123480606,6164
2024-03-25 10:00:00,1.0900493123480606,1.0901231127387614,1.0897870025204808,1.0900758052620876,365
2024-03-25 11:00:00,1.0900758052620876,1.0902088721689893,1.0894605513478557,1.0899024724630642,6433
2024-03-25 12:00:00,1.0899024724630642,1.090253573580805,1.0894942402711394,1.0895850213170277,2504
2024-03-25 13:00:00,1.0895850213170277,1.0898052786149957,1.0887543344122643,1.0889007646574753,8430
2024-03-25 14:00:00,1.0889007646574753,1.08963223282183,1.0885828600502545,1.0894593474807628,9657
2024-03-25 15:00:00,1.0894593474807628,1.0895510252827543,1.0881255068014088,1.0883464617361371,2052
2024-03-25 16:00:00,1.0883464617361371,1.0888832532921768,1.0880661616668268,1.088762510644068,8364
2024-03-25 17:00:00,1.088762510644068,1.0887776448585993,1.0876145885128894,1.0879220987766962,262
2024-03-25 18:00:00,1.0879220987766962,1.0880177268918074,1.0872570051875148,1.087372450932657,8073
2024-03-25 19:00:00,1.087372450932657,1.0878153169211684,1.0866822243324745,1.0869517661785364,322
2024-03-25 20:00:00,1.0869517661785364,1.0873343038054077,1.0865038595441268,1.0867688287003132,6193
2024-03-25 21:00:00,1.0867688287003132,1.08817954424173,1.0865719019629096,1.0880961251768453,284
2024-03-25 22:00:00,1.0880961251768453,1.0884265427998983,1.0879019127710237,1.0881732105492585,194
2024-03-25 23:00:00,1.0881732105492585,1.0883707151417439,1.0877846339267858,1.0879328978901674,3972
2024-03-26 00:00:00,1.0879328978901674,1.0889772670792224,1.0877200637496993,1.0886212920575808,783
2024-03-26 01:00:00,1.0886212920575808,1.0902190932320401,1.088568659803169,1.0898400635096184,1075
2024-03-26 02:00:00,1.0898400635096184,1.0900497043031534,1.0888271803052725,1.0889948156017388,7446
2024-03-26 03:00:00,1.0889948156017388,1.0889954276250866,1.0887474485970805,1.0888643731875778,8149
2024-03-26 04:00:00,1.0888643731875778,1.0892395224656013,1.0888180269991716,1.0891530622284393,7568
2024-03-26 05:00:00,1.0891530622284393,1.0892799171718028,1.0888457923532728,1.0890715618507827,160
2024-03-26 06:00:00,1.0890715618507827,1.089170554760961,1.0888096885990957,1.0890128876853293,6315
2024-03-26 07:00:00,1.0890128876853293,1.0890776694559725,1.0876782369165894,1.087720612752355,1560
2024-03-26 08:00:00,1.087720612752355,1.0883035872374591,1.0874320697951545,1.0881271950846056,8773
2024-03-26 09:00:00,1.0881271950846056,1.0890957108872703,1.0879852085349762,1.088842444833679,4178
2024-03-26 10:00:00,1.088842444833679,1.0898135711048977,1.0887132188984743,1.0897471548126143,5425
2024-03-26 11:00:00,1.0897471548126143,1.0898839245927143,1.0891277947873634,1.0891296265950703,6101
2024-03-26 12:00:00,1.0891296265950703,1.0898109191503855,1.0888938579062653,1.0897946637168674,5751
2024-03-26 13:00:00,1.0897946637168674,1.090060465244312,1.0893097726638075,1.0894582382663829,3751
2024-03-26 14:00:00,1.0894582382663829,1.0899389052474864,1.089421987476714,1.089750317523507,7845
2024-03-26 15:00:00,1.089750317523507,1.0902819351827335,1.089517717329566,1.090263154468991,8108
2024-03-26 16:00:00,1.090263154468991,1.090464691305858,1.0902214560748757,1.0902790881740276,9466
2024-03-26 17:00:00,1.0902790881740276,1.0905251801835796,1.0888985920349532,1.0890040882015588,6650
2024-03-26 18:00:00,1.0890040882015588,1.0891481792156938,1.0886044632996994,1.0886867348259297,3906
2024-03-26 19:00:00,1.0886867348259297,1.0893383654200774,1.088605570008595,1.0893093920690482,8781
2024-03-26 20:00:00,1.0893093920690482,1.0897605503352672,1.0889121356351574,1.0889983375735834,996
2024-03-26 21:00:00,1.0889983375735834,1.0893221721848867,1.088767699759017,1.0888936476618987,4400
2024-03-26 22:00:00,1.0888936476618987,1.0893061456332196,1.0884653614858348,1.0889333359271371,2818
2024-03-26 23:00:00,1.0889333359271371,1.0892243011619664,1.0881593028607204,1.0884865834645616,5100
2024-03-27 00:00:00,1.0884865834645616,1.0896062819972179,1.0884469715119178,1.0895870818648712,8309
2024-03-27 01:00:00,1.0895870818648712,1.0899082766785753,1.0895179990285424,1.0896945725277587,7650
2024-03-27 02:00:00,1.0896945725277587,1.0902117675628955,1.0891548552824046,1.0892386654293553,6979
2024-03-27 03:00:00,1.0892386654293553,1.0902312859922683,1.088888207047531,1.0899470160032045,4838
2024-03-27 04:00:00,1.0899470160032045,1.0900388223378403,1.08821454575936,1.088330890432354,4176
2024-03-27 05:00:00,1.088330890432354,1.08840040534177,1.0881352858276496,1.0883980058728444,8833
2024-03-27 06:00:00,1.0883980058728444,1.0885367470953518,1.0875060975179953,1.0878229963930268,7775
2024-03-27 07:00:00,1.0878229963930268,1.0878797377386997,1.0873838627000028,1.0876219576970414,297
2024-03-27 08:00:00,1.0876219576970414,1.088317096407056,1.0874297712613197,1.088249190375723,1365
2024-03-27 09:00:00,1.088249190375723,1.0886458602327658,1.0881914837955866,1.0883803004980699,5221
2024-03-27 10:00:00,1.0883803004980699,1.0898043509487938,1.08814674901489,1.0895818854548598,1076
2024-03-27 11:00:00,1.0895818854548598,1.0900095417416518,1.0894586712117926,1.0899076826769234,708
2024-03-27 12:00:00,1.0899076826769234,1.0907682357132775,1.0898707109461114,1.0905395634072363,564
2024-03-27 13:00:00,1.0905395634072363,1.0909801460778774,1.0899909307576883,1.0900350439457418,9319
2024-03-27 14:00:00,1.0900350439457418,1.090252782627837,1.0896919421747007,1.089804236700666,1361
2024-03-27 15:00:00,1.089804236700666,1.090224521195259,1.0895693962415218,1.090068480851022,7657
2024-03-27 16:00:00,1.090068480851022,1.090429616996714,1.0900432183481046,1.090415952570726,2129
2024-03-27 17:00:00,1.090415952570726,1.0913772802286899,1.0900831553147643,1.0912179941553615,1917
2024-03-27 18:00:00,1.0912179941553615,1.0915211497325101,1.091080647676248,1.091324745833068,340
2024-03-27 19:00:00,1.091324745833068,1.0920230286511088,1.09101082011568,1.0917988413486275,5834
2024-03-27 20:00:00,1.0917988413486275,1.0922240259320202,1.0916184230863097,1.0921555649633303,2956
2024-03-27 21:00:00,1.0921555649633303,1.092502185954504,1.0918346239613708,1.0924174843796997,5714
2024-03-27 22:00:00,1.0924174843796997,1.0927549401956278,1.0916734337179839,1.0918396759386237,7328
2024-03-27 23:00:00,1.0918396759386237,1.0926494589201103,1.09156364815085,1.0924252321175587,1861
2024-03-28 00:00:00,1.0924252321175587,1.0936908842111577,1.0923848843865995,1.0935887771354675,7010
2024-03-28 01:00:00,1.0935887771354675,1.0938490661372635,1.093407633615368,1.0938421532892948,5671
2024-03-28 02:00:00,1.0938421532892948,1.094688949487397,1.0936060611922485,1.0946681869905164,7544
2024-03-28 03:00:00,1.0946681869905164,1.095637785885769,1.0945405495907468,1.095349145727012,9474
2024-03-28 04:00:00,1.095349145727012,1.096566087020099,1.0952673175424568,1.0965251274446426,7506
2024-03-28 05:00:00,1.0965251274446426,1.0970382360560353,1.0964345894149408,1.097015866635218,2040
2024-03-28 06:00:00,1.097015866635218,1.0972374108544145,1.0961565047868378,1.0962698252165164,3022
2024-03-28 07:00:00,1.0962698252165164,1.096778443341178,1.0961097071480468,1.0966737785846323,512
2024-03-28 08:00:00,1.0966737785846323,1.0967292817564087,1.0965058085407084,1.0965698461116928,7706
2024-03-28 09:00:00,1.0965698461116928,1.0972014003683017,1.0961910945339022,1.0963724519884888,3323
2024-03-28 10:00:00,1.0963724519884888,1.0966150875879896,1.0963462918697433,1.096524843822601,1203
2024-03-28 11:00:00,1.096524843822601,1.096838721741676,1.0959420477609514,1.0960694242387392,5669
2024-03-28 12:00:00,1.0960694242387392,1.0964025068552798,1.09577294488134,1.09610688261006,9701
2024-03-28 13:00:00,1.09610688261006,1.0962238019621484,1.0959299140934997,1.0961975780972133,5896
2024-03-28 14:00:00,1.0961975780972133,1.0971161823800915,1.096143092717027,1.097096319512533,6626
2024-03-28 15:00:00,1.097096319512533,1.0972725319500092,1.09581647546454,1.0959245933729025,8456
2024-03-28 16:00:00,1.0959245933729025,1.0962742094074787,1.0956707422385228,1.0961429899602775,4904
2024-03-28 17:00:00,1.0961429899602775,1.096175656896413,1.0956774109254324,1.0959697543286837,1171
2024-03-28 18:00:00,1.0959697543286837,1.0963163386760613,1.09585397236507,1.0960788280427063,9442
2024-03-28 19:00:00,1.0960788280427063,1.0962819536195052,1.095859030526559,1.0958965224029769,8659
2024-03-28 20:00:00,1.0958965224029769,1.096259297519365,1.0955828186058822,1.0961842757203764,6891
2024-03-28 21:00:00,1.0961842757203764,1.0964710422881083,1.0956955563324073,1.0959710154302618,7299
2024-03-28 22:00:00,1.0959710154302618,1.0963924980074253,1.095936716310184,1.096161049097879,2654
2024-03-28 23:00:00,1.096161049097879,1.0963977589183953,1.095842445557373,1.0960753782270753,712
2024-03-29 00:00:00,1.0960753782270753,1.096201250353761,1.0954324750028523,1.0954922888198984,8368
2024-03-29 01:00:00,1.0954922888198984,1.0960565543113148,1.0954075086054318,1.0956336155915,1151
2024-03-29 02:00:00,1.0956336155915,1.0958653362442319,1.095217092060114,1.09558022185529,3083
2024-03-29 03:00:00,1.09558022185529,1.0958475183130776,1.0953426791784622,1.095596278825195,6643
2024-03-29 04:00:00,1.095596278825195,1.095695605748191,1.094645740987557,1.0947727609898765,1326
2024-03-29 05:00:00,1.0947727609898765,1.0949461379068532,1.094327022152862,1.0943329599109193,4762
2024-03-29 06:00:00,1.0943329599109193,1.0948829411519136,1.0942668031496117,1.0948540904474573,3254
2024-03-29 07:00:00,1.0948540904474573,1.0951909537798301,1.0948409429154478,1.095128380649532,1374
2024-03-29 08:00:00,1.095128380649532,1.0952252989253,1.0949572822512637,1.0950107773290432,2489
2024-03-29 09:00:00,1.0950107773290432,1.0957160424758983,1.0948809776249486,1.0956630096913489,6657
2024-03-29 10:00:00,1.0956630096913489,1.095916934251214,1.095595840238405,1.0957006515750662,971
2024-03-29 11:00:00,1.0957006515750662,1.0957772150712637,1.0954557252919739,1.0955769420584178,2061
2024-03-29 12:00:00,1.0955769420584178,1.0957644269930873,1.095573117622447,1.095623125900378,9859
2024-03-29 13:00:00,1.095623125900378,1.0959071628881343,1.094764652286564,1.094883075066621,2254
2024-03-29 14:00:00,1.094883075066621,1.0948971197907358,1.0946778013878626,1.0947352232888352,4261
2024-03-29 15:00:00,1.0947352232888352,1.0948039745927372,1.0947082743844907,1.0947325665973306,1175
2024-03-29 16:00:00,1.0947325665973306,1.0951063798980663,1.0945307121181442,1.0946815717446656,7430
2024-03-29 17:00:00,1.0946815717446656,1.0947116653729647,1.0929828155695076,1.093115448487533,5460
2024-03-29 17:00:00,1.093115448487533,1.093595828547648,1.0927524717216366,1.0932751851783251,2135
2024-03-29 18:00:00,1.0932751851783251,1.093569182448319,1.0929437564612987,1.0934840188486457,489
2024-03-29 18:00:00,1.0934840188486457,1.0942172341327863,1.0933145240705326,1.0941616376447425,5241
2024-03-29 19:00:00,1.0941616376447425,1.0943732297875102,1.0937238692064952,1.0937402380734011,3962
2024-03-29 19:00:00,1.0937402380734011,1.093832898375448,1.092610670328219,1.092677279852414,5903
2024-03-29 20:00:00,1.092677279852414,1.0927905880498303,1.091998141048299,1.0921278348883028,4177
2024-03-29 20:00:00,1.0921278348883028,1.0923240648314168,1.0907539041682235,1.0908312900575434,8653
2024-03-29 21:00:00,1.0908312900575434,1.0919899937680337,1.09080561040436,1.0919222421355776,8350
2024-03-29 21:00:00,1.0919222421355776,1.0919826960139942,1.0916951478711325,1.091801321303546,4680
2024-03-29 22:00:00,1.091801321303546,1.092025960313721,1.0905315739364505,1.090940704845986,9416
2024-03-29 22:00:00,1.090940704845986,1.0915438012120502,1.090816036385851,1.0913322982779916,7041
2024-03-29 23:00:00,1.0913322982779916,1.091536786514648,1.091300244506508,1.0913414624514752,8631
2024-03-29 23:00:00,1.0913414624514752,1.0914882837186366,1.0905546399547756,1.0908621815164816,4681
2024-03-30 00:00:00,1.0908621815164816,1.0915728164043994,1.090698115824255,1.0913968876692892,2836
2024-03-30 01:00:00,1.0913968876692892,1.091427458667652,1.091283472545349,1.0913701850373874,1139
2024-03-30 02:00:00,1.0913701850373874,1.092511679893632,1.0912050003207812,1.0921686438994913,7765
2024-03-30 03:00:00,1.0921686438994913,1.0934367784905175,1.0921438654268443,1.0932192287554467,8412
2024-03-30 04:00:00,1.0932192287554467,1.0934894868359863,1.092761308029935,1.0928213337873007,3913
2024-03-30 05:00:00,1.0928213337873007,1.0928946021227284,1.0922814458319279,1.0923167982525779,6573
2024-03-30 06:00:00,1.0923167982525779,1.0924421736652836,1.0919985951097941,1.0920083482401628,6327
2024-03-30 07:00:00,1.0920083482401628,1.0923006932152228,1.091977696129483,1.0922054071818794,9036
2024-03-30 08:00:00,1.0922054071818794,1.0936134848040473,1.0921359276845926,1.0935844149195846,4581
2024-03-30 09:00:00,1.0935844149195846,1.0936242274303365,1.092961599955385,1.0929985653621093,4643
2024-03-30 10:00:00,1.0929985653621093,1.0934141875203323,1.0927564168367834,1.0933666589890723,6316
2024-03-30 11:00:00,1.0933666589890723,1.093423107107457,1.0924669074989592,1.0926770623570536,7103
2024-03-30 12:00:00,1.0926770623570536,1.0928676642566963,1.0918672410761237,1.091927216571023,7160
2024-03-30 13:00:00,1.091927216571023,1.0921869062033431,1.091881522062261,1.092135549551878,9314
2024-03-30 14:00:00,1.092135549551878,1.0922082119535559,1.0919369500879792,1.0919962646233181,5060
2024-03-30 15:00:00,1.0919962646233181,1.0928576320457044,1.0917003682709459,1.0927794271123312,7967
2024-03-30 16:00:00,1.0927794271123312,1.0930210913252514,1.0925967353964048,1.0928575978999118,7143
2024-03-30 17:00:00,1.0928575978999118,1.0931363726330763,1.0928129435822251,1.0930112557143412,1875
2024-03-30 18:00:00,1.0930112557143412,1.0933147011846618,1.092845971249503,1.0932949570057706,2008
2024-03-30 19:00:00,1.0932949570057706,1.093856766708973,1.0931721282995213,1.0937210997831057,687
2024-03-30 20:00:00,1.0937210997831057,1.0947317052508765,1.0935427316671869,1.0944114903896436,6245
2024-03-30 21:00:00,1.0944114903896436,1.094415354050498,1.0937138817791274,1.0937342077898342,482
2024-03-30 22:00:00,1.0937342077898342,1.0950334088140137,1.0935739714370365,1.094896411378185,8981
2024-03-30 23:00:00,1.094896411378185,1.0957704430691402,1.0945079118399925,1.0956707050867132,5331
2024-03-31 00:00:00,1.0956707050867132,1.0957112262412967,1.0950123719153069,1.0952083727625337,6104
2024-03-31 01:00:00,1.0952083727625337,1.095823741159307,1.0949487075745998,1.0957553903751642,8495
2024-03-31 02:00:00,1.0957553903751642,1.0957981756684345,1.0942305014432105,1.0944258905910869,4221
2024-03-31 03:00:00,1.0944258905910869,1.0944647888880599,1.0931235697664852,1.0932567453312265,1976
2024-03-31 04:00:00,1.0932567453312265,1.094097081252451,1.093080533552815,1.093889960441242,6351
2024-03-31 05:00:00,1.093889960441242,1.0942337983542765,1.0936756243664638,1.0941464953816233,1800
2024-03-31 06:00:00,1.0941464953816233,1.094148900187406,1.0940397695572066,1.094087680728994,1690
2024-03-31 07:00:00,1.094087680728994,1.0940935510694172,1.0938916880553877,1.0939707495059177,967
2024-03-31 08:00:00,1.0939707495059177,1.094588373066446,1.0939692533465695,1.0944335685116318,5761
2024-03-31 09:00:00,1.0944335685116318,1.0947325840170592,1.0940684369124989,1.0946519240962258,2164
2024-03-31 10:00:00,1.0946519240962258,1.0949075802857178,1.0939899433157965,1.094002113219797,9779
2024-03-31 11:00:00,1.094002113219797,1.0942778550364187,1.0937763863169212,1.0941933900769287,2445
2024-03-31 12:00:00,1.0941933900769287,1.0945422966546499,1.0939092282718252,1.0940472835184727,2740
2024-03-31 13:00:00,1.0940472835184727,1.0943437298032082,1.0936815285917574,1.093911861708367,7119
2024-03-31 14:00:00,1.093911861708367,1.0939919900360349,1.093713432982966,1.0938710482337468,1150
2024-03-31 15:00:00,1.0938710482337468,1.0941822125037743,1.0937563587350758,1.0940028953956449,3687
2024-03-31 16:00:00,1.0940028953956449,1.0952440393882878,1.0938987692743325,1.0950594438752597,6918
2024-03-31 17:00:00,1.0950594438752597,1.0954703468531406,1.0943683898890055,1.0946769512437595,6692
2024-03-31 18:00:00,1.0946769512437595,1.0948900877833234,1.0937799458399855,1.0941166923535084,9899
2024-03-31 19:00:00,1.0941166923535084,1.0946160371868607,1.0940562277734387,1.0945877046604864,6831
2024-03-31 20:00:00,1.0945877046604864,1.0956176887104712,1.094189285778987,1.0952105824191272,6483
2024-03-31 21:00:00,1.0952105824191272,1.0953500300284051,1.0948822437447843,1.094951748733288,4999
2024-03-31 22:00:00,1.094951748733288,1.0951950382107434,1.094711049307433,1.0947421516281857,4634
2024-03-31 23:00:00,1.0947421516281857,1.0947635974858696,1.0935498388165714,1.0936498130234724,9312
2024-04-01 00:00:00,1.0936498130234724,1.0939479514987096,1.093374184487373,1.093801315635225,622
2024-04-01 01:00:00,1.093801315635225,1.093953111974317,1.093060033808595,1.0931496494767976,8862
2024-04-01 02:00:00,1.0931496494767976,1.0944974656269806,1.093041645916453,1.0941278438061595,3439
2024-04-01 03:00:00,1.0941278438061595,1.094608309280126,1.0939456549253916,1.0946054518377493,4308
2024-04-01 04:00:00,1.0946054518377493,1.0957470685050847,1.0943299848318435,1.095730434150698,2552
2024-04-01 05:00:00,1.095730434150698,1.0958667609954316,1.0940619188703753,1.094064740541626,3573
2024-04-01 06:00:00,1.094064740541626,1.0945340330342357,1.0939018599774273,1.094419843895315,5225
2024-04-01 07:00:00,1.094419843895315,1.0953053518284213,1.0940171330363853,1.095061241707635,7868
2024-04-01 08:00:00,1.095061241707635,1.095592245262159,1.0949549594274075,1.0952876107693241,3285
2024-04-01 09:00:00,1.0952876107693241,1.0956519260174036,1.0951283427653744,1.0955297257925856,9138
2024-04-01 10:00:00,1.0955297257925856,1.0955795045864123,1.0953951147467842,1.0954733460212347,1434
2024-04-01 11:00:00,1.0954733460212347,1.0955229368627002,1.094584826186862,1.0946808198160918,6295
2024-04-01 12:00:00,1.0946808198160918,1.0948125462066498,1.0944916032547725,1.094538042155701,399
2024-04-01 13:00:00,1.094538042155701,1.0953335431591198,1.094445470898558,1.0952745319211588,5058
2024-04-01 14:00:00,1.0952745319211588,1.0959166842287542,1.0950362973121708,1.0956371153673479,1185
2024-04-01 15:00:00,1.0956371153673479,1.0957713189283314,1.0950961009761608,1.0953097005317727,183
2024-04-01 16:00:00,1.0953097005317727,1.0960564895065987,1.0951099132565236,1.095805684976113,8015
2024-04-01 17:00:00,1.095805684976113,1.0962900468524273,1.0957967710539351,1.0960703109777403,4156
2024-04-01 18:00:00,1.0960703109777403,1.0962913104181011,1.0959649376431948,1.0960404438729068,1476
2024-04-01 19:00:00,1.0960404438729068,1.0967623092378638,1.0959488164749385,1.096556984141287,1792
2024-04-01 20:00:00,1.096556984141287,1.0966001844256017,1.096312977317357,1.0963797703472922,7926
2024-04-01 21:00:00,1.0963797703472922,1.0967216156271327,1.0961885983934747,1.0962669379966767,1023
2024-04-01 22:00:00,1.0962669379966767,1.096938301654639,1.095905278930977,1.0967503886211882,5085
2024-04-01 23:00:00,1.0967503886211882,1.0974077798121828,1.0964444388301875,1.0972060932080767,1598
2024-04-02 00:00:00,1.0972060932080767,1.0990152336591903,1.0971144486022255,1.098517742307449,5110
2024-04-02 01:00:00,1.098517742307449,1.0993758099589217,1.0984611904419233,1.0992776875121164,4698
2024-04-02 02:00:00,1.0992776875121164,1.0994881969742634,1.0977335700503281,1.0981021574315777,3970
2024-04-02 03:00:00,1.0981021574315777,1.0988229970659973,1.0979173037510588,1.0985327518062171,1825
2024-04-02 04:00:00,1.0985327518062171,1.0995009527314676,1.0982923020055448,1.099377495590092,2910
2024-04-02 05:00:00,1.099377495590092,1.1003122527632083,1.0992948058493976,1.1001322207176336,5661
2024-04-02 06:00:00,1.1001322207176336,1.1004180719983532,1.0998262659016118,1.1002302805627062,2394
2024-04-02 07:00:00,1.1002302805627062,1.1003285894454675,1.0993453272379847,1.0994707369609242,9884
2024-04-02 08:00:00,1.0994707369609242,1.0994812879825244,1.0983772975920834,1.0985079933884736,8716
2024-04-02 09:00:00,1.0985079933884736,1.0987433935158317,1.0982424183919806,1.0985049118526702,4990
2024-04-02 10:00:00,1.0985049118526702,1.0986725842286704,1.0980090371914373,1.098251568617962,5277
2024-04-02 11:00:00,1.098251568617962,1.0986648762487308,1.0980302220204161,1.0986621755998123,8116
2024-04-02 12:00:00,1.0986621755998123,1.098738866602783,1.0980504647623877,1.098248682989454,5703
2024-04-02 13:00:00,1.098248682989454,1.0985909238395117,1.0979132428874607,1.0984296198730203,2471
2024-04-02 14:00:00,1.0984296198730203,1.0984734341855278,1.0976650435714446,1.0977601220198874,7453
2024-04-02 15:00:00,1.0977601220198874,1.0983137967410126,1.0968928949407648,1.0969432053208017,5718
2024-04-02 16:00:00,1.0969432053208017,1.097065419501824,1.0962281233827171,1.0963814166689212,8353
2024-04-02 17:00:00,1.0963814166689212,1.096430800334419,1.095708984518386,1.0960941800820752,5158
2024-04-02 18:00:00,1.0960941800820752,1.0972328539460459,1.095838493090482,1.0969337395987493,3658
2024-04-02 19:00:00,1.0969337395987493,1.097064028108722,1.0963541606627254,1.0967275007800863,1884
2024-04-02 20:00:00,1.0967275007800863,1.0968200481096855,1.0965668670468693,1.0966282767150544,3016
2024-04-02 21:00:00,1.0966282767150544,1.0974617862307838,1.096487870650321,1.0972931265685268,3544
2024-04-02 22:00:00,1.0972931265685268,1.0973787971512812,1.0964959169779327,1.096574282719476,614
2024-04-02 23:00:00,1.096574282719476,1.0970159217608277,1.0965069827617118,1.0968814430439624,6294
2024-04-03 00:00:00,1.0968814430439624,1.0972720549830703,1.0959598317805417,1.0961588030510352,4812
2024-04-03 01:00:00,1.0961588030510352,1.0961848026961956,1.0952990617275242,1.095511668982095,8390
2024-04-03 02:00:00,1.095511668982095,1.096130380332613,1.0951579858969673,1.0960235108899223,8614
2024-04-03 03:00:00,1.0960235108899223,1.0970459065455933,1.0959489424401911,1.096879874271124,5636
2024-04-03 04:00:00,1.096879874271124,1.097727849889452,1.096689266178451,1.0973431471919313,7950
2024-04-03 05:00:00,1.0973431471919313,1.097935028176466,1.0970358410538548,1.0979090935660603,8213
2024-04-03 06:00:00,1.0979090935660603,1.0980018644519614,1.09720744314784,1.0974270804245956,4350
2024-04-03 07:00:00,1.0974270804245956,1.0974464314082832,1.0967269005427245,1.0970498505151827,4737
2024-04-03 08:00:00,1.0970498505151827,1.0972093381385968,1.0961639486126369,1.096378854570683,4341
2024-04-03 09:00:00,1.096378854570683,1.0969868507512317,1.0963169124083216,1.0967047122871476,9789
2024-04-03 10:00:00,1.0967047122871476,1.0968066149999336,1.0966418220954133,1.0966792881573775,5618
2024-04-03 11:00:00,1.0966792881573775,1.0973818033123468,1.0966750436272106,1.0973752485848356,5830
2024-04-03 12:00:00,1.0973752485848356,1.0976546006203154,1.096801797921646,1.0968907915847212,2849
2024-04-03 13:00:00,1.0968907915847212,1.0969569649904025,1.0967074435203032,1.0968573968460011,4984
2024-04-03 14:00:00,1.0968573968460011,1.0971500767895026,1.0967614088977715,1.0970851204706806,2031
2024-04-03 15:00:00,1.0970851204706806,1.097517381247941,1.0964942972538412,1.0965908039958054,4452
2024-04-03 16:00:00,1.0965908039958054,1.0972806058994766,1.0965289946288006,1.0972015965290427,538
2024-04-03 17:00:00,1.0972015965290427,1.0984567769514522,1.0971737326028967,1.098450942411607,636
2024-04-03 18:00:00,1.098450942411607,1.0986339420088076,1.0981838283204997,1.098569326860272,9004
2024-04-03 19:00:00,1.098569326860272,1.0995306670725242,1.098559344813664,1.099229500591458,6026
2024-04-03 20:00:00,1.099229500591458,1.099391369928417,1.0988121113913114,1.0990172560703064,6848
2024-04-03 21:00:00,1.0990172560703064,1.099097210172595,1.0982568169789277,1.0982882461356682,4414
2024-04-03 22:00:00,1.0982882461356682,1.098540059117958,1.0977370643734383,1.0979381273986377,8218
2024-04-03 23:00:00,1.0979381273986377,1.098097270931342,1.0973154011212662,1.0976646992475851,4938
2024-04-04 00:00:00,1.0976646992475851,1.0985213732226153,1.097361843100441,1.0984974414421207,2866
2024-04-04 01:00:00,1.0984974414421207,1.0985314363500704,1.0982298548377467,1.0983702194458553,8274
2024-04-04 02:00:00,1.0983702194458553,1.0986728599529925,1.0982422388544248,1.0985662612091072,1089
2024-04-04 03:00:00,1.0985662612091072,1.099149751601782,1.0985247979899055,1.0988323139878464,401
2024-04-04 04:00:00,1.0988323139878464,1.100012459795616,1.0987469997372803,1.0997728682031478,1112
2024-04-04 05:00:00,1.0997728682031478,1.1000158797206199,1.0995914028912734,1.1000088914205282,3750
2024-04-04 06:00:00,1.1000088914205282,1.1004303513581264,1.099830336759073,1.100185473903455,346
2024-04-04 07:00:00,1.100185473903455,1.101290551261949,1.1001354951562925,1.1012689992508586,2163
2024-04-04 08:00:00,1.1012689992508586,1.1015837198292722,1.101246030232803,1.1015252860636306,1458
2024-04-04 09:00:00,1.1015252860636306,1.1022098474034263,1.1014028014854504,1.1020142596363158,9901
2024-04-04 10:00:00,1.1020142596363158,1.1021868105547064,1.1014307058973827,1.1015967199964085,8231
2024-04-04 11:00:00,1.1015967199964085,1.1019052294386833,1.100949870061802,1.101233845494656,1145
2024-04-04 12:00:00,1.101233845494656,1.1014292310740348,1.101213043649111,1.101263863347893,6861
2024-04-04 13:00:00,1.101263863347893,1.1014582957914818,1.1001996984287852,1.1002156143380966,4314
2024-04-04 14:00:00,1.1002156143380966,1.100593327563401,1.1001050757473398,1.100433283016321,9843
2024-04-04 15:00:00,1.100433283016321,1.1005051910969157,1.100350122471177,1.1004704822134035,9830
2024-04-04 16:00:00,1.1004704822134035,1.100626041739579,1.1000584500098305,1.100204909919778,9807
2024-04-04 17:00:00,1.100204909919778,1.1008639583390392,1.1001646259397626,1.1006548662909428,4701
2024-04-04 18:00:00,1.1006548662909428,1.1008733555858723,1.1006030802052977,1.1008541131334642,1878
2024-04-04 19:00:00,1.1008541131334642,1.1011408398552278,1.10036782448119,1.1007397570893,8728
2024-04-04 20:00:00,1.1007397570893,1.1008222282831173,1.1000193410218473,1.1003345755273957,9094
2024-04-04 21:00:00,1.1003345755273957,1.1007599422249554,1.0991411381880865,1.0991474625828686,7372
2024-04-04 22:00:00,1.0991474625828686,1.0998483018203848,1.0989386575569802,1.099824174868206,4298
2024-04-04 23:00:00,1.099824174868206,1.100286266486775,1.0997691744085476,1.1000044743374167,7475
2024-04-05 00:00:00,1.1000044743374167,1.100036886757824,1.0993750504974205,1.0996140859797228,5880
2024-04-05 01:00:00,1.0996140859797228,1.0996559557511898,1.0994325927191053,1.0994416015427075,4900
2024-04-05 02:00:00,1.0994416015427075,1.099626834195404,1.0990941692468852,1.099336056312677,924
2024-04-05 03:00:00,1.099336056312677,1.1002750503289758,1.0990030278361682,1.1002618720072552,3905
2024-04-05 04:00:00,1.1002618720072552,1.1005891332004252,1.10005692185724,1.10055401838344,8595
2024-04-05 05:00:00,1.10055401838344,1.1019251143171012,1.1004085841315332,1.1019009101108992,6410
2024-04-05 06:00:00,1.1019009101108992,1.1024336604158593,1.1016969498441602,1.1019554447028026,8785
2024-04-05 07:00:00,1.1019554447028026,1.1024568351873407,1.1016860875703796,1.102415326728363,8378
2024-04-05 08:00:00,1.102415326728363,1.1038706265652902,1.1023343875569902,1.103830489521615,3397
2024-04-05 09:00:00,1.103830489521615,1.1052488611075182,1.1033961289881358,1.1050581090563558,6145
2024-04-05 10:00:00,1.1050581090563558,1.1052958972799665,1.104191366195375,1.104279718325305,7189
2024-04-05 11:00:00,1.104279718325305,1.1044910641833934,1.104033252604262,1.1043292124577688,6596
2024-04-05 12:00:00,1.1043292124577688,1.1044932411765935,1.1031983485551164,1.103291896291888,5964
2024-04-05 13:00:00,1.103291896291888,1.103549796305833,1.103131251625831,1.1031915675873891,6593
2024-04-05 14:00:00,1.1031915675873891,1.1033481987185918,1.1030720370250386,1.1031858124200782,5734
2024-04-05 15:00:00,1.1031858124200782,1.1040583118598593,1.1030366076294815,1.1039240578325182,3920
2024-04-05 16:00:00,1.1039240578325182,1.103996208983451,1.102886034432863,1.102900492102288,7013
2024-04-05 17:00:00,1.102900492102288,1.103221015882261,1.1024987975000917,1.1031349303425009,1149
2024-04-05 17:00:00,1.1031349303425009,1.1032498507141375,1.1025014467809877,1.1025686025045358,3701
2024-04-05 18:00:00,1.1025686025045358,1.102682847346583,1.1018527881133229,1.1021309168325129,6565
2024-04-05 18:00:00,1.1021309168325129,1.1026242759985145,1.1020275517793479,1.1024269878986948,6539
2024-04-05 19:00:00,1.1024269878986948,1.1035677698241637,1.1023147700724985,1.1034925731082934,4965
2024-04-05 19:00:00,1.1034925731082934,1.1035735801854645,1.1021474914817022,1.1023166019169732,7849
2024-04-05 20:00:00,1.1023166019169732,1.1025330054739817,1.101613319081813,1.1016810528925898,3083
2024-04-05 20:00:00,1.1016810528925898,1.102332480800585,1.1016271916546774,1.1020259611536654,6428
2024-04-05 21:00:00,1.1020259611536654,1.102223278299411,1.101909761245673,1.1021417403520435,8819
2024-04-05 21:00:00,1.1021417403520435,1.102317061528012,1.101211546255315,1.1012739033699661,7273
2024-04-05 22:00:00,1.1012739033699661,1.1023624666095304,1.1011836142919011,1.102341843024387,133
2024-04-05 22:00:00,1.102341843024387,1.1024557948083278,1.1017312816732754,1.1017961170454835,5286
2024-04-05 23:00:00,1.1017961170454835,1.1018341616898526,1.1009318429104045,1.1010077678097399,6498
2024-04-05 23:00:00,1.1010077678097399,1.1025465005510828,1.1009209150797554,1.1019861182371853,8076
2024-04-06 00:00:00,1.1019861182371853,1.1020117036776602,1.1012407964704947,1.1013679417757827,6646
2024-04-06 01:00:00,1.1013679417757827,1.101458015414034,1.1003955996853814,1.1004769692124092,109
2024-04-06 02:00:00,1.1004769692124092,1.1008571091665178,1.10034739475448,1.1006516970811433,1827
2024-04-06 03:00:00,1.1006516970811433,1.1007221256542041,1.1004733215542293,1.1006856915286618,7642
2024-04-06 04:00:00,1.1006856915286618,1.1007226840461302,1.099308482464539,1.099788799196745,2878
2024-04-06 05:00:00,1.099788799196745,1.100391029326101,1.0997693369666046,1.099990144665366,6832
2024-04-06 06:00:00,1.099990144665366,1.1000037851714324,1.099319334359583,1.099600678246095,3198
2024-04-06 07:00:00,1.099600678246095,1.1001776658375,1.0995525333852971,1.1000554488250047,4144
2024-04-06 08:00:00,1.1000554488250047,1.100108345161995,1.0992333786878166,1.0992461191597698,1276
2024-04-06 09:00:00,1.0992461191597698,1.0993464992065098,1.0990275359076296,1.0990332992279472,4823
2024-04-06 10:00:00,1.0990332992279472,1.0995048467127235,1.0988979004084722,1.0992801612553045,1373
2024-04-06 11:00:00,1.0992801612553045,1.0999738705343303,1.0990191687175463,1.099889816828519,7154
2024-04-06 12:00:00,1.099889816828519,1.1001507837811828,1.0995916965861512,1.0996187318344197,2576
2024-04-06 13:00:00,1.0996187318344197,1.0997548789279925,1.099573326062342,1.099685882295601,2441
2024-04-06 14:00:00,1.099685882295601,1.0998064550914342,1.0996093655270565,1.09978373746871,4639
2024-04-06 15:00:00,1.09978373746871,1.099821158888735,1.0992890276802394,1.099366712602975,3242
2024-04-06 16:00:00,1.099366712602975,1.0994918308634762,1.097979941218927,1.0982768695913023,2310
2024-04-06 17:00:00,1.0982768695913023,1.0983336518030495,1.0982384449345939,1.0982398575155041,3514
2024-04-06 18:00:00,1.0982398575155041,1.098437403218689,1.0974131797389863,1.0975683010112738,7784
2024-04-06 19:00:00,1.0975683010112738,1.097944897700608,1.0971651526601105,1.0974698722222442,7374
2024-04-06 20:00:00,1.0974698722222442,1.0976563351381978,1.097409512523565,1.097559388208604,2127
2024-04-06 21:00:00,1.097559388208604,1.0989220303151859,1.0973999908748413,1.0988758730847654,4826
2024-04-06 22:00:00,1.0988758730847654,1.099390309376294,1.0985780162318775,1.0991495937653872,4994
2024-04-06 23:00:00,1.0991495937653872,1.09928202434551,1.0991482840338263,1.099164612838591,2099
2024-04-07 00:00:00,1.099164612838591,1.099510460120994,1.0989660872179952,1.0991988790345304,4804
2024-04-07 01:00:00,1.0991988790345304,1.0994082633845519,1.09797250408019,1.0981080980743694,5717
2024-04-07 02:00:00,1.0981080980743694,1.0981990389536527,1.0972833442786802,1.0972965774655896,9316
2024-04-07 03:00:00,1.0972965774655896,1.097415548340269,1.0969680363488483,1.0970906787273436,1721
2024-04-07 04:00:00,1.0970906787273436,1.0971112943716497,1.0969889723149702,1.0969937683187734,4671
2024-04-07 05:00:00,1.0969937683187734,1.0969942050369408,1.0962113688117097,1.0964863858583431,3111
2024-04-07 06:00:00,1.0964863858583431,1.096741873179112,1.0961319297046577,1.0963632460349766,6308
2024-04-07 07:00:00,1.0963632460349766,1.0969241233075009,1.0963345297172342,1.0966525993808909,9202
2024-04-07 08:00:00,1.0966525993808909,1.0969062126392841,1.0965713805771211,1.0967216036738388,7752
2024-04-07 09:00:00,1.0967216036738388,1.0970136641608805,1.0958571141601576,1.0958947025154442,714
2024-04-07 10:00:00,1.0958947025154442,1.0964489181127313,1.0956633032243113,1.0964253218938098,4180
2024-04-07 11:00:00,1.0964253218938098,1.09653028567942,1.0963966383676735,1.0964333599665,1104
2024-04-07 12:00:00,1.0964333599665,1.0965248968788357,1.0957479622150692,1.0959573047578244,7803
2024-04-07 13:00:00,1.0959573047578244,1.0962464709004627,1.0958470815098162,1.096221138094993,3322
2024-04-07 14:00:00,1.096221138094993,1.0962607815605372,1.0950990197989443,1.0951640716985902,6242
2024-04-07 15:00:00,1.0951640716985902,1.0953506850197343,1.0951364935943397,1.095149201975252,9307
2024-04-07 16:00:00,1.095149201975252,1.0959336820255756,1.0948976872084843,1.094954444814052,8298
2024-04-07 17:00:00,1.094954444814052,1.095014864222257,1.0937900745777136,1.0941075546981966,7783
2024-04-07 18:00:00,1.0941075546981966,1.0945511358806543,1.0940338551808289,1.0943837376497276,8030
2024-04-07 19:00:00,1.0943837376497276,1.0947099572724115,1.094319088212221,1.094488007246834,3865
2024-04-07 20:00:00,1.094488007246834,1.0945266051751885,1.0933757086476001,1.093710999639983,4150
2024-04-07 21:00:00,1.093710999639983,1.0938755361252979,1.0925938881031905,1.0926609515544699,2611
2024-04-07 22:00:00,1.0926609515544699,1.0927791152240882,1.0921999538081777,1.0924489620098223,3735
2024-04-07 23:00:00,1.0924489620098223,1.092569807067967,1.0922123449067724,1.0925467694022117,5813
2024-04-08 00:00:00,1.0925467694022117,1.093685880064625,1.0923436531262816,1.0932247526971515,2995
2024-04-08 01:00:00,1.0932247526971515,1.093278635900316,1.0930294513793388,1.0932471665867813,4005
2024-04-08 02:00:00,1.0932471665867813,1.0933598085335898,1.0919098149548008,1.0920502064144597,2016
2024-04-08 03:00:00,1.0920502064144597,1.0926572797422338,1.0920091091289477,1.092630623999188,4377
2024-04-08 04:00:00,1.092630623999188,1.0929144633588792,1.0924089350788435,1.0926965948313367,6672
2024-04-08 05:00:00,1.0926965948313367,1.093151554353396,1.092604750751739,1.092990252427591,7051
2024-04-08 06:00:00,1.092990252427591,1.0933278592926305,1.092273745754539,1.0923938953406667,4230
2024-04-08 07:00:00,1.0923938953406667,1.092671944626176,1.0922309582100191,1.0924681835866576,3963
2024-04-08 08:00:00,1.0924681835866576,1.092901287877099,1.0918954973897712,1.0921064215154688,774
2024-04-08 09:00:00,1.0921064215154688,1.0932515667226845,1.0918619485924714,1.0930518025488176,2000
2024-04-08 10:00:00,1.0930518025488176,1.093161240906594,1.0926371426681905,1.0928874139046383,7429
2024-04-08 11:00:00,1.0928874139046383,1.092941096559377,1.0925264179361578,1.0925766081403,8009
2024-04-08 12:00:00,1.0925766081403,1.0927044468470501,1.092320607607906,1.0923518628752469,4603
2024-04-08 13:00:00,1.0923518628752469,1.092633445224914,1.0922335292653083,1.0925195749401977,4199
2024-04-08 14:00:00,1.0925195749401977,1.0926307233758064,1.0915170361487259,1.091927854637013,4556
2024-04-08 15:00:00,1.091927854637013,1.0925223128163386,1.0917132165821997,1.092416152499604,6165
2024-04-08 16:00:00,1.092416152499604,1.0925367988568795,1.092392850889109,1.092472481948805,3137
2024-04-08 17:00:00,1.092472481948805,1.0925924747957436,1.0922269162355935,1.0925807530122693,689
2024-04-08 18:00:00,1.0925807530122693,1.092928579429592,1.0925765688047926,1.0928648177616664,5577
2024-04-08 19:00:00,1.0928648177616664,1.09367959906911,1.0925222754794113,1.0934577079580208,5847
2024-04-08 20:00:00,1.0934577079580208,1.0936975488230398,1.0933166729710035,1.0934062122242825,1989
2024-04-08 21:00:00,1.0934062122242825,1.0934342673413926,1.093280702319509,1.0933478054859156,2482
2024-04-08 22:00:00,1.0933478054859156,1.0935981949768183,1.092940412293641,1.0931235770499605,2432
2024-04-08 23:00:00,1.0931235770499605,1.093150861480016,1.0927014008038183,1.0928570625144196,1159
2024-04-09 00:00:00,1.0928570625144196,1.093179636188561,1.0923397818434168,1.092529105505083,3495
2024-04-09 01:00:00,1.092529105505083,1.0933873418400402,1.0925208072841675,1.0931638764382539,7730
2024-04-09 02:00:00,1.0931638764382539,1.0934119504710762,1.0926993545932013,1.0932846398297016,494
2024-04-09 03:00:00,1.0932846398297016,1.0943754826768188,1.0930910534399485,1.0943318149267305,666
2024-04-09 04:00:00,1.0943318149267305,1.0944626925535426,1.0941452939272944,1.094203276162102,1172
2024-04-09 05:00:00,1.094203276162102,1.094786780601734,1.0941841837538302,1.0947493690984391,2610
2024-04-09 06:00:00,1.0947493690984391,1.09509315518103,1.0940538931299906,1.0942632840368762,7580
2024-04-09 07:00:00,1.0942632840368762,1.0944301587593352,1.0940738545326716,1.0941207703385953,6200
2024-04-09 08:00:00,1.0941207703385953,1.094821153854714,1.0939515624040699,1.0946800462652582,2502
2024-04-09 09:00:00,1.0946800462652582,1.0948173246263175,1.0946552953367532,1.0948053426715016,6586
2024-04-09 10:00:00,1.0948053426715016,1.0955136233962093,1.0944231108064495,1.0952610308088357,2202
2024-04-09 11:00:00,1.0952610308088357,1.0959496325517657,1.0948947953817225,1.0955451977317483,7164
2024-04-09 12:00:00,1.0955451977317483,1.0960138055520787,1.094733941089325,1.094856748721635,7241
2024-04-09 13:00:00,1.094856748721635,1.0953520547447013,1.0948112677058366,1.0951784936527929,9206
2024-04-09 14:00:00,1.0951784936527929,1.0952293191902072,1.0942391250753387,1.0943785352711066,9403
2024-04-09 15:00:00,1.0943785352711066,1.094508668796865,1.0941710913583518,1.094256273551772,5539
2024-04-09 16:00:00,1.094256273551772,1.0943939727466843,1.093369084349331,1.0934159858563604,3561
2024-04-09 17:00:00,1.0934159858563604,1.0945494718254236,1.093413944736282,1.0944521455877858,4023
2024-04-09 18:00:00,1.0944521455877858,1.0946346632274213,1.0941103775408096,1.0942506555195715,2417
2024-04-09 19:00:00,1.0942506555195715,1.0952173780851657,1.0941423008723692,1.094914314466301,6091
2024-04-09 20:00:00,1.094914314466301,1.095740498706201,1.094562322689871,1.0955379615935272,1065
2024-04-09 21:00:00,1.0955379615935272,1.0956431490495782,1.095082424417549,1.095131202605873,9441
2024-04-09 22:00:00,1.095131202605873,1.0952054950100907,1.0939967369753232,1.0943519334247156,7082
2024-04-09 23:00:00,1.0943519334247156,1.0946386584286798,1.093526817489269,1.0935651076324604,2332
2024-04-10 00:00:00,1.0935651076324604,1.093803950529063,1.0931782790407845,1.0934384994533892,8656
2024-04-10 01:00:00,1.0934384994533892,1.0935376525679923,1.0919887089582418,1.0921175866489494,3713
2024-04-10 02:00:00,1.0921175866489494,1.0922370628611584,1.0916278972050593,1.0916499808144484,1131
2024-04-10 03:00:00,1.0916499808144484,1.0922540669232677,1.0914936463999791,1.092053902823714,8945
2024-04-10 04:00:00,1.092053902823714,1.0922382900993155,1.0916919651616126,1.0918622471489652,3895
2024-04-10 05:00:00,1.0918622471489652,1.0920268448673658,1.0909859652018508,1.0909942735699636,3967
2024-04-10 06:00:00,1.0909942735699636,1.0911372350217619,1.0902026651818,1.0905615701514784,7681
2024-04-10 07:00:00,1.0905615701514784,1.0918767717777351,1.0905486118814538,1.0916045704367812,4186
2024-04-10 08:00:00,1.0916045704367812,1.0925583639130527,1.0915535330024784,1.0925092641766938,3303
2024-04-10 09:00:00,1.0925092641766938,1.0926739488136064,1.0913647266168744,1.091553853302388,4518
2024-04-10 10:00:00,1.091553853302388,1.0920502238831218,1.0914548102827872,1.0916548595693323,5101
2024-04-10 11:00:00,1.0916548595693323,1.091778570840728,1.0909921154356519,1.0913892507178549,2249
2024-04-10 12:00:00,1.0913892507178549,1.0914410950804556,1.0913638158826353,1.0913886928360168,4990
2024-04-10 13:00:00,1.0913886928360168,1.0914788553032833,1.090937111117119,1.090979048329834,9781
2024-04-10 14:00:00,1.090979048329834,1.091727970644177,1.0908516742981549,1.0913735913077276,6318
2024-04-10 15:00:00,1.0913735913077276,1.0915944816732985,1.0905649261240455,1.09065163444614,4939
2024-04-10 16:00:00,1.09065163444614,1.0907472420091786,1.0896950016301001,1.08998292325626,6479
2024-04-10 17:00:00,1.08998292325626,1.0903172246649941,1.0896265862989665,1.0901401092486551,5488
2024-04-10 18:00:00,1.0901401092486551,1.090195376307664,1.089295352198207,1.089382102135399,5083
2024-04-10 19:00:00,1.089382102135399,1.0894755355014152,1.0891588119643623,1.089387355063693,3738
2024-04-10 20:00:00,1.089387355063693,1.0902620645842895,1.0893252758363978,1.0900785109447304,9569
2024-04-10 21:00:00,1.0900785109447304,1.0901502944614785,1.0891629184085467,1.0893708770534525,4922
2024-04-10 22:00:00,1.0893708770534525,1.0900081974985505,1.0890575061120098,1.089953465474708,4524
2024-04-10 23:00:00,1.089953465474708,1.0905340987220393,1.0896771116369945,1.090340401992647,6027
2024-04-11 00:00:00,1.090340401992647,1.091343650264797,1.0901125896911237,1.0912558802667014,2517
2024-04-11 01:00:00,1.0912558802667014,1.0912786116352011,1.0892767397365717,1.089596564384739,3842
2024-04-11 02:00:00,1.089596564384739,1.0901460426753424,1.0894799312412877,1.0900660187430822,358
2024-04-11 03:00:00,1.0900660187430822,1.0913213174635654,1.0899313108135027,1.0909007973251812,4572
2024-04-11 04:00:00,1.0909007973251812,1.0910133794572383,1.0902354303791684,1.0902569193555272,244
2024-04-11 05:00:00,1.0902569193555272,1.0907869286871659,1.0898840794503497,1.0906476364692086,6323
2024-04-11 06:00:00,1.0906476364692086,1.090703877188289,1.0902890717096365,1.0903137555363367,3210
2024-04-11 07:00:00,1.0903137555363367,1.090851670559916,1.0900891726008473,1.090701047093792,2853
2024-04-11 08:00:00,1.090701047093792,1.0920506474379659,1.0903795188316872,1.0919108049502315,808
2024-04-11 09:00:00,1.0919108049502315,1.092005367964217,1.0911750119493604,1.0917195027775588,8537
2024-04-11 10:00:00,1.0917195027775588,1.0917843719197977,1.0912293895419511,1.0914366553813188,4528
2024-04-11 11:00:00,1.0914366553813188,1.0916471212752394,1.0907881238358308,1.090883230725178,9903
2024-04-11 12:00:00,1.090883230725178,1.0910868221356638,1.0893761934595576,1.0896354031981224,7670
2024-04-11 13:00:00,1.0896354031981224,1.0899101760272136,1.0894703700181732,1.0897871872067104,2912
2024-04-11 14:00:00,1.0897871872067104,1.0905128400295607,1.089757157640307,1.0902789769765435,6219
2024-04-11 15:00:00,1.0902789769765435,1.0902858179134511,1.0890380148474712,1.0892089397758222,7275
2024-04-11 16:00:00,1.0892089397758222,1.0892243554980985,1.0882917870511963,1.0885029259009729,9679
2024-04-11 17:00:00,1.0885029259009729,1.0886034351502636,1.0874630726962562,1.0877054908401207,351
2024-04-11 18:00:00,1.0877054908401207,1.0877621170045846,1.0868209478405149,1.0868413591186405,3043
2024-04-11 19:00:00,1.0868413591186405,1.0871452263888586,1.0856384872160927,1.0856618195663266,2105
2024-04-11 20:00:00,1.0856618195663266,1.0860158021798576,1.0847560028053624,1.0849379953135345,6261
2024-04-11 21:00:00,1.0849379953135345,1.085536438957132,1.0848978810774033,1.0854042115346938,3413
2024-04-11 22:00:00,1.0854042115346938,1.085845678003316,1.0851805439073352,1.0855438942244626,1376
2024-04-11 23:00:00,1.0855438942244626,1.0856912468934963,1.084725687073627,1.084849459139656,9319
2024-04-12 00:00:00,1.084849459139656,1.0857149943085505,1.084632821450323,1.0854595773960842,9688
2024-04-12 01:00:00,1.0854595773960842,1.086445928773138,1.085406411722955,1.0862786898029972,1548
2024-04-12 02:00:00,1.0862786898029972,1.0869279357912809,1.08616556322262,1.0868610150203748,6992
2024-04-12 03:00:00,1.0868610150203748,1.0876064149423192,1.0867996144083738,1.0873481211645062,1302
2024-04-12 04:00:00,1.0873481211645062,1.0876774297204848,1.0873370870369319,1.087579603609155,8303
2024-04-12 05:00:00,1.087579603609155,1.0882759569447378,1.0872780930202284,1.0879727337086669,6099
2024-04-12 06:00:00,1.0879727337086669,1.088034928001964,1.0876759327036642,1.0877564359456113,9608
2024-04-12 07:00:00,1.0877564359456113,1.0884696427652238,1.087563426829496,1.0880869746982793,9061
2024-04-12 08:00:00,1.0880869746982793,1.0883244601286157,1.087578954612852,1.087683200610981,6840
2024-04-12 09:00:00,1.087683200610981,1.0887495167475303,1.0875971280826795,1.0883372356627257,6538
2024-04-12 10:00:00,1.0883372356627257,1.0894683638125102,1.088319883447633,1.0893358255158125,9648
2024-04-12 11:00:00,1.0893358255158125,1.0895269032300485,1.0885414081953741,1.0887809146576273,3283
2024-04-12 12:00:00,1.0887809146576273,1.089078964162287,1.087907478544467,1.0879367614028355,2073
2024-04-12 13:00:00,1.0879367614028355,1.0888124349507093,1.087768772494887,1.0885112853905965,2369
2024-04-12 14:00:00,1.0885112853905965,1.0893164624347536,1.0884081532645797,1.08922075158141,9328
2024-04-12 15:00:00,1.08922075158141,1.0902037158614162,1.0890944678601555,1.0899372259052165,5489
2024-04-12 16:00:00,1.0899372259052165,1.0904893769368902,1.089738350159018,1.0903777502849588,6283
2024-04-12 17:00:00,1.0903777502849588,1.0904271380066382,1.0901074087785538,1.090417319060377,2652
2024-04-12 17:00:00,1.090417319060377,1.0907956876554303,1.0904107441633466,1.0907085454889534,5523
2024-04-12 18:00:00,1.0907085454889534,1.0911446361594883,1.0906772636331947,1.0910264180532232,4717
2024-04-12 18:00:00,1.0910264180532232,1.0916625538350135,1.091001474421576,1.0915772339077563,9436
2024-04-12 19:00:00,1.0915772339077563,1.0917382626496897,1.091499152070472,1.0916648581267454,7577
2024-04-12 19:00:00,1.0916648581267454,1.0932024171943773,1.091550669927957,1.0930502970614921,1798
2024-04-12 20:00:00,1.0930502970614921,1.0932739117260561,1.0928123685323952,1.093246443461143,2452
2024-04-12 20:00:00,1.093246443461143,1.0936265135280854,1.0931997864529255,1.0934180754126888,5678
2024-04-12 21:00:00,1.0934180754126888,1.0936092910486992,1.0934162300140897,1.093590569244026,6839
2024-04-12 21:00:00,1.093590569244026,1.0937902833213224,1.0927480046132905,1.0930264012706499,6805
2024-04-12 22:00:00,1.0930264012706499,1.093047024787139,1.0924372955524393,1.0924915548650689,6655
2024-04-12 22:00:00,1.0924915548650689,1.092708850889647,1.0916347504759576,1.091723902446201,8511
2024-04-12 23:00:00,1.091723902446201,1.0928256235297054,1.091530859630851,1.0924480985055802,1732
2024-04-12 23:00:00,1.0924480985055802,1.0924510373246892,1.0920868654952802,1.09216409879488,6567
2024-04-13 00:00:00,1.09216409879488,1.0923364061026368,1.0920596158492044,1.0923166032127394,8902
2024-04-13 01:00:00,1.0923166032127394,1.0924473516187008,1.092092763452895,1.092275844046992,7657
2024-04-13 02:00:00,1.092275844046992,1.0926264691885752,1.091863759507303,1.092399883911115,4329
2024-04-13 03:00:00,1.092399883911115,1.0929443421469964,1.0923447874480794,1.0927369410821226,5044
2024-04-13 04:00:00,1.0927369410821226,1.0927646680878287,1.0923091715657796,1.0924087939649085,3284
2024-04-13 05:00:00,1.0924087939649085,1.093197932010783,1.0923022726135738,1.093042971575156,6176
2024-04-13 06:00:00,1.093042971575156,1.0940727054931092,1.0930295695668109,1.0940326987356468,8724
2024-04-13 07:00:00,1.0940326987356468,1.0942247146569375,1.0938072416309055,1.0941191743745533,6630
2024-04-13 08:00:00,1.0941191743745533,1.09424943186755,1.0930250271014899,1.0932186528210603,3537
2024-04-13 09:00:00,1.0932186528210603,1.0935159395162097,1.0929389560224465,1.093338378729094,3205
2024-04-13 10:00:00,1.093338378729094,1.0937260903274313,1.0930333817410651,1.0936978674280902,8353
2024-04-13 11:00:00,1.0936978674280902,1.09383673270432,1.092830936035842,1.093345486513691,4282
2024-04-13 12:00:00,1.093345486513691,1.0934177325522738,1.092944220271397,1.092968718456472,990
2024-04-13 13:00:00,1.092968718456472,1.0930177768049993,1.092531425424885,1.092779925592269,5346
2024-04-13 14:00:00,1.092779925592269,1.092983058238445,1.092370804133829,1.0924784464549273,4021
2024-04-13 15:00:00,1.0924784464549273,1.0926333004394082,1.0922671640192103,1.092311897333571,9631
2024-04-13 16:00:00,1.092311897333571,1.0923405785257854,1.0921952270014939,1.092310298346398,2960
2024-04-13 17:00:00,1.092310298346398,1.0931317698894496,1.0922809719915891,1.093097407796689,2478
2024-04-13 18:00:00,1.093097407796689,1.0948802719228092,1.093077410163936,1.0946959071915452,6495
2024-04-13 19:00:00,1.0946959071915452,1.094941806223087,1.094388744188685,1.0944711288355622,5458
2024-04-13 20:00:00,1.0944711288355622,1.0961539506143372,1.0942277841370627,1.095655718332707,2182
2024-04-13 21:00:00,1.095655718332707,1.0962811161747443,1.0954838384905434,1.0961376634659876,9069
2024-04-13 22:00:00,1.0961376634659876,1.0964301750956933,1.0957637171335965,1.0963758290877192,7883
2024-04-13 23:00:00,1.0963758290877192,1.096615502801594,1.096315527083249,1.0963183943676842,5129
2024-04-14 00:00:00,1.0963183943676842,1.0964582895765103,1.096168389831371,1.0964341315300101,1506
2024-04-14 01:00:00,1.0964341315300101,1.0971347259363107,1.0963985498517277,1.0971341407429749,2857
2024-04-14 02:00:00,1.0971341407429749,1.0971348572633415,1.0963373243195822,1.096376257058587,7468
2024-04-14 03:00:00,1.096376257058587,1.0973193964226438,1.096374377987672,1.0971484156381164,7500
2024-04-14 04:00:00,1.0971484156381164,1.0978645206963245,1.0971457590203246,1.0978618365992467,3667
2024-04-14 05:00:00,1.0978618365992467,1.097869877546154,1.0974076018527759,1.097508000244812,6032
2024-04-14 06:00:00,1.097508000244812,1.0977911658013284,1.0973024564950562,1.097706666622242,2224
2024-04-14 07:00:00,1.097706666622242,1.0979174120775017,1.0976707837880322,1.0978672113688717,5437
2024-04-14 08:00:00,1.0978672113688717,1.0981905156997744,1.0967908976559113,1.0969227624828668,6223
2024-04-14 09:00:00,1.0969227624828668,1.0969401655275304,1.0964564568708757,1.0965730814371406,2521
2024-04-14 10:00:00,1.0965730814371406,1.0970627051598874,1.096362893203903,1.096907995636866,152
2024-04-14 11:00:00,1.096907995636866,1.0969991250188837,1.096491543178443,1.0966501874178844,5815
2024-04-14 12:00:00,1.0966501874178844,1.097743495139319,1.0965520128389057,1.0975457206697918,4453
2024-04-14 13:00:00,1.0975457206697918,1.0982096765674603,1.0972101955813607,1.0981236965464187,1834
2024-04-14 14:00:00,1.0981236965464187,1.0982610174527883,1.0969362106662819,1.0971053485285711,8134
2024-04-14 15:00:00,1.0971053485285711,1.097269216847118,1.0964965535830156,1.0967282479823102,3566
2024-04-14 16:00:00,1.0967282479823102,1.0978196058252572,1.0967096993691543,1.0977148060341404,1027
2024-04-14 17:00:00,1.0977148060341404,1.0977874051748269,1.0968965339205594,1.0971312599990688,4444
2024-04-14 18:00:00,1.0971312599990688,1.0975113898074131,1.0968899802627547,1.0969686392903881,6312
2024-04-14 19:00:00,1.0969686392903881,1.097765283891253,1.0968462049666645,1.0974977490540354,7164
2024-04-14 20:00:00,1.0974977490540354,1.0978853622926725,1.0973053069383192,1.0978368872010515,9738
2024-04-14 21:00:00,1.0978368872010515,1.0980385085024036,1.097027106727752,1.0970441013202792,2799
2024-04-14 22:00:00,1.0970441013202792,1.0971852524327246,1.0961731987408172,1.096225320407284,439
2024-04-14 23:00:00,1.096225320407284,1.096474781137417,1.09541479666233,1.0954418949367934,2521
2024-04-15 00:00:00,1.0954418949367934,1.096883194422445,1.095426957768266,1.0967276474129954,5080
2024-04-15 01:00:00,1.0967276474129954,1.0970727722686178,1.096351143262702,1.096994438146717,6500
2024-04-15 02:00:00,1.096994438146717,1.097186866392355,1.096895173615268,1.096895218404867,2663
2024-04-15 03:00:00,1.096895218404867,1.0969283167176938,1.0961883008825377,1.0963815288147098,3439
2024-04-15 04:00:00,1.0963815288147098,1.0966935629797359,1.0957612065622968,1.096184671391171,4099
2024-04-15 05:00:00,1.096184671391171,1.096563078105668,1.0959978738949152,1.096010301108209,9672
2024-04-15 06:00:00,1.096010301108209,1.09622294853552,1.0958209882045034,1.0961103323201096,5042
2024-04-15 07:00:00,1.0961103323201096,1.097051357809115,1.0960050358491507,1.0967432073338117,2455
2024-04-15 08:00:00,1.0967432073338117,1.0971008791706947,1.0965005146617812,1.096776284178294,8893
2024-04-15 09:00:00,1.096776284178294,1.0973594952912762,1.0964025787406793,1.0969956850882157,9963
2024-04-15 10:00:00,1.0969956850882157,1.0970095021267605,1.095732806706244,1.0962949323695677,2879
2024-04-15 11:00:00,1.0962949323695677,1.0963699020272586,1.096114228232807,1.096299040150955,6017
2024-04-15 12:00:00,1.096299040150955,1.0964619983557038,1.0960169466676724,1.0963241325420878,2638
2024-04-15 13:00:00,1.0963241325420878,1.0965260497356661,1.094832129738865,1.0951350444406767,8930
2024-04-15 14:00:00,1.0951350444406767,1.0952214212806766,1.0948623229816368,1.0952008915659865,2785
2024-04-15 15:00:00,1.0952008915659865,1.0952084042362629,1.095134513350506,1.0951649171316324,4175
2024-04-15 16:00:00,1.0951649171316324,1.0962117758805,1.0950336358185344,1.0959539495134123,4902
2024-04-15 17:00:00,1.0959539495134123,1.0965996654832857,1.0958495961819525,1.0962300434608079,1474
2024-04-15 18:00:00,1.0962300434608079,1.0964526562810453,1.0956197320839043,1.0957063448732525,7275
2024-04-15 19:00:00,1.0957063448732525,1.0957840743224592,1.0953960782841017,1.0954498026088892,5450
2024-04-15 20:00:00,1.0954498026088892,1.0958747600005112,1.0950062807928589,1.0957773265639055,1826
2024-04-15 21:00:00,1.0957773265639055,1.0959425556871136,1.0948381932532887,1.094902523785207,8948
2024-04-15 22:00:00,1.094902523785207,1.0950582962333912,1.0948283375644854,1.09500242618398,7892
2024-04-15 23:00:00,1.09500242618398,1.0953027651590577,1.0949024036180557,1.0952355500765567,8080
2024-04-16 00:00:00,1.0952355500765567,1.0958605207524386,1.095163780462021,1.0958028907441306,5415
2024-04-16 01:00:00,1.0958028907441306,1.0964099344767406,1.0955657064242932,1.0962387859607503,7149
2024-04-16 02:00:00,1.0962387859607503,1.0963312167799621,1.095710743198618,1.095732581817518,6707
2024-04-16 03:00:00,1.095732581817518,1.0961771803341775,1.0955081411508594,1.096136516677094,3062
2024-04-16 04:00:00,1.096136516677094,1.0967104426068417,1.0960776328815571,1.0966740863603244,8202
2024-04-16 05:00:00,1.0966740863603244,1.097052044716746,1.0962961456636,1.0967957680371212,5013
2024-04-16 06:00:00,1.0967957680371212,1.096887212999511,1.0964448390624957,1.0967153908686187,2975
2024-04-16 07:00:00,1.0967153908686187,1.0975416580311055,1.0965725825198631,1.0972816837823993,679
2024-04-16 08:00:00,1.0972816837823993,1.0986345783980151,1.0972605297056945,1.098391589576644,8451
2024-04-16 09:00:00,1.098391589576644,1.098453697504227,1.0974858285127964,1.0977088719583905,3672
2024-04-16 10:00:00,1.0977088719583905,1.0978009504249218,1.096879025579514,1.0968846194624113,9781
2024-04-16 11:00:00,1.0968846194624113,1.0970984762036904,1.0967986237306242,1.0968402647822222,2995
2024-04-16 12:00:00,1.0968402647822222,1.097232975348931,1.096418882293517,1.096485914406824,563
2024-04-16 13:00:00,1.096485914406824,1.0965297968710184,1.0957407344735874,1.095787720098605,8799
2024-04-16 14:00:00,1.095787720098605,1.0959578331765056,1.0947401766637448,1.0950310843559223,5883
2024-04-16 15:00:00,1.0950310843559223,1.0956626931682294,1.0947953697989683,1.0955281418107896,9599
2024-04-16 16:00:00,1.0955281418107896,1.0965710944439413,1.0951851231413532,1.096381166144218,6394
2024-04-16 17:00:00,1.096381166144218,1.0969236973083911,1.0961981925845985,1.096753311494233,1121
2024-04-16 18:00:00,1.096753311494233,1.0969092507306688,1.096582864278578,1.096594895178459,3033
2024-04-16 19:00:00,1.096594895178459,1.0968903280617215,1.0957147791142816,1.0958168373461943,3042
2024-04-16 20:00:00,1.0958168373461943,1.0965886229399089,1.0956558661585583,1.0964826693987242,6456
2024-04-16 21:00:00,1.0964826693987242,1.0965185954732692,1.0959050104282977,1.0960608365534155,6828
2024-04-16 22:00:00,1.0960608365534155,1.0963884856852344,1.0948681877883106,1.0949201071326724,3493
2024-04-16 23:00:00,1.0949201071326724,1.0955226228975377,1.0947457622478356,1.0954204861098986,765
2024-04-17 00:00:00,1.0954204861098986,1.0961167786146748,1.095205095201723,1.0959798356438648,6431
2024-04-17 01:00:00,1.0959798356438648,1.0975488800718765,1.0955629693195963,1.0974446369136388,3743
2024-04-17 02:00:00,1.0974446369136388,1.097528933513072,1.0970888554355978,1.0973432951464477,867
2024-04-17 03:00:00,1.0973432951464477,1.0974430894587692,1.09716452850232,1.097436636496615,8675
2024-04-17 04:00:00,1.097436636496615,1.0976715888566617,1.0967338685894417,1.0971570710008078,1437
2024-04-17 05:00:00,1.0971570710008078,1.097206105485178,1.0954384593919027,1.0957421425316685,4497
2024-04-17 06:00:00,1.0957421425316685,1.0963156900612046,1.0957018636199254,1.0960168616817512,4159
2024-04-17 07:00:00,1.0960168616817512,1.0960220987115883,1.0952494614630228,1.0952637189151326,9684
2024-04-17 08:00:00,1.0952637189151326,1.0954710580337548,1.0949681184640718,1.0953840475137075,2247
2024-04-17 09:00:00,1.0953840475137075,1.0956981126765581,1.0937007246854196,1.0937680671445036,1511
2024-04-17 10:00:00,1.0937680671445036,1.0939649497537387,1.0926647907316658,1.0933113038181683,6689
2024-04-17 11:00:00,1.0933113038181683,1.093893440054586,1.0930203253851105,1.0938109560406162,4250
2024-04-17 12:00:00,1.0938109560406162,1.094558058778863,1.0937325101183473,1.0943927857218099,7763
2024-04-17 13:00:00,1.0943927857218099,1.0953266825766599,1.094204509424582,1.0952903358691366,6998
2024-04-17 14:00:00,1.0952903358691366,1.0953554328916015,1.093983491266163,1.0942034081590286,2274
2024-04-17 15:00:00,1.0942034081590286,1.09431955637714,1.0926064455825102,1.0926071417522247,4151
2024-04-17 16:00:00,1.0926071417522247,1.0926887609639386,1.0923105749818547,1.0924912336040105,3492
2024-04-17 17:00:00,1.0924912336040105,1.0932107461299678,1.0921710520056327,1.0931467796771421,3567
2024-04-17 18:00:00,1.0931467796771421,1.0949103397154376,1.0928309906585985,1.094306628361324,9464
2024-04-17 19:00:00,1.094306628361324,1.095650884158345,1.0939909598258246,1.0954033912399983,7670
2024-04-17 20:00:00,1.0954033912399983,1.0967298903331,1.0953600802923227,1.0963310655849532,8517
2024-04-17 21:00:00,1.0963310655849532,1.09640905470483,1.0953563503852923,1.0953713279021666,1433
2024-04-17 22:00:00,1.0953713279021666,1.0955195604358936,1.093994295422699,1.094155843333896,518
2024-04-17 23:00:00,1.094155843333896,1.0955359827100137,1.0941396802192633,1.0953244972525908,4484
2024-04-18 00:00:00,1.0953244972525908,1.0953762501349653,1.094124658902662,1.0942240694000291,5738
2024-04-18 01:00:00,1.0942240694000291,1.0945727274661115,1.0941684454271559,1.0944021244284627,5068
2024-04-18 02:00:00,1.0944021244284627,1.0944108665078611,1.0929605138475367,1.0932050754319633,2916
2024-04-18 03:00:00,1.0932050754319633,1.0932630930118905,1.0930572512629502,1.0930660313695748,267
2024-04-18 04:00:00,1.0930660313695748,1.093476160262205,1.0930636512049559,1.0933611229722762,5109
2024-04-18 05:00:00,1.0933611229722762,1.0935037614331493,1.0931357681538505,1.0931810289953996,9990
2024-04-18 06:00:00,1.0931810289953996,1.0932919397556942,1.0931132113364943,1.0931999914766815,9610
2024-04-18 07:00:00,1.0931999914766815,1.0933228142011184,1.0928589190053788,1.0933219738180402,3182
2024-04-18 08:00:00,1.0933219738180402,1.0936366996224636,1.0926881345516581,1.0927625508473917,2504
2024-04-18 09:00:00,1.0927625508473917,1.092836963712458,1.0920090171069998,1.0920651953323202,2278
2024-04-18 10:00:00,1.0920651953323202,1.0923523666251373,1.0915146378720493,1.0915715512301443,6559
2024-04-18 11:00:00,1.0915715512301443,1.0919006222205985,1.0911393950908845,1.0911864280665347,4799
2024-04-18 12:00:00,1.0911864280665347,1.0912962533627326,1.0904704576568385,1.0905893572013239,3485
2024-04-18 13:00:00,1.0905893572013239,1.0907552212761962,1.0894086763948325,1.0895269905985232,6729
2024-04-18 14:00:00,1.0895269905985232,1.0897810082035742,1.0889958213374413,1.089254822767429,210
2024-04-18 15:00:00,1.089254822767429,1.0894277088301638,1.0887596924852647,1.0888982476392064,5509
2024-04-18 16:00:00,1.0888982476392064,1.089060980554234,1.0885098349197526,1.088663768201555,8538
2024-04-18 17:00:00,1.088663768201555,1.0888627419403125,1.0883048259709602,1.0884115948997233,5841
2024-04-18 18:00:00,1.0884115948997233,1.0884140680873717,1.087831173524512,1.0878968377130502,1544
2024-04-18 19:00:00,1.0878968377130502,1.088388686213329,1.087737905876221,1.088353146604171,9771
2024-04-18 20:00:00,1.088353146604171,1.0886128852623695,1.0881072256994204,1.0881636093035707,4320
2024-04-18 21:00:00,1.0881636093035707,1.0890244196674805,1.0877736912690255,1.088740606784809,5934
2024-04-18 22:00:00,1.088740606784809,1.089696111707911,1.0885634731480078,1.0894283669666838,2407
2024-04-18 23:00:00,1.0894283669666838,1.0895247103768708,1.0886814627871082,1.0887299833497193,634
2024-04-19 00:00:00,1.0887299833497193,1.089725207935189,1.0885610427499788,1.0895576433229552,8371
2024-04-19 01:00:00,1.0895576433229552,1.0905056895960568,1.0894629759878443,1.0904891166276829,4467
2024-04-19 02:00:00,1.0904891166276829,1.0907149417408346,1.090435355640795,1.0906477284015335,6075
2024-04-19 03:00:00,1.0906477284015335,1.0907831306368916,1.0895273220938055,1.0896022001004468,3736
2024-04-19 04:00:00,1.0896022001004468,1.0899050829129264,1.0888165351717902,1.0889262752670692,8693
2024-04-19 05:00:00,1.0889262752670692,1.0890932412491785,1.0882602206779899,1.0883275409635023,3224
2024-04-19 06:00:00,1.0883275409635023,1.088342459498904,1.0877390226930481,1.0878077422000838,995
2024-04-19 07:00:00,1.0878077422000838,1.0879678008564053,1.087205693072753,1.087209278666403,6471
2024-04-19 08:00:00,1.087209278666403,1.0874140106156291,1.0869642207771621,1.0870213580867807,6177
2024-04-19 09:00:00,1.0870213580867807,1.0878023980714033,1.0869694138525654,1.0874639354675824,3863
2024-04-19 10:00:00,1.0874639354675824,1.0876181893509178,1.087031304925714,1.0871318868557216,3996
2024-04-19 11:00:00,1.0871318868557216,1.087213290034083,1.0861284367016162,1.0864985929301034,2859
2024-04-19 12:00:00,1.0864985929301034,1.0865481621864839,1.0856878320510075,1.0859018961607378,2339
2024-04-19 13:00:00,1.0859018961607378,1.0866467698738027,1.085769926238317,1.0861482919434862,9271
2024-04-19 14:00:00,1.0861482919434862,1.0862858723600646,1.0851341135240324,1.085203545820516,3194
2024-04-19 15:00:00,1.085203545820516,1.086227744915849,1.085044893321325,1.0860987592237845,9867
2024-04-19 16:00:00,1.0860987592237845,1.086557962943821,1.0858935417355926,1.0864193715429147,1459
2024-04-19 17:00:00,1.0864193715429147,1.0871181079273828,1.0863890920445265,1.0869839992950996,1653
2024-04-19 17:00:00,1.0869839992950996,1.0870539223613052,1.0858632783342266,1.085889978218039,2635
2024-04-19 18:00:00,1.085889978218039,1.0860395964146086,1.0838082546121006,1.0838665863987385,8278
2024-04-19 18:00:00,1.0838665863987385,1.0840983354993432,1.083661337923678,1.0839712863920223,9479
2024-04-19 19:00:00,1.0839712863920223,1.084535167063712,1.0839348783058051,1.0844596561171445,4167
2024-04-19 19:00:00,1.0844596561171445,1.0858097141664973,1.0844099950219972,1.0856160469938465,1483
2024-04-19 20:00:00,1.0856160469938465,1.0860540737915974,1.0855396402527033,1.085836219342211,7780
2024-04-19 20:00:00,1.085836219342211,1.0859174251730936,1.084557886095184,1.0846653220580924,2495
2024-04-19 21:00:00,1.0846653220580924,1.0855772125962566,1.0846295806811797,1.0852441621494677,4961
2024-04-19 21:00:00,1.0852441621494677,1.0858679978762704,1.0850884072878721,1.085848528682492,3383
2024-04-19 22:00:00,1.085848528682492,1.0861110264205591,1.0853429926950318,1.0853912745183059,2008
2024-04-19 22:00:00,1.0853912745183059,1.0861132653991077,1.0853343154069763,1.0859550373982365,3261
2024-04-19 23:00:00,1.0859550373982365,1.0861771880327193,1.0853085566556295,1.0854595936503904,9329
2024-04-19 23:00:00,1.0854595936503904,1.0860757606634603,1.085312213379944,1.0859824368698252,118
2024-04-20 00:00:00,1.0859824368698252,1.086023772395533,1.0859038885901335,1.0859297480815406,5301
2024-04-20 01:00:00,1.0859297480815406,1.086118071884251,1.0855921267504967,1.0856074303629455,5980
2024-04-20 02:00:00,1.0856074303629455,1.0858738129850236,1.085010992498276,1.085272585336786,8912
2024-04-20 03:00:00,1.085272585336786,1.0854252137969278,1.0848636065335375,1.0850481027675842,7786
2024-04-20 04:00:00,1.0850481027675842,1.0856824007955261,1.0847647380619945,1.0856390568671015,6051
2024-04-20 05:00:00,1.0856390568671015,1.0860409699947258,1.085524345099726,1.0859203106249702,5482
2024-04-20 06:00:00,1.0859203106249702,1.0860959349656913,1.0851438225040075,1.0853408117290309,9805
2024-04-20 07:00:00,1.0853408117290309,1.0854560775073456,1.0851922798958764,1.085423292694627,2484
2024-04-20 08:00:00,1.085423292694627,1.085468228674953,1.0845679535121688,1.084782957755071,2433
2024-04-20 09:00:00,1.084782957755071,1.085354683256119,1.0846653540512636,1.0850636029885736,4449
2024-04-20 10:00:00,1.0850636029885736,1.085961290519002,1.0847291220834112,1.0856724218366058,2744
2024-04-20 11:00:00,1.0856724218366058,1.0860513320657006,1.0855234260831088,1.0858860414435287,7468
2024-04-20 12:00:00,1.0858860414435287,1.0860004271527683,1.0850501573023177,1.0852132221356794,9593
2024-04-20 13:00:00,1.0852132221356794,1.0855710246137797,1.0841714504316196,1.0843728739963021,8929
2024-04-20 14:00:00,1.0843728739963021,1.0850184770058517,1.0842822296158456,1.084958887132889,1363
2024-04-20 15:00:00,1.084958887132889,1.0860345511392915,1.0846351226184918,1.0858950427507965,1018
2024-04-20 16:00:00,1.0858950427507965,1.0860261082554368,1.085277732459739,1.085316726000937,5015
2024-04-20 17:00:00,1.085316726000937,1.0855521323272277,1.0843629641869796,1.0846754350888543,780
2024-04-20 18:00:00,1.0846754350888543,1.0858319563296643,1.0845894368071314,1.0857239661495133,572
2024-04-20 19:00:00,1.0857239661495133,1.0864790439064829,1.0857154012736983,1.086434875552425,8132
2024-04-20 20:00:00,1.086434875552425,1.0865330763416166,1.0852944252888346,1.0853603899010082,8029
2024-04-20 21:00:00,1.0853603899010082,1.08550282448103,1.0852370740305468,1.0853833686938608,4424
2024-04-20 22:00:00,1.0853833686938608,1.085495683387975,1.0846981614092177,1.0847378952359823,6058
2024-04-20 23:00:00,1.0847378952359823,1.0849310605901614,1.08457238808955,1.0846197315137551,3570
2024-04-21 00:00:00,1.0846197315137551,1.0847241356407773,1.0842723118259079,1.084380952125983,7470
2024-04-21 01:00:00,1.084380952125983,1.0845512755740203,1.0836507169062863,1.0838439419713923,9999
2024-04-21 02:00:00,1.0838439419713923,1.0838672396419184,1.0836427387160152,1.0837405810809482,4244
2024-04-21 03:00:00,1.0837405810809482,1.0841767630537371,1.0835464885535668,1.0839581712315578,4922
2024-04-21 04:00:00,1.0839581712315578,1.0843347275688553,1.0838953177471975,1.0842032633498313,5908
2024-04-21 05:00:00,1.0842032633498313,1.0852778637813967,1.083986070715683,1.085074213001113,3111
2024-04-21 06:00:00,1.085074213001113,1.0853894748004673,1.0849358623220362,1.0850148137998579,1197
2024-04-21 07:00:00,1.0850148137998579,1.0856293117869602,1.084746171921741,1.0855932440488274,9741
2024-04-21 08:00:00,1.0855932440488274,1.085700832842094,1.0846542829705157,1.0846908632840004,7651
2024-04-21 09:00:00,1.0846908632840004,1.0849559195583909,1.0842714370114728,1.0845406576962453,9069
2024-04-21 10:00:00,1.0845406576962453,1.0856176663967883,1.0844721675204099,1.0854789130752889,9624
2024-04-21 11:00:00,1.0854789130752889,1.0854937100315962,1.0850037074158805,1.085085571458798,1549
2024-04-21 12:00:00,1.085085571458798,1.085293279630205,1.0833958930114334,1.083618452650556,5550
2024-04-21 13:00:00,1.083618452650556,1.0837495635222136,1.0829873173303752,1.0833484511059985,2999
2024-04-21 14:00:00,1.0833484511059985,1.0841419768514868,1.0828765282541786,1.0837534627371994,4603
2024-04-21 15:00:00,1.0837534627371994,1.0853016517825473,1.0835608174304205,1.085047554133431,4266
2024-04-21 16:00:00,1.085047554133431,1.085226445902052,1.084888630100665,1.0849555050500397,5663
2024-04-21 17:00:00,1.0849555050500397,1.085087735635772,1.084107789738923,1.0842098401834042,1560
2024-04-21 18:00:00,1.0842098401834042,1.0847311433755993,1.0841741062283603,1.084658799978036,5481
2024-04-21 19:00:00,1.084658799978036,1.0848115805597511,1.0826070441564366,1.08268512304986,9672
2024-04-21 20:00:00,1.08268512304986,1.0828857962284058,1.0819880811045528,1.082097773759261,9620
2024-04-21 21:00:00,1.082097773759261,1.0821298637679142,1.0819312700342578,1.0819872922358078,7810
2024-04-21 22:00:00,1.0819872922358078,1.0820565130901638,1.0814689249342466,1.081638853890788,6398
2024-04-21 23:00:00,1.081638853890788,1.0817356221157932,1.0811759071360505,1.0811843735151825,9431
2024-04-22 00:00:00,1.0811843735151825,1.081339940104288,1.0811601584287043,1.0812069999232579,7192
2024-04-22 01:00:00,1.0812069999232579,1.082023466361305,1.0810890841240706,1.081933455427068,3222
2024-04-22 02:00:00,1.081933455427068,1.0829436385387416,1.0819171642295125,1.0827445332004069,1195
2024-04-22 03:00:00,1.0827445332004069,1.0834024513351705,1.0825221425282348,1.0833011338008312,9955
2024-04-22 04:00:00,1.0833011338008312,1.083989745753283,1.083224514816599,1.0838613699409874,5131
2024-04-22 05:00:00,1.0838613699409874,1.0838766255713352,1.082944507709174,1.0832768239070096,9482
2024-04-22 06:00:00,1.0832768239070096,1.083819787294907,1.0825464261683468,1.082846801995106,3241
2024-04-22 07:00:00,1.082846801995106,1.0829073963698235,1.082594038517586,1.082711870595184,5187
2024-04-22 08:00:00,1.082711870595184,1.0827915509212762,1.0826755783824877,1.08277269637783,5217
2024-04-22 09:00:00,1.08277269637783,1.0828053859271534,1.0820519787203695,1.0820777486446407,9478
2024-04-22 10:00:00,1.0820777486446407,1.0824044053294783,1.082032283463276,1.082333674818502,9890
2024-04-22 11:00:00,1.082333674818502,1.0830561742327574,1.082314397891239,1.083013281579264,3458
2024-04-22 12:00:00,1.083013281579264,1.0838595897882148,1.0829925640003344,1.0836029188727572,6157
2024-04-22 13:00:00,1.0836029188727572,1.0836638524395084,1.0832373454527682,1.083361445632588,5563
2024-04-22 14:00:00,1.083361445632588,1.0834533666923394,1.0816753524180769,1.081888004155383,8997
2024-04-22 15:00:00,1.081888004155383,1.0818976013143533,1.0811323908556363,1.0814058561478932,3980
2024-04-22 16:00:00,1.0814058561478932,1.08207961066474,1.0812440584260474,1.0820234249653504,2989
2024-04-22 17:00:00,1.0820234249653504,1.0833943289383716,1.0819235845656952,1.0830203011998074,9821
2024-04-22 18:00:00,1.0830203011998074,1.083161954443739,1.0827339887246294,1.0828891237845526,8021
2024-04-22 19:00:00,1.0828891237845526,1.08400432748707,1.0826930461342559,1.0839190961751408,7738
2024-04-22 20:00:00,1.0839190961751408,1.0850319021255612,1.0838497461969392,1.084970258939929,7556
2024-04-22 21:00:00,1.084970258939929,1.085074999796507,1.0841131738496557,1.0843863330352659,1948
2024-04-22 22:00:00,1.0843863330352659,1.0847450438871238,1.0842011521999204,1.0845979128583956,3676
2024-04-22 23:00:00,1.0845979128583956,1.0861907330045693,1.0843519362353382,1.0858364484942804,9838
2024-04-23 00:00:00,1.0858364484942804,1.0858965623723975,1.085161033832604,1.0852504293431653,3901
2024-04-23 01:00:00,1.0852504293431653,1.0855288415187678,1.0848153195877677,1.0853842745597322,5969
2024-04-23 02:00:00,1.0853842745597322,1.0854336904470938,1.0844440314978352,1.0846699649896974,444
2024-04-23 03:00:00,1.0846699649896974,1.084695128860007,1.0838244927402443,1.0840391110059169,2526
2024-04-23 04:00:00,1.0840391110059169,1.0840698111450309,1.0829834502762672,1.0831567398302577,4327
2024-04-23 05:00:00,1.0831567398302577,1.0837970344241457,1.082997242730789,1.0837830640505088,1334
2024-04-23 06:00:00,1.0837830640505088,1.084245726203361,1.0834623236794154,1.0842171885209206,4912
2024-04-23 07:00:00,1.0842171885209206,1.0847935948285807,1.0840820556302693,1.0847668817454736,9910
2024-04-23 08:00:00,1.0847668817454736,1.0848367544561701,1.0841204824700883,1.0841889023663998,4272
2024-04-23 09:00:00,1.0841889023663998,1.0851103378542728,1.0839940118568776,1.0848253436199098,9455
2024-04-23 10:00:00,1.0848253436199098,1.0855008972681677,1.0846143411271094,1.0847174850509433,5128
2024-04-23 11:00:00,1.0847174850509433,1.084813517507582,1.0845045935186473,1.0845106216509104,9045
2024-04-23 12:00:00,1.0845106216509104,1.0845652521002143,1.0841572611367374,1.0844261180517842,1690
2024-04-23 13:00:00,1.0844261180517842,1.0855304233860517,1.0843184174204565,1.0852621714406043,4667
2024-04-23 14:00:00,1.0852621714406043,1.0867017968916763,1.084977686849547,1.0865549117211144,3189
2024-04-23 15:00:00,1.0865549117211144,1.0869281818422072,1.0864964586298833,1.0867920267289422,4451
2024-04-23 16:00:00,1.0867920267289422,1.087497978773335,1.0867725289411374,1.0873256900874422,4554
2024-04-23 17:00:00,1.0873256900874422,1.0875082414674653,1.0869820021643217,1.087417589562276,6295
2024-04-23 18:00:00,1.087417589562276,1.0875705594079377,1.0867695630255703,1.087128759572487,6966
2024-04-23 19:00:00,1.087128759572487,1.0874003229691016,1.0867924841941439,1.087178401095521,5958
2024-04-23 20:00:00,1.087178401095521,1.0876124995010574,1.0871670597657532,1.08749550880244,4228
2024-04-23 21:00:00,1.08749550880244,1.0880363294474091,1.0872113300053954,1.087750384598803,9643
2024-04-23 22:00:00,1.087750384598803,1.0879205811345043,1.0874393842885284,1.0875908451332834,535
2024-04-23 23:00:00,1.0875908451332834,1.0881079790094885,1.0875084309058702,1.0878318485754666,7240
2024-04-24 00:00:00,1.0878318485754666,1.087998716212783,1.0872031761647507,1.0873413870402295,3590
2024-04-24 01:00:00,1.0873413870402295,1.0873490139539945,1.087104951826782,1.0871470588148524,5044
2024-04-24 02:00:00,1.0871470588148524,1.0872748558256657,1.0866142351142154,1.0868302885261716,2960
2024-04-24 03:00:00,1.0868302885261716,1.0873805411468747,1.0865261605069683,1.0872264175568496,6823
2024-04-24 04:00:00,1.0872264175568496,1.0876863085197512,1.0868211020015297,1.087557883084985,1173
2024-04-24 05:00:00,1.087557883084985,1.0878679524905908,1.0874294365892962,1.0878610737315293,8961
2024-04-24 06:00:00,1.0878610737315293,1.0879215436447955,1.0875104825296236,1.0876788089807765,5417
2024-04-24 07:00:00,1.0876788089807765,1.0880277911676626,1.0876104055116156,1.0879814174663374,8754
2024-04-24 08:00:00,1.0879814174663374,1.0886456403774551,1.087118508077435,1.0872365524706962,476
2024-04-24 09:00:00,1.0872365524706962,1.0874330292616623,1.0871670177622472,1.0873792936861573,2693
2024-04-24 10:00:00,1.0873792936861573,1.08771519424474,1.0859373606594624,1.0861790213625944,535
2024-04-24 11:00:00,1.0861790213625944,1.086570885026564,1.0861753751631669,1.08649664367387,9312
2024-04-24 12:00:00,1.08649664367387,1.0866054403565446,1.0861713487809055,1.0862568239899997,9015
2024-04-24 13:00:00,1.0862568239899997,1.0863345254034233,1.0855359438436192,1.085701055258593,5491
2024-04-24 14:00:00,1.085701055258593,1.0858173714112385,1.0855101357609462,1.0856812412985344,3039
2024-04-24 15:00:00,1.0856812412985344,1.0861694924675875,1.0842424141407274,1.0843643161199699,7843
2024-04-24 16:00:00,1.0843643161199699,1.0858253123710953,1.0842879618806351,1.0856769437388936,8282
2024-04-24 17:00:00,1.0856769437388936,1.0862577352161622,1.0853749451047776,1.0861422668130205,3723
2024-04-24 18:00:00,1.0861422668130205,1.087950313001049,1.0861195999202395,1.0878851652224126,2307
2024-04-24 19:00:00,1.0878851652224126,1.088142554679636,1.0877716890502294,1.0877965987461666,5595
2024-04-24 20:00:00,1.0877965987461666,1.0878894791024487,1.086830082420777,1.0871148622082265,4315
2024-04-24 21:00:00,1.0871148622082265,1.0880456568720138,1.0868696837555385,1.08778990970105,6591
2024-04-24 22:00:00,1.08778990970105,1.087986227071178,1.0876938757842085,1.0879113025073128,2193
2024-04-24 23:00:00,1.0879113025073128,1.0883878549777275,1.087364359813422,1.0875846251391759,2616
2024-04-25 00:00:00,1.0875846251391759,1.087803795465681,1.0875485315108095,1.0876410327372952,2769
2024-04-25 01:00:00,1.0876410327372952,1.0884436628096685,1.0876295321435363,1.0881911473282757,5590
2024-04-25 02:00:00,1.0881911473282757,1.0882393599727689,1.087632337060465,1.0877191437313298,5199
2024-04-25 03:00:00,1.0877191437313298,1.0882791716897826,1.0874672869890425,1.0881608114515535,1244
2024-04-25 04:00:00,1.0881608114515535,1.0894383719605445,1.0880904794147868,1.0892184792062654,3108
2024-04-25 05:00:00,1.0892184792062654,1.090415818306807,1.0891996652380271,1.0902141351128183,1412
2024-04-25 06:00:00,1.0902141351128183,1.0902221425543226,1.0890905353214704,1.0893971378299203,3729
2024-04-25 07:00:00,1.0893971378299203,1.0896571789131113,1.0893404005857348,1.0894883886330076,7605
2024-04-25 08:00:00,1.0894883886330076,1.089732938688755,1.08907507770849,1.0892582041677619,6624
2024-04-25 09:00:00,1.0892582041677619,1.0893162117283726,1.0888462789750641,1.0889250770894991,7655
2024-04-25 10:00:00,1.0889250770894991,1.0891863091052985,1.0888458131530976,1.088942673891937,8149
2024-04-25 11:00:00,1.088942673891937,1.0891369427488453,1.0878108948344785,1.088089915215779,9319
2024-04-25 12:00:00,1.088089915215779,1.0891267418440145,1.0878159415711066,1.0890015554248198,2036
2024-04-25 13:00:00,1.0890015554248198,1.0890736765713356,1.0888188130943512,1.089018597324507,4947
2024-04-25 14:00:00,1.089018597324507,1.0895915613791733,1.0887218015126134,1.089546856626665,1715
2024-04-25 15:00:00,1.089546856626665,1.090282164056041,1.089528808050377,1.090031552413992,4396
2024-04-25 16:00:00,1.090031552413992,1.0911330468287395,1.0899298453504667,1.0910470182338763,6205
2024-04-25 17:00:00,1.0910470182338763,1.0910706842776559,1.0903986515962418,1.0906218644314563,8490
2024-04-25 18:00:00,1.0906218644314563,1.0908588548197016,1.0900237177622665,1.0903447046626173,2220
2024-04-25 19:00:00,1.0903447046626173,1.0909667822530644,1.0902951214574688,1.0909298285230147,9242
2024-04-25 20:00:00,1.0909298285230147,1.09122161458936,1.0908792111548118,1.0910228665367865,2835
2024-04-25 21:00:00,1.0910228665367865,1.0911410959027716,1.0907386558445589,1.0908043923144581,9748
2024-04-25 22:00:00,1.0908043923144581,1.0910475936222404,1.090524220317615,1.0906680846549768,506
2024-04-25 23:00:00,1.0906680846549768,1.0908384480463105,1.0905752205428114,1.0907512765753142,9086
2024-04-26 00:00:00,1.0907512765753142,1.0915332993546198,1.0905627215272682,1.0914121013454028,1216
2024-04-26 01:00:00,1.0914121013454028,1.0915250009862123,1.090698495555882,1.0909308458159173,5883
2024-04-26 02:00:00,1.0909308458159173,1.0926335270263983,1.0907573669173176,1.0926310118724782,1203
2024-04-26 03:00:00,1.0926310118724782,1.0927490547949184,1.0925432994842492,1.092567398967029,6451
2024-04-26 04:00:00,1.092567398967029,1.0927886677984444,1.0916960557482813,1.0917163869005946,4287
2024-04-26 05:00:00,1.0917163869005946,1.0918772592009471,1.0910246174552714,1.0910697750620884,2679
2024-04-26 06:00:00,1.0910697750620884,1.0912024297383411,1.0896085404956632,1.0901290364706382,2230
2024-04-26 07:00:00,1.0901290364706382,1.0902024593046526,1.0900865147083183,1.090092832509549,4966
2024-04-26 08:00:00,1.090092832509549,1.0902446600203777,1.0899112620325668,1.0902011653237749,4042
2024-04-26 09:00:00,1.0902011653237749,1.0905000395090647,1.0900069273499473,1.0904667423922083,4379
2024-04-26 10:00:00,1.0904667423922083,1.0912080786390674,1.0903413368218422,1.0910603308940066,2812
2024-04-26 11:00:00,1.0910603308940066,1.0933223579846403,1.0909941991615313,1.0930235723559119,464
2024-04-26 12:00:00,1.0930235723559119,1.0946692196750436,1.0929876332796906,1.094473767000983,8487
2024-04-26 13:00:00,1.094473767000983,1.0945156949996668,1.0942458095428171,1.0943675078725528,5603
2024-04-26 14:00:00,1.0943675078725528,1.094863487270341,1.0937741572588047,1.0945615824718014,3754
2024-04-26 15:00:00,1.0945615824718014,1.0953091923285676,1.0945486081835907,1.0950797997549166,4699
2024-04-26 16:00:00,1.0950797997549166,1.0958192710844628,1.0950196925578808,1.0955210378036067,5516
2024-04-26 17:00:00,1.0955210378036067,1.0966472444101856,1.0953830352836438,1.0962224389950097,2085
2024-04-26 17:00:00,1.0962224389950097,1.0974931604318658,1.0961327196203878,1.0973886713896805,2667
2024-04-26 18:00:00,1.0973886713896805,1.0976982730338443,1.0965879928562392,1.0967136813940703,4440
2024-04-26 18:00:00,1.0967136813940703,1.09688223620009,1.0964170675332519,1.0965248127893212,6408
2024-04-26 19:00:00,1.0965248127893212,1.0968474864365623,1.0959195064674945,1.0959210411061588,8253
2024-04-26 19:00:00,1.0959210411061588,1.0963333457285813,1.0957304705984159,1.0958905056581487,4479
2024-04-26 20:00:00,1.0958905056581487,1.0961113347494815,1.0955915243699397,1.0957831099378388,2011
2024-04-26 20:00:00,1.0957831099378388,1.0961734957557423,1.0951339937282956,1.0951495811876073,810
2024-04-26 21:00:00,1.0951495811876073,1.0961901414996233,1.0945895883270886,1.095967369020027,4190
2024-04-26 21:00:00,1.095967369020027,1.0963481521616525,1.095614874387053,1.0962338049971025,5343
2024-04-26 22:00:00,1.0962338049971025,1.0969970026140985,1.0960310838286316,1.0968963699102892,1690
2024-04-26 22:00:00,1.0968963699102892,1.0969821321463757,1.0958577600964283,1.0961489693950976,1440
2024-04-26 23:00:00,1.0961489693950976,1.097022146131628,1.095839005673832,1.0966899052505912,921
2024-04-26 23:00:00,1.0966899052505912,1.0973734370080328,1.0965654294268965,1.0972217039677243,1716
2024-04-27 00:00:00,1.0972217039677243,1.0982110922246853,1.0972128910407417,1.0978107077328356,852
2024-04-27 01:00:00,1.0978107077328356,1.098654009697011,1.0974764412793088,1.0985369053904397,7137
2024-04-27 02:00:00,1.0985369053904397,1.0987061850515951,1.0981531909717106,1.0985020116086037,7034
2024-04-27 03:00:00,1.0985020116086037,1.0985738379342256,1.0977973876917655,1.0980574777375498,8085
2024-04-27 04:00:00,1.0980574777375498,1.0987249304257332,1.0977862563947078,1.0986190704389445,8622
2024-04-27 05:00:00,1.0986190704389445,1.0988250876499253,1.0980340460386464,1.0985231999524692,3143
2024-04-27 06:00:00,1.0985231999524692,1.0991321316040858,1.0985004006419012,1.098977564857908,7471
2024-04-27 07:00:00,1.098977564857908,1.0996832519408326,1.09895060457325,1.0994381449963897,8123
2024-04-27 08:00:00,1.0994381449963897,1.0994598683273773,1.099369651824619,1.099392865986643,8958
2024-04-27 09:00:00,1.099392865986643,1.100160951998732,1.0987860681142139,1.1000771696764575,3486
2024-04-27 10:00:00,1.1000771696764575,1.1002064337090847,1.0994043014722283,1.0996992009457425,6508
2024-04-27 11:00:00,1.0996992009457425,1.0998190720867531,1.098859990197235,1.0991070765523863,7556
2024-04-27 12:00:00,1.0991070765523863,1.0998154671471854,1.0990585865162592,1.099732716306596,4777
2024-04-27 13:00:00,1.099732716306596,1.100391164303316,1.099715647515492,1.1000436270636669,8982
2024-04-27 14:00:00,1.1000436270636669,1.1002855745618172,1.0998358801768344,1.1002480342406424,1803
2024-04-27 15:00:00,1.1002480342406424,1.10063308668316,1.0997527739797024,1.0998981984759995,3177
2024-04-27 16:00:00,1.0998981984759995,1.1006349027758333,1.0997651920979388,1.1003743170914442,6887
2024-04-27 17:00:00,1.1003743170914442,1.1004438171513853,1.0993989008473435,1.0995673599906974,2437
2024-04-27 18:00:00,1.0995673599906974,1.0999345610473688,1.0992370143927022,1.099325249730861,2352
2024-04-27 19:00:00,1.099325249730861,1.0994564566825091,1.098558237692015,1.0987805639868433,5778
2024-04-27 20:00:00,1.0987805639868433,1.1001994046563914,1.0984795247870676,1.0998891994199949,3051
2024-04-27 21:00:00,1.0998891994199949,1.101030088310007,1.0997788643923856,1.10076550307794,7915
2024-04-27 22:00:00,1.10076550307794,1.101111363251149,1.0991926175444846,1.0994908335292068,9548
2024-04-27 23:00:00,1.0994908335292068,1.099607973055764,1.0994021292092395,1.0995053782069704,5933
2024-04-28 00:00:00,1.0995053782069704,1.099789789906404,1.0993202076490123,1.099363214037601,8323
2024-04-28 01:00:00,1.099363214037601,1.1004055113841886,1.0991129684545256,1.1002435642907107,8483
2024-04-28 02:00:00,1.1002435642907107,1.1007373833349634,1.1001027713553517,1.1006082637191714,4602
2024-04-28 03:00:00,1.1006082637191714,1.1012645611301557,1.1004758023398418,1.101240439420633,8124
2024-04-28 04:00:00,1.101240439420633,1.101385038807558,1.100228419781291,1.100475967402441,5802
2024-04-28 05:00:00,1.100475967402441,1.1008121205451185,1.1001351319021406,1.100135581142492,2182
2024-04-28 06:00:00,1.100135581142492,1.1002456879361322,1.0996064357108546,1.099729781732846,4069
2024-04-28 07:00:00,1.099729781732846,1.1000185675173444,1.0994385715162633,1.0994424296923382,5439
2024-04-28 08:00:00,1.0994424296923382,1.0999220830785612,1.099421526885123,1.0995470380008645,5837
2024-04-28 09:00:00,1.0995470380008645,1.09971124921896,1.0994417598278423,1.0995576616862568,6219
2024-04-28 10:00:00,1.0995576616862568,1.0997711756117992,1.099295666375382,1.0995645807648164,2479
2024-04-28 11:00:00,1.0995645807648164,1.0996582870161975,1.0982119980563894,1.0982424519315508,7263
2024-04-28 12:00:00,1.0982424519315508,1.0991795106334836,1.0977773679007228,1.0990667409671115,9145
2024-04-28 13:00:00,1.0990667409671115,1.0993572392307778,1.099061076914376,1.0992788296742444,2156
2024-04-28 14:00:00,1.0992788296742444,1.099403476853572,1.0988517376187223,1.0991791619767226,6423
2024-04-28 15:00:00,1.0991791619767226,1.099192482182127,1.0982705593131041,1.098715436134826,6246
2024-04-28 16:00:00,1.098715436134826,1.0993882835527262,1.0986766371763126,1.0990531562939572,9593
2024-04-28 17:00:00,1.0990531562939572,1.0991244417180621,1.0986921781300465,1.098997215217379,1927
2024-04-28 18:00:00,1.098997215217379,1.0990570551705967,1.098668365858196,1.0987930852342624,4362
2024-04-28 19:00:00,1.0987930852342624,1.0988593851119224,1.098716475060808,1.0987325475260006,5493
2024-04-28 20:00:00,1.0987325475260006,1.0990334044365073,1.0986625704561759,1.0990092758296814,1716
2024-04-28 21:00:00,1.0990092758296814,1.0990812580483948,1.098271633268013,1.0986778650106275,8409
2024-04-28 22:00:00,1.0986778650106275,1.0987553627432813,1.098038785231225,1.0980882195536739,2499
2024-04-28 23:00:00,1.0980882195536739,1.0984302545739522,1.097794479214411,1.0980019135089174,6896
2024-04-29 00:00:00,1.0980019135089174,1.098455728963508,1.0977479558147174,1.0979433702439456,9588
2024-04-29 01:00:00,1.0979433702439456,1.0987722807322613,1.0975818523141094,1.0986636293392664,416
2024-04-29 02:00:00,1.0986636293392664,1.098714366050126,1.0980078664273394,1.0982708161994015,5621
2024-04-29 03:00:00,1.0982708161994015,1.098491567911922,1.0979118957826006,1.0979638149119404,1819
2024-04-29 04:00:00,1.0979638149119404,1.098784142079379,1.0978643410053124,1.098669264809152,9363
2024-04-29 05:00:00,1.098669264809152,1.0991940236619488,1.0985469261848118,1.0991672352853585,9331
2024-04-29 06:00:00,1.0991672352853585,1.0996552101787556,1.0988618578252138,1.0989221063212322,9785
2024-04-29 07:00:00,1.0989221063212322,1.0990204596437634,1.0978799861931041,1.098315444882614,3876
2024-04-29 08:00:00,1.098315444882614,1.0984737660469595,1.0982632079743582,1.098398580397865,1406
2024-04-29 09:00:00,1.098398580397865,1.0987767583706876,1.098066806458974,1.098648536039857,2161
2024-04-29 10:00:00,1.098648536039857,1.099611038264693,1.0985566209421949,1.0994535830060685,9663
2024-04-29 11:00:00,1.0994535830060685,1.1006963321732313,1.0991634004203497,1.1005808796997911,8658
2024-04-29 12:00:00,1.1005808796997911,1.1008356924164944,1.0992235177716652,1.0997340258020694,9943
2024-04-29 13:00:00,1.0997340258020694,1.0999002833811657,1.0984305267451238,1.0985287165350701,835
2024-04-29 14:00:00,1.0985287165350701,1.0995903066383461,1.0983155237911237,1.0994236783336804,3576
2024-04-29 15:00:00,1.0994236783336804,1.099689999242553,1.0992256755908998,1.0994494649409987,3231
2024-04-29 16:00:00,1.0994494649409987,1.099465042086395,1.0987059892862114,1.0990148078189161,966
2024-04-29 17:00:00,1.0990148078189161,1.0990673362164904,1.0980472932802816,1.098337296551515,8951
2024-04-29 18:00:00,1.098337296551515,1.0984699642162175,1.0972677684083612,1.0975427982867692,3223
2024-04-29 19:00:00,1.0975427982867692,1.097614131808219,1.0967461364978814,1.0971935307132938,7417
2024-04-29 20:00:00,1.0971935307132938,1.0976982221857963,1.096314004860782,1.0963741919193761,6899
2024-04-29 21:00:00,1.0963741919193761,1.096982611652774,1.0961963392344243,1.0969671389067173,5880
2024-04-29 22:00:00,1.0969671389067173,1.0990352085671578,1.096676918109424,1.0989307043812757,2465
2024-04-29 23:00:00,1.0989307043812757,1.0990209738908487,1.0981627004475971,1.098398939155483,3832
2024-04-30 00:00:00,1.098398939155483,1.0986588273078863,1.0982096763909333,1.098638688133323,588
2024-04-30 01:00:00,1.098638688133323,1.0987339017655349,1.0986303561286468,1.0986683427543593,2079
2024-04-30 02:00:00,1.0986683427543593,1.0988622656586595,1.0986612612665503,1.0987401776946977,2271
2024-04-30 03:00:00,1.0987401776946977,1.0988624808551053,1.0982497239985196,1.098407232663385,8997
2024-04-30 04:00:00,1.098407232663385,1.0984110324798368,1.0982305415008482,1.0983347924622193,4654
2024-04-30 05:00:00,1.0983347924622193,1.0985659486517052,1.098292247237981,1.0984383118435597,7800
2024-04-30 06:00:00,1.0984383118435597,1.0985476297886974,1.0980571050284076,1.0982886089495696,8196
2024-04-30 07:00:00,1.0982886089495696,1.0992101584042024,1.0977988915519348,1.0989846402139607,8020
2024-04-30 08:00:00,1.0989846402139607,1.099070896977338,1.0982951155309826,1.0985299440054788,5876
2024-04-30 09:00:00,1.0985299440054788,1.0987910605486408,1.0982966660842866,1.0984393282643425,7559
2024-04-30 10:00:00,1.0984393282643425,1.0987862808229674,1.0973151730834496,1.0975292667320535,5361
2024-04-30 11:00:00,1.0975292667320535,1.097698485868479,1.0973672943350794,1.0976788856751225,4872
2024-04-30 12:00:00,1.0976788856751225,1.0988135867566278,1.097613107367777,1.0986825711531016,9703
2024-04-30 13:00:00,1.0986825711531016,1.0993076592746955,1.0984604711799721,1.0990925811638121,2793
2024-04-30 14:00:00,1.0990925811638121,1.0995071037901714,1.099044687766056,1.0994734362633238,8469
2024-04-30 15:00:00,1.0994734362633238,1.0994758915700242,1.0991927426448012,1.099249528222322,7817
2024-04-30 16:00:00,1.099249528222322,1.099370334199417,1.098454603505567,1.0984984443430936,9650
2024-04-30 17:00:00,1.0984984443430936,1.098994609359207,1.0984310390681573,1.0989252645559584,4731
2024-04-30 18:00:00,1.0989252645559584,1.0998313734809444,1.098763356178308,1.0996904155924565,1795
2024-04-30 19:00:00,1.0996904155924565,1.0998993488985827,1.0992688303421385,1.0993598055022713,3393
2024-04-30 20:00:00,1.0993598055022713,1.099837768965498,1.0992145983024255,1.099502484281929,1737
2024-04-30 21:00:00,1.099502484281929,1.1003908621520364,1.0994909110500861,1.1002294190165396,3005
2024-04-30 22:00:00,1.1002294190165396,1.1004627693630138,1.100125316517214,1.1003046911477068,4796
2024-04-30 23:00:00,1.1003046911477068,1.1004391073311635,1.1000425619908458,1.100321479740895,3585
2024-05-01 00:00:00,1.100321479740895,1.1004538270633142,1.1001725929793809,1.100218230437173,7446
2024-05-01 01:00:00,1.100218230437173,1.1009049859905748,1.1001857857937933,1.1007631631126482,6221
2024-05-01 02:00:00,1.1007631631126482,1.1007931387193526,1.0993409571606136,1.099563415650592,8172
2024-05-01 03:00:00,1.099563415650592,1.0995914788962013,1.0990333156226575,1.099436876912416,5018
2024-05-01 04:00:00,1.099436876912416,1.0995352248405674,1.0992410156207022,1.0993936942366187,7554
2024-05-01 05:00:00,1.0993936942366187,1.099459472135953,1.0991684716827852,1.099312337203151,7506
2024-05-01 06:00:00,1.099312337203151,1.0997200366969104,1.0991480799263365,1.099568199987677,1189
2024-05-01 07:00:00,1.099568199987677,1.1001224777890548,1.0995069209022597,1.100065470840635,6959
2024-05-01 08:00:00,1.100065470840635,1.100389975841662,1.0999082722780944,1.1003628555936817,4024
2024-05-01 09:00:00,1.1003628555936817,1.1012308868796907,1.100300207254943,1.1008389500832996,6210
2024-05-01 10:00:00,1.1008389500832996,1.1009155499261962,1.1003036182285946,1.1003904319260311,1927
2024-05-01 11:00:00,1.1003904319260311,1.100577339840337,1.1001924196798878,1.1003950211650197,9911
2024-05-01 12:00:00,1.1003950211650197,1.1004684932348492,1.099075980847215,1.0993965496966507,7119
2024-05-01 13:00:00,1.0993965496966507,1.0996522405120606,1.099233612809192,1.0994375724766878,5136
2024-05-01 14:00:00,1.0994375724766878,1.099879081989822,1.0988577159768318,1.0989102840767242,5521
2024-05-01 15:00:00,1.0989102840767242,1.099330674360185,1.098720253570714,1.0991906323906813,885
2024-05-01 16:00:00,1.0991906323906813,1.0996178793954117,1.0991565354545418,1.099485980308044,6953
2024-05-01 17:00:00,1.099485980308044,1.099541094244121,1.099474678773158,1.0994940308104242,4036
2024-05-01 18:00:00,1.0994940308104242,1.100710914882532,1.0994768580302647,1.1005728445093068,3158
2024-05-01 19:00:00,1.1005728445093068,1.1010777463646284,1.1004870870756234,1.1005612574541657,5765
2024-05-01 20:00:00,1.1005612574541657,1.1009477318716647,1.099199425918926,1.0992653855703352,3762
2024-05-01 21:00:00,1.0992653855703352,1.099569529876262,1.0978124879003814,1.097889319935975,6827
2024-05-01 22:00:00,1.097889319935975,1.0980139664489013,1.097610460385934,1.0979930561711875,4950
2024-05-01 23:00:00,1.0979930561711875,1.0989936528776054,1.097907871251324,1.098911810361884,5870
2024-05-02 00:00:00,1.098911810361884,1.0990024182931983,1.0976168213944175,1.0978314449997775,7953
2024-05-02 01:00:00,1.0978314449997775,1.0983832744571302,1.0977301381215003,1.0982417388083248,8308
2024-05-02 02:00:00,1.0982417388083248,1.0984114143691013,1.0979376348483072,1.097941120638899,6273
2024-05-02 03:00:00,1.097941120638899,1.0989413237081167,1.0978448191127006,1.0986793773132433,8206
2024-05-02 04:00:00,1.0986793773132433,1.0999134518333977,1.0985618383328697,1.0997468627448328,1163
2024-05-02 05:00:00,1.0997468627448328,1.100382851536551,1.0997455959167397,1.100105666203357,1015
2024-05-02 06:00:00,1.100105666203357,1.1003498092424562,1.0992400663094473,1.0993267364204642,1791
2024-05-02 07:00:00,1.0993267364204642,1.099337140550552,1.099077312597955,1.0991027473817938,8575
2024-05-02 08:00:00,1.0991027473817938,1.0995449135181463,1.0990135578263687,1.0993562748574508,6302
2024-05-02 09:00:00,1.0993562748574508,1.0997382935975075,1.0993378416952866,1.099466642200283,3105
2024-05-02 10:00:00,1.099466642200283,1.0998252757192524,1.0993579742808832,1.099763364589899,5203
2024-05-02 11:00:00,1.099763364589899,1.0997946653559407,1.0991595945019859,1.0992699420723524,3501
2024-05-02 12:00:00,1.0992699420723524,1.1004880270078192,1.0991913818689762,1.1002870409490058,1849
2024-05-02 13:00:00,1.1002870409490058,1.1004168596258832,1.0995427511823104,1.0997268530973234,7530
2024-05-02 14:00:00,1.0997268530973234,1.1016113580964655,1.0995942346625585,1.1015612552557144,1477
2024-05-02 15:00:00,1.1015612552557144,1.1019115950495733,1.1013018223964413,1.1017264018236028,7951
2024-05-02 16:00:00,1.1017264018236028,1.1036544590907877,1.1015845960431399,1.1033176582872286,2466
2024-05-02 17:00:00,1.1033176582872286,1.1044153638914076,1.103175053117142,1.1041609163659611,4916
2024-05-02 18:00:00,1.1041609163659611,1.1043833257343818,1.102949632025487,1.1030599351715076,1168
2024-05-02 19:00:00,1.1030599351715076,1.1031808789448347,1.1021549927596503,1.1022809044328634,8107
2024-05-02 20:00:00,1.1022809044328634,1.1026851048970387,1.101507172970573,1.1015411619127833,2509
2024-05-02 21:00:00,1.1015411619127833,1.1015799216555366,1.1008581040380474,1.1010635180981763,7005
2024-05-02 22:00:00,1.1010635180981763,1.1011181803480934,1.1007962496699653,1.101037115635401,5680
2024-05-02 23:00:00,1.101037115635401,1.1021486955919144,1.1008832725799553,1.1020174723515423,4202
2024-05-03 00:00:00,1.1020174723515423,1.102194027169674,1.1017339444000969,1.1021448633253106,5478
2024-05-03 01:00:00,1.1021448633253106,1.1022372123335797,1.1015021215399818,1.1017629221755492,6331
2024-05-03 02:00:00,1.1017629221755492,1.1031122601016166,1.1015088163307198,1.1029166595064168,4737
2024-05-03 03:00:00,1.1029166595064168,1.103072376915779,1.102390979419234,1.1025197924038255,5579
2024-05-03 04:00:00,1.1025197924038255,1.1028821573276608,1.1024388041330624,1.1026231276188216,5176
2024-05-03 05:00:00,1.1026231276188216,1.1027595262786725,1.1017308911999941,1.101939237770525,468
2024-05-03 06:00:00,1.101939237770525,1.1032009815504604,1.101851030603555,1.1028739801173142,5226
2024-05-03 07:00:00,1.1028739801173142,1.1029514564663172,1.1018311984978095,1.1019818411870927,4874
2024-05-03 08:00:00,1.1019818411870927,1.1033637664269589,1.1019327796898553,1.1031300218681126,2533
2024-05-03 09:00:00,1.1031300218681126,1.1041456333539317,1.1030473341076372,1.1037497144987611,4878
2024-05-03 10:00:00,1.1037497144987611,1.1046077339495783,1.1032636900236157,1.1043684309399482,495
2024-05-03 11:00:00,1.1043684309399482,1.1045452155299138,1.1041178391689466,1.104146456156352,639
2024-05-03 12:00:00,1.104146456156352,1.1051230846895863,1.1038835991367906,1.1046519009045999,2767
2024-05-03 13:00:00,1.1046519009045999,1.1047748363887562,1.1045575269150245,1.1046769895860462,1270
2024-05-03 14:00:00,1.1046769895860462,1.1048226554397305,1.1042067208620316,1.1043603596876528,1407
2024-05-03 15:00:00,1.1043603596876528,1.1044019303352803,1.1041284245430973,1.1041374334387883,6831
2024-05-03 16:00:00,1.1041374334387883,1.104266963990064,1.1032635973646518,1.1033295987383769,3775
2024-05-03 17:00:00,1.1033295987383769,1.1035144702119821,1.1018476479011818,1.1019610914822686,1630
2024-05-03 17:00:00,1.1019610914822686,1.102072324396153,1.1016771771295768,1.101706929276244,1597
2024-05-03 18:00:00,1.101706929276244,1.102983283752451,1.1016083522937672,1.1028791248913123,3913
2024-05-03 18:00:00,1.1028791248913123,1.1029295955877105,1.1026215283907472,1.102738270674712,2857
2024-05-03 19:00:00,1.102738270674712,1.1034308216228408,1.1026991256788952,1.103371855484999,4771
2024-05-03 19:00:00,1.103371855484999,1.1035407909376576,1.1033446248794714,1.1033569718147633,9176
2024-05-03 20:00:00,1.1033569718147633,1.1034480010909533,1.1026974157117904,1.1028519613873742,5100
2024-05-03 20:00:00,1.1028519613873742,1.103735267987499,1.102779743954697,1.103598680966236,8794
2024-05-03 21:00:00,1.103598680966236,1.103664425928829,1.1030778319949874,1.1033591941039085,2093
2024-05-03 21:00:00,1.1033591941039085,1.1036049085203208,1.1025886480534641,1.1030290967081386,8516
2024-05-03 22:00:00,1.1030290967081386,1.1036519476686313,1.1029972309926368,1.1035127857465061,621
2024-05-03 22:00:00,1.1035127857465061,1.1047119030412866,1.1034125503191154,1.1044464015431792,3075
2024-05-03 23:00:00,1.1044464015431792,1.1051368520401297,1.1043097186084672,1.1050968087068314,7593
2024-05-03 23:00:00,1.1050968087068314,1.1052689457911051,1.1037123668557502,1.103878939510781,9782
2024-05-04 00:00:00,1.103878939510781,1.1041969186297431,1.1026589437734928,1.1028029745688972,7714
2024-05-04 01:00:00,1.1028029745688972,1.1034418409393216,1.1027721950141,1.1031394273494934,5964
2024-05-04 02:00:00,1.1031394273494934,1.103396243404802,1.102868878083221,1.1029029125895011,4942
2024-05-04 03:00:00,1.1029029125895011,1.103147172066422,1.101697421918088,1.1018703002175694,1256
2024-05-04 04:00:00,1.1018703002175694,1.1020134936622061,1.1014795661329364,1.1014965753049764,7892
2024-05-04 05:00:00,1.1014965753049764,1.1017664400905385,1.1009705774202645,1.1012781806766367,753
2024-05-04 06:00:00,1.1012781806766367,1.101433553096361,1.1004539623554477,1.10050361257822,2708
2024-05-04 07:00:00,1.10050361257822,1.1006533959576168,1.1003690185370136,1.1006073039814912,4974
2024-05-04 08:00:00,1.1006073039814912,1.1007331439028853,1.1002716374628803,1.1005595785222038,8450
2024-05-04 09:00:00,1.1005595785222038,1.100899638815126,1.100320902759715,1.100741238100307,7205
2024-05-04 10:00:00,1.100741238100307,1.1009237352722008,1.1004594289070246,1.100884616624831,237
2024-05-04 11:00:00,1.100884616624831,1.1011004822764203,1.10078409932205,1.101015587092902,632
2024-05-04 12:00:00,1.101015587092902,1.1017577340515428,1.101005923157155,1.101399103351052,3473
2024-05-04 13:00:00,1.101399103351052,1.1015922369338214,1.1012457541476997,1.1012781271007712,6978
2024-05-04 14:00:00,1.1012781271007712,1.1013866930010132,1.101193761643539,1.10132868692072,9006
2024-05-04 15:00:00,1.10132868692072,1.1027221588957417,1.1011193630991012,1.102426456120027,3245
2024-05-04 16:00:00,1.102426456120027,1.1027267105715308,1.1021512097258999,1.1026564923131954,6775
2024-05-04 17:00:00,1.1026564923131954,1.1027632884726792,1.1020487446915552,1.1024043852370684,2424
2024-05-04 18:00:00,1.1024043852370684,1.1025884569603297,1.1020217978697022,1.1022332096719736,8712
2024-05-04 19:00:00,1.1022332096719736,1.1022918411170382,1.1013359324077385,1.1016066227200338,6129
2024-05-04 20:00:00,1.1016066227200338,1.1020540687075833,1.1015819312088,1.1019139496281278,4264
2024-05-04 21:00:00,1.1019139496281278,1.1019352507084117,1.100734661624162,1.1008432009989426,1275
2024-05-04 22:00:00,1.1008432009989426,1.1016361850112408,1.1006116584141543,1.1015992628123534,819
2024-05-04 23:00:00,1.1015992628123534,1.1017509555969396,1.1013520440244504,1.1015479271720934,9978
2024-05-05 00:00:00,1.1015479271720934,1.1018631236151988,1.1014592834336079,1.101862115441154,3671
2024-05-05 01:00:00,1.101862115441154,1.1020181963623399,1.101184379241102,1.1012078827649336,5939
2024-05-05 02:00:00,1.1012078827649336,1.1013249634751552,1.1011960974940291,1.1012935161967494,279
2024-05-05 03:00:00,1.1012935161967494,1.1024385554294538,1.1012757949754797,1.1022608660433821,7766
2024-05-05 04:00:00,1.1022608660433821,1.102450865184086,1.1019822901827063,1.1020928403401196,1872
2024-05-05 05:00:00,1.1020928403401196,1.1023070793116934,1.1016205021205232,1.1018871442327993,107
2024-05-05 06:00:00,1.1018871442327993,1.1023120927837882,1.1017756879708764,1.1023120290614952,6345
2024-05-05 07:00:00,1.1023120290614952,1.1029651194147236,1.1020053506437115,1.1028244881222724,5876
2024-05-05 08:00:00,1.1028244881222724,1.1035473848107449,1.1026778098480896,1.1033233450504567,4200
2024-05-05 09:00:00,1.1033233450504567,1.103388081601265,1.1025600637443684,1.1026133732052246,2987
2024-05-05 10:00:00,1.1026133732052246,1.1026591300740085,1.101974039372388,1.1020075776793599,7646
2024-05-05 11:00:00,1.1020075776793599,1.1023217515498729,1.101689408507988,1.1022201340069888,6849
2024-05-05 12:00:00,1.1022201340069888,1.1027997263748026,1.1019210944895281,1.1027127793811777,7996
2024-05-05 13:00:00,1.1027127793811777,1.1029427899540043,1.1024225355379258,1.1027184607066978,3855
2024-05-05 14:00:00,1.1027184607066978,1.1028019137797622,1.1025801845666678,1.1025968667136172,1072
2024-05-05 15:00:00,1.1025968667136172,1.10270353171974,1.101778870064281,1.1018488640803512,6055
2024-05-05 16:00:00,1.1018488640803512,1.1020628957730525,1.1007218401456065,1.1007752674048987,6893
2024-05-05 17:00:00,1.1007752674048987,1.1009270699990152,1.1001843148438029,1.1004067521040586,5375
2024-05-05 18:00:00,1.1004067521040586,1.1015015779410329,1.10017835488992,1.101252299241325,7567
2024-05-05 19:00:00,1.101252299241325,1.1013378104286438,1.1009297431947855,1.1013184796467201,4706
2024-05-05 20:00:00,1.1013184796467201,1.1016024485441946,1.1009029306453717,1.100957033340465,2426
2024-05-05 21:00:00,1.100957033340465,1.1011896339120217,1.0999619824182942,1.1002433439240409,7104
2024-05-05 22:00:00,1.1002433439240409,1.101068082885883,1.1000840214101153,1.1007746076882174,3538
2024-05-05 23:00:00,1.1007746076882174,1.1011950220509037,1.1006861404362223,1.1010382899560585,5752
2024-05-06 00:00:00,1.1010382899560585,1.1017641442449484,1.1009689171584736,1.1016908007112332,7141
2024-05-06 01:00:00,1.1016908007112332,1.1023463781083203,1.1015317538613818,1.1022881213751823,5102
2024-05-06 02:00:00,1.1022881213751823,1.102331835152957,1.1009302679625068,1.101264029578767,5849
2024-05-06 03:00:00,1.101264029578767,1.101279111404552,1.1008427999570327,1.1009405978631648,1973
2024-05-06 04:00:00,1.1009405978631648,1.1021322202566548,1.1008921396260043,1.1020521465987623,496
2024-05-06 05:00:00,1.1020521465987623,1.1021952491519869,1.1017712060133111,1.1017801193931962,2448
2024-05-06 06:00:00,1.1017801193931962,1.1018044668439528,1.100571650893657,1.1006388916409904,6059
2024-05-06 07:00:00,1.1006388916409904,1.1010247456403146,1.1002697227686151,1.1002902762609126,3565
2024-05-06 08:00:00,1.1002902762609126,1.1002950655374024,1.0996177821931292,1.099895174171184,4798
2024-05-06 09:00:00,1.099895174171184,1.100859889342263,1.0998234656656716,1.1007506095519295,6836
2024-05-06 10:00:00,1.1007506095519295,1.1007977838448362,1.0996801309342432,1.0998898898221774,4411
2024-05-06 11:00:00,1.0998898898221774,1.1008353453442763,1.0997985907002765,1.1005958476362687,8056
2024-05-06 12:00:00,1.1005958476362687,1.1008677246809149,1.0997960411550103,1.1000692834731907,100
2024-05-06 13:00:00,1.1000692834731907,1.1010614650595802,1.0997463268223413,1.101029327959955,7411
2024-05-06 14:00:00,1.101029327959955,1.1020831887310814,1.100906049101849,1.101988545317919,5469
2024-05-06 15:00:00,1.101988545317919,1.1021690087488378,1.1016871042878422,1.10175371224299,1294
2024-05-06 16:00:00,1.10175371224299,1.1017810615435195,1.1012807739613064,1.1013455701314465,1199
2024-05-06 17:00:00,1.1013455701314465,1.1013682410902679,1.101063618922485,1.1010899292505205,3651
2024-05-06 18:00:00,1.1010899292505205,1.1014069784526666,1.1007944856377565,1.1008657810586904,861
2024-05-06 19:00:00,1.1008657810586904,1.1015967991580233,1.100825475137534,1.1013890537461348,7717
2024-05-06 20:00:00,1.1013890537461348,1.1018455625611092,1.1010736078189085,1.1017080524171907,8387
2024-05-06 21:00:00,1.1017080524171907,1.1022362158320735,1.1016800168312257,1.1017441286676544,9865
2024-05-06 22:00:00,1.1017441286676544,1.1024438998063673,1.1017182443322913,1.1023628975920772,5566
2024-05-06 23:00:00,1.1023628975920772,1.1024995737993812,1.1019605551817724,1.1021822900657636,6226
2024-05-07 00:00:00,1.1021822900657636,1.1032036546533535,1.102077521431701,1.1029263567692151,8558
2024-05-07 01:00:00,1.1029263567692151,1.1031975960189695,1.1027725243054867,1.1029959933743354,1221
2024-05-07 02:00:00,1.1029959933743354,1.103716462232626,1.102729349963545,1.103592143423592,2704
2024-05-07 03:00:00,1.103592143423592,1.1057208748734357,1.1034183371684858,1.1056674741210823,6909
2024-05-07 04:00:00,1.1056674741210823,1.105922026157536,1.105649219741449,1.1058901475179808,3305
2024-05-07 05:00:00,1.1058901475179808,1.1062777664978594,1.105162685825392,1.1053509926094456,4750
2024-05-07 06:00:00,1.1053509926094456,1.1055432869721478,1.1045222552690805,1.1045325978271927,9409
2024-05-07 07:00:00,1.1045325978271927,1.1054090168662953,1.1044714714162356,1.105246070721971,8003
2024-05-07 08:00:00,1.105246070721971,1.1057641202478092,1.1051319537819468,1.105412562763021,5236
2024-05-07 09:00:00,1.105412562763021,1.1054934657799493,1.1052506029130305,1.1052875779484694,9944
2024-05-07 10:00:00,1.1052875779484694,1.1057423966622981,1.1044690877478673,1.104657161685592,5360
2024-05-07 11:00:00,1.104657161685592,1.1048958101406203,1.104247588284602,1.1043038307770596,2195
2024-05-07 12:00:00,1.1043038307770596,1.1048665852110746,1.1041445727392611,1.1044720692301853,2942
2024-05-07 13:00:00,1.1044720692301853,1.1047586773111089,1.1039763593150844,1.1044146869660953,6813
2024-05-07 14:00:00,1.1044146869660953,1.1047628270873715,1.1037591860797764,1.103839000187625,2400
2024-05-07 15:00:00,1.103839000187625,1.1039563605577722,1.1037488207222643,1.103802628940642,1826
2024-05-07 16:00:00,1.103802628940642,1.1050150126103724,1.1037872823687633,1.1048976636582264,612
2024-05-07 17:00:00,1.1048976636582264,1.105211038504995,1.1048596214663577,1.1052081621057461,6990
2024-05-07 18:00:00,1.1052081621057461,1.1054677501444532,1.1049865036474278,1.10511572029567,895
2024-05-07 19:00:00,1.10511572029567,1.1057775465556803,1.1050519548869542,1.1057467848001041,5059
2024-05-07 20:00:00,1.1057467848001041,1.1063033768865729,1.1055541461503509,1.105571575828818,9918
2024-05-07 21:00:00,1.105571575828818,1.1058337080902667,1.1054354225395022,1.1057537521067433,3381
2024-05-07 22:00:00,1.1057537521067433,1.1059071171521846,1.1053468809331664,1.1058675057670075,8009
2024-05-07 23:00:00,1.1058675057670075,1.1059572943106462,1.1053054223770653,1.1056550494915702,5984
2024-05-08 00:00:00,1.1056550494915702,1.1069762546399864,1.1056501535575998,1.1064756070789725,9356
2024-05-08 01:00:00,1.1064756070789725,1.1069269521000304,1.105415155813167,1.105736559614817,8653
2024-05-08 02:00:00,1.105736559614817,1.106330832581845,1.1057174381059944,1.1062852557241687,3098
2024-05-08 03:00:00,1.1062852557241687,1.106327327244924,1.1051112056084331,1.105175421494325,851
2024-05-08 04:00:00,1.105175421494325,1.1054613254260302,1.1049778821230043,1.1050385006669425,1436
2024-05-08 05:00:00,1.1050385006669425,1.1054883373485447,1.104915615962053,1.105377508763242,9593
2024-05-08 06:00:00,1.105377508763242,1.105841888523179,1.1051248009610828,1.105616218255677,4517
2024-05-08 07:00:00,1.105616218255677,1.1062104844675353,1.105487762604343,1.1061717504638657,2060
2024-05-08 08:00:00,1.1061717504638657,1.1062044015891241,1.105740096314112,1.1060336799496397,4750
2024-05-08 09:00:00,1.1060336799496397,1.1062215205199721,1.105792200709983,1.1059264429250097,3205
2024-05-08 10:00:00,1.1059264429250097,1.1063957044404757,1.105710548141095,1.10629642811117,101
2024-05-08 11:00:00,1.10629642811117,1.1063753569278414,1.105468347643992,1.1055400076069786,849
2024-05-08 12:00:00,1.1055400076069786,1.1055963242879958,1.104654354194348,1.104690726207506,7838
2024-05-08 13:00:00,1.104690726207506,1.1062611132089195,1.1044566494878851,1.1058982626433795,2948
2024-05-08 14:00:00,1.1058982626433795,1.1061360885996703,1.104309408511165,1.1046606288291039,7719
2024-05-08 15:00:00,1.1046606288291039,1.1048944250111463,1.1037175285246206,1.1040798564940442,3701
2024-05-08 16:00:00,1.1040798564940442,1.104556294703679,1.1037998451866116,1.1045541971071444,9325
2024-05-08 17:00:00,1.1045541971071444,1.105403719348531,1.1042632848260954,1.1052969940635677,8725
2024-05-08 18:00:00,1.1052969940635677,1.1053624091071783,1.1052612731848908,1.1052922028935381,717
2024-05-08 19:00:00,1.1052922028935381,1.105331677414626,1.1051717675384338,1.1051945190751298,5441
2024-05-08 20:00:00,1.1051945190751298,1.1056050577340801,1.104930959124708,1.1053504151792974,9081
2024-05-08 21:00:00,1.1053504151792974,1.1055159466812445,1.104232922133892,1.1044016321921364,3722
2024-05-08 22:00:00,1.1044016321921364,1.1046069742904934,1.1038341000503948,1.1038681831339134,4516
2024-05-08 23:00:00,1.1038681831339134,1.1039468848874932,1.1038658527923764,1.1038731014469114,9089
2024-05-09 00:00:00,1.1038731014469114,1.1040695036441357,1.1036458585809072,1.1037320129026433,3026
2024-05-09 01:00:00,1.1037320129026433,1.1038017061409158,1.102547468102269,1.1027462686599427,5339
2024-05-09 02:00:00,1.1027462686599427,1.1029960013448952,1.1025081707999784,1.1026652673179442,5762
2024-05-09 03:00:00,1.1026652673179442,1.1029613039333206,1.102174870272728,1.102276622938938,5962
2024-05-09 04:00:00,1.102276622938938,1.102289485028962,1.1005554218268498,1.1007979699498247,751
2024-05-09 05:00:00,1.1007979699498247,1.1012058464206524,1.1006566213134963,1.1011727694668476,9588
2024-05-09 06:00:00,1.1011727694668476,1.103130210227615,1.1011021616171646,1.1030744932828638,571
2024-05-09 07:00:00,1.1030744932828638,1.1032409073764102,1.1028291863506896,1.1030461799481857,8127
2024-05-09 08:00:00,1.1030461799481857,1.1031501148438263,1.1020422074685357,1.1025578660385638,4951
2024-05-09 09:00:00,1.1025578660385638,1.1030636801663336,1.1024832415591455,1.1027943455660534,1418
2024-05-09 10:00:00,1.1027943455660534,1.102938240042921,1.1011202213902958,1.1012452428744344,5074
2024-05-09 11:00:00,1.1012452428744344,1.1019922665613633,1.1009802762632939,1.1017655288617436,9275
2024-05-09 12:00:00,1.1017655288617436,1.1029431264556255,1.1015010052934915,1.1025394796333392,4843
2024-05-09 13:00:00,1.1025394796333392,1.1028975519588868,1.1022844302307548,1.1027245727364012,2750
2024-05-09 14:00:00,1.1027245727364012,1.102888694231583,1.1021550762554604,1.102349909741095,3709
2024-05-09 15:00:00,1.102349909741095,1.1036543423783796,1.1020444855820277,1.1035235638563254,9903
2024-05-09 16:00:00,1.1035235638563254,1.1044955313918807,1.1033246095127391,1.1042905541053276,8092
2024-05-09 17:00:00,1.1042905541053276,1.1044960646480626,1.1039597395260186,1.1042139963758413,306
2024-05-09 18:00:00,1.1042139963758413,1.1053537198585672,1.103894266857123,1.1051661291767982,4984
2024-05-09 19:00:00,1.1051661291767982,1.1052619297016166,1.1039871532567056,1.1041578665136462,3336
2024-05-09 20:00:00,1.1041578665136462,1.104424699215358,1.103991386405928,1.1043872843613733,223
2024-05-09 21:00:00,1.1043872843613733,1.104616578736871,1.1041836761391701,1.1043418133811753,6120
2024-05-09 22:00:00,1.1043418133811753,1.104503977790643,1.1041661136229814,1.1043990192755426,4468
2024-05-09 23:00:00,1.1043990192755426,1.1045798783128729,1.1035134588328297,1.1036715823765977,8765
2024-05-10 00:00:00,1.1036715823765977,1.1038372428845131,1.1032030686855216,1.1034950260199052,453
2024-05-10 01:00:00,1.1034950260199052,1.1035434836395408,1.103276421601223,1.1033943734493563,2244
2024-05-10 02:00:00,1.1033943734493563,1.10364174782806,1.1032437871969185,1.1033526448555495,8828
2024-05-10 03:00:00,1.1033526448555495,1.1036612224766573,1.1028927166075138,1.1031389123068749,1184
2024-05-10 04:00:00,1.1031389123068749,1.1036460568233362,1.1029549326727857,1.1033238562697592,1217
2024-05-10 05:00:00,1.1033238562697592,1.103486974624003,1.1028825766487935,1.1029525491814087,1061
2024-05-10 06:00:00,1.1029525491814087,1.1034169835382914,1.1027529976248769,1.1032012982993968,857
2024-05-10 07:00:00,1.1032012982993968,1.10333288992493,1.1028900217412754,1.1031522041426898,7920
2024-05-10 08:00:00,1.1031522041426898,1.1032204650456219,1.1025003116767038,1.102551053623717,1888
2024-05-10 09:00:00,1.102551053623717,1.1028381650038244,1.1020822428679506,1.1028022590370292,1419
2024-05-10 10:00:00,1.1028022590370292,1.1033922694787623,1.1027949695729775,1.1032312215071816,781
2024-05-10 11:00:00,1.1032312215071816,1.103333241253423,1.1029067197091453,1.1030212369187706,9143
2024-05-10 12:00:00,1.1030212369187706,1.1039399605582294,1.1028503630547009,1.1035259710104155,6190
2024-05-10 13:00:00,1.1035259710104155,1.1044897214118272,1.1032582671086992,1.1043493449614155,849
2024-05-10 14:00:00,1.1043493449614155,1.1046969259137824,1.1035024497709682,1.1036974695421256,8188
2024-05-10 15:00:00,1.1036974695421256,1.1039368221871217,1.1033808077659226,1.1034672318147194,9154
2024-05-10 16:00:00,1.1034672318147194,1.1035236215894813,1.1029848157874933,1.1033007771789736,2446
2024-05-10 17:00:00,1.1033007771789736,1.1043331483887902,1.1032968410281079,1.104153559991662,807
2024-05-10 17:00:00,1.104153559991662,1.104184176738264,1.1035086278461206,1.1035920937064527,4067
2024-05-10 18:00:00,1.1035920937064527,1.1046967823159164,1.1033620663457169,1.1046038888219716,2815
2024-05-10 18:00:00,1.1046038888219716,1.1056801023163203,1.1044976717957764,1.1052004124592028,9211
2024-05-10 19:00:00,1.1052004124592028,1.1052567993198439,1.1043825543859782,1.1044738539930283,9632
2024-05-10 19:00:00,1.1044738539930283,1.1050173756025454,1.104346614304788,1.1050159786192943,7135
2024-05-10 20:00:00,1.1050159786192943,1.1060604823645317,1.1049090378293671,1.105856496643446,7912
2024-05-10 20:00:00,1.105856496643446,1.1064082761796195,1.105706939622573,1.1063066231504028,8132
2024-05-10 21:00:00,1.1063066231504028,1.1065482780985332,1.106006151140714,1.1061012158242505,9966
2024-05-10 21:00:00,1.1061012158242505,1.1063961074654698,1.1060705101328003,1.1063058324192536,8555
2024-05-10 22:00:00,1.1063058324192536,1.1065529291731542,1.1060547582552362,1.1061821820633184,579
2024-05-10 22:00:00,1.1061821820633184,1.1068424915161585,1.1061743109123197,1.1068226663576632,6764
2024-05-10 23:00:00,1.1068226663576632,1.1068448336334016,1.1062043747309884,1.1064896675132732,7310
2024-05-10 23:00:00,1.1064896675132732,1.1068599848801313,1.1058215682269268,1.1059852779702148,1219
2024-05-11 00:00:00,1.1059852779702148,1.10623944709443,1.1052935500050858,1.1053590752485514,9709
2024-05-11 01:00:00,1.1053590752485514,1.1063258210681102,1.1052381724764395,1.1057898953293301,4719
2024-05-11 02:00:00,1.1057898953293301,1.1070689263819364,1.1056933255801806,1.1067380243029539,8693
2024-05-11 03:00:00,1.1067380243029539,1.106922468158381,1.1065621714643072,1.1065671109929243,1594
2024-05-11 04:00:00,1.1065671109929243,1.106777735283429,1.1058455034809327,1.1059444030756957,2799
2024-05-11 05:00:00,1.1059444030756957,1.1059491266715795,1.105280948530582,1.1055241816859382,3950
2024-05-11 06:00:00,1.1055241816859382,1.1058002762514234,1.105427639133827,1.1057697302624274,4037
2024-05-11 07:00:00,1.1057697302624274,1.1058917120869582,1.1052333423852139,1.1052622399535028,6526
2024-05-11 08:00:00,1.1052622399535028,1.1056687498615176,1.1052592331683944,1.1056459745399705,4728
2024-05-11 09:00:00,1.1056459745399705,1.1057159401225065,1.105281164768353,1.105461319794711,8237
2024-05-11 10:00:00,1.105461319794711,1.1056197472745402,1.1049429173162482,1.1049933599169208,7005
2024-05-11 11:00:00,1.1049933599169208,1.105333050030601,1.1047729121293406,1.1049297690799933,3248
2024-05-11 12:00:00,1.1049297690799933,1.1052386890253745,1.1046294054668728,1.1048598555972473,8012
2024-05-11 13:00:00,1.1048598555972473,1.104896934928541,1.1045708384611206,1.104697218528952,9001
2024-05-11 14:00:00,1.104697218528952,1.1048271395019746,1.1035898202059673,1.1039312887966972,5887
2024-05-11 15:00:00,1.1039312887966972,1.1048134024501595,1.1037017282383452,1.1046197998572416,2039
2024-05-11 16:00:00,1.1046197998572416,1.1047506709953607,1.1042430487967427,1.1044688401437792,9271
2024-05-11 17:00:00,1.1044688401437792,1.1051390956909273,1.1044219960610593,1.1050212283780103,8716
2024-05-11 18:00:00,1.1050212283780103,1.1050784028290062,1.104756484363671,1.1047887870635187,5223
2024-05-11 19:00:00,1.1047887870635187,1.1055308027093524,1.1045529021698905,1.1053630779746326,4279
2024-05-11 20:00:00,1.1053630779746326,1.1060088563075143,1.1052094269105543,1.105835814496744,891
2024-05-11 21:00:00,1.105835814496744,1.1060365075819039,1.1046644915136652,1.1049609868167378,4852
2024-05-11 22:00:00,1.1049609868167378,1.1060707491355317,1.1048432204264294,1.1059135543157586,4252
2024-05-11 23:00:00,1.1059135543157586,1.106616637991831,1.105892220384685,1.1064944854606846,1735
2024-05-12 00:00:00,1.1064944854606846,1.107113803239913,1.1064675000438817,1.1064732131964372,9260
2024-05-12 01:00:00,1.1064732131964372,1.1071559624377625,1.106465597592558,1.1069729713711605,4596
2024-05-12 02:00:00,1.1069729713711605,1.1070842645267305,1.106446035547287,1.1065494775905187,1051
2024-05-12 03:00:00,1.1065494775905187,1.1072285531386714,1.1062720202878324,1.1072044529270268,6179
2024-05-12 04:00:00,1.1072044529270268,1.108450123637544,1.1071717261928553,1.1082704747229726,621
2024-05-12 05:00:00,1.1082704747229726,1.1100162895554413,1.1080081273845235,1.1099932590925532,6165
2024-05-12 06:00:00,1.1099932590925532,1.110314219954733,1.1098462871175394,1.1098801677325218,2074
2024-05-12 07:00:00,1.1098801677325218,1.1108684245362075,1.1097072507741714,1.1106063855649966,6513
2024-05-12 08:00:00,1.1106063855649966,1.1107474882422086,1.1096651496434562,1.109716338518872,1982
2024-05-12 09:00:00,1.109716338518872,1.1099497030727787,1.1080987246014844,1.108501726289386,5561
2024-05-12 10:00:00,1.108501726289386,1.1090267874054398,1.1082050520949287,1.1082388064828164,6383
2024-05-12 11:00:00,1.1082388064828164,1.10854404953571,1.1082194269076096,1.108438031618509,5197
2024-05-12 12:00:00,1.108438031618509,1.1084816217997577,1.1077515531161115,1.1077983347132005,6507
2024-05-12 13:00:00,1.1077983347132005,1.1090514981588555,1.1076904037583315,1.1089555960462671,4644
2024-05-12 14:00:00,1.1089555960462671,1.109335876219859,1.1089222328343635,1.1092717269455632,7494
2024-05-12 15:00:00,1.1092717269455632,1.1103402237799695,1.1091181582066296,1.110292144084832,3231
2024-05-12 16:00:00,1.110292144084832,1.1103868487611428,1.1101630998478373,1.1101994288756185,5274
2024-05-12 17:00:00,1.1101994288756185,1.1110058658054862,1.109909985319767,1.1109788093037758,4195
2024-05-12 18:00:00,1.1109788093037758,1.1111446380008645,1.110726296543329,1.1107306296256698,8813
2024-05-12 19:00:00,1.1107306296256698,1.1107549302276336,1.1103318130234996,1.1105229638950642,4421
2024-05-12 20:00:00,1.1105229638950642,1.1107598237812957,1.1102800456266642,1.1103313894612232,6359
2024-05-12 21:00:00,1.1103313894612232,1.1106728992390875,1.1099175047669787,1.1101008460614965,5559
2024-05-12 22:00:00,1.1101008460614965,1.1109384176104053,1.1098857207026929,1.1106504268021196,5326
2024-05-12 23:00:00,1.1106504268021196,1.111541595370561,1.1103499737516516,1.1113252651513081,5738
2024-05-13 00:00:00,1.1113252651513081,1.1115482782994806,1.1111600946173426,1.111439496288778,6776
2024-05-13 01:00:00,1.111439496288778,1.1115364873977533,1.1099027366820637,1.1102299970390836,8031
2024-05-13 02:00:00,1.1102299970390836,1.1107287425969274,1.1100484010875227,1.1106110745854658,6574
2024-05-13 03:00:00,1.1106110745854658,1.110747572427318,1.1105466852707484,1.1106046421664801,4751
2024-05-13 04:00:00,1.1106046421664801,1.1120670575661313,1.1104333417750563,1.1120388092019176,8514
2024-05-13 05:00:00,1.1120388092019176,1.1123130289646999,1.1113499632575248,1.111353557240528,5429
2024-05-13 06:00:00,1.111353557240528,1.1126482508042883,1.1110977824875878,1.112176557975847,8072
2024-05-13 07:00:00,1.112176557975847,1.1125222502834953,1.1120255330961573,1.1123565696391455,2575
2024-05-13 08:00:00,1.1123565696391455,1.1136289274604132,1.1121034650548618,1.1134282647978502,3236
2024-05-13 09:00:00,1.1134282647978502,1.113584425788166,1.1130272928310125,1.113124947575952,9173
2024-05-13 10:00:00,1.113124947575952,1.1132370182071638,1.1117093545447922,1.1117444261796712,6761
2024-05-13 11:00:00,1.1117444261796712,1.1119455874961164,1.1116281375624026,1.111942602421628,2441
2024-05-13 12:00:00,1.111942602421628,1.1121370925491654,1.1105699611021476,1.1106631744518032,320
2024-05-13 13:00:00,1.1106631744518032,1.1116363045907156,1.1106364693047126,1.1114849140434901,6670
2024-05-13 14:00:00,1.1114849140434901,1.1117864138268105,1.1107514092986286,1.1109497800387302,2460
2024-05-13 15:00:00,1.1109497800387302,1.1111150783138724,1.1102680074671758,1.1104414021584623,5934
2024-05-13 16:00:00,1.1104414021584623,1.1108945518168714,1.1099908954555056,1.1108249539069524,5683
2024-05-13 17:00:00,1.1108249539069524,1.1108699379531395,1.1105463954601944,1.1106718876934896,3748
2024-05-13 18:00:00,1.1106718876934896,1.1108237026011696,1.110589359421201,1.1108187365383442,351
2024-05-13 19:00:00,1.1108187365383442,1.1110947611962612,1.1103100402714625,1.1104219113534055,6938
2024-05-13 20:00:00,1.1104219113534055,1.111398738020216,1.1102362336175782,1.111293549184091,5331
2024-05-13 21:00:00,1.111293549184091,1.1113300928764538,1.1101525814856528,1.1104881183038326,1887
2024-05-13 22:00:00,1.1104881183038326,1.110871779206648,1.1104545820371428,1.110797220374942,379
2024-05-13 23:00:00,1.110797220374942,1.1108692236679898,1.1106684722505598,1.1107141025204175,4489
2024-05-14 00:00:00,1.1107141025204175,1.1108311151546968,1.1103988853626687,1.110633653766742,5734
2024-05-14 01:00:00,1.110633653766742,1.1106439700181852,1.1095736226987694,1.1097280007738066,6411
2024-05-14 02:00:00,1.1097280007738066,1.1100290139451874,1.10907438456364,1.1092759770106226,2201
2024-05-14 03:00:00,1.1092759770106226,1.1107215391135872,1.1091923339949694,1.1105722264431332,3749
2024-05-14 04:00:00,1.1105722264431332,1.111248069655884,1.1103769269025787,1.1112226384499926,9942
2024-05-14 05:00:00,1.1112226384499926,1.1112554127303398,1.109676063887326,1.1097419905938875,6969
2024-05-14 06:00:00,1.1097419905938875,1.1098667586436248,1.109271113950411,1.1093265057692565,5841
2024-05-14 07:00:00,1.1093265057692565,1.1104008843741298,1.1091150554768525,1.110201472308657,123
2024-05-14 08:00:00,1.110201472308657,1.1103330520063721,1.1097602670865616,1.1099683955751216,7361
2024-05-14 09:00:00,1.1099683955751216,1.1105537961188328,1.1097349374316448,1.1103004883530438,8547
2024-05-14 10:00:00,1.1103004883530438,1.110487350700578,1.1089302832046302,1.1090167634420858,9529
2024-05-14 11:00:00,1.1090167634420858,1.1097181696395544,1.108948857684605,1.109705683298889,4042
2024-05-14 12:00:00,1.109705683298889,1.112065644557329,1.1095231224015687,1.1119254183171863,1163
2024-05-14 13:00:00,1.1119254183171863,1.1120898404866428,1.111710001965578,1.1117380953607248,9086
2024-05-14 14:00:00,1.1117380953607248,1.111907978854668,1.1111139090947324,1.111144152339,9778
2024-05-14 15:00:00,1.111144152339,1.111294246311387,1.1106695114069236,1.1106801218053086,2583
2024-05-14 16:00:00,1.1106801218053086,1.110819558329467,1.1103134272199955,1.1105348638739718,7816
2024-05-14 17:00:00,1.1105348638739718,1.111237367849517,1.1105233130446384,1.1111226364568618,5209
2024-05-14 18:00:00,1.1111226364568618,1.111783693390155,1.1107178501346653,1.111632973168323,1334
2024-05-14 19:00:00,1.111632973168323,1.1119340290035553,1.1110284219512285,1.1111087296783724,7726
2024-05-14 20:00:00,1.1111087296783724,1.111178659629802,1.1105449698447527,1.110585176545496,2391
2024-05-14 21:00:00,1.110585176545496,1.111840975630589,1.110514691962619,1.1115529536065751,9053
2024-05-14 22:00:00,1.1115529536065751,1.111666101307466,1.1114490219898048,1.1114561906487763,4338
2024-05-14 23:00:00,1.1114561906487763,1.1116213480738273,1.111257329430688,1.1114092178654524,1884
2024-05-15 00:00:00,1.1114092178654524,1.1114651821846413,1.1112091124581902,1.111262170127147,8611
2024-05-15 01:00:00,1.111262170127147,1.1112864065575272,1.1108603688412977,1.110900899493862,4092
2024-05-15 02:00:00,1.110900899493862,1.1113765566009275,1.1107933027594319,1.1112231440630296,4628
2024-05-15 03:00:00,1.1112231440630296,1.1122531902379647,1.1111910468189639,1.1120764653281705,3750
2024-05-15 04:00:00,1.1120764653281705,1.11212401000284,1.1119179887697612,1.1120126102524333,7502
2024-05-15 05:00:00,1.1120126102524333,1.112042387573224,1.1108609783419632,1.111164001329213,2879
2024-05-15 06:00:00,1.111164001329213,1.1117919276618446,1.1110501290907948,1.111253864660387,3715
2024-05-15 07:00:00,1.111253864660387,1.1115094399645953,1.1106499806844659,1.1107245358433588,6446
2024-05-15 08:00:00,1.1107245358433588,1.1110006064304414,1.1104365985636981,1.1105616206729478,2096
2024-05-15 09:00:00,1.1105616206729478,1.1118712590156763,1.1103876086295663,1.1117436793524242,9588
2024-05-15 10:00:00,1.1117436793524242,1.1131896307456195,1.111562901072297,1.1131016968011649,8135
2024-05-15 11:00:00,1.1131016968011649,1.1133028079954017,1.1127985701484988,1.112871974632225,6209
2024-05-15 12:00:00,1.112871974632225,1.1130007490344467,1.1110726369253747,1.1112948659684156,209
2024-05-15 13:00:00,1.1112948659684156,1.1121072686961442,1.1110871887609837,1.1118905493872098,511
2024-05-15 14:00:00,1.1118905493872098,1.1134783749079928,1.1118566298519308,1.1133203051062543,170
2024-05-15 15:00:00,1.1133203051062543,1.1136215216883347,1.1132030503834667,1.1132866014084508,3827
2024-05-15 16:00:00,1.1132866014084508,1.1134150104268294,1.1119687887843503,1.1120698674595944,817
2024-05-15 17:00:00,1.1120698674595944,1.1125363205482315,1.1119953550034802,1.1121591476246586,5576
2024-05-15 18:00:00,1.1121591476246586,1.1122790633502213,1.1113923892444089,1.11156449070971,6913
2024-05-15 19:00:00,1.11156449070971,1.1116233153457853,1.110319000286474,1.1105365677960168,818
2024-05-15 20:00:00,1.1105365677960168,1.1105574762451267,1.1102388564267966,1.1102677935789451,7836
2024-05-15 21:00:00,1.1102677935789451,1.111733660956719,1.1100148158101246,1.1113657333822065,7835
2024-05-15 22:00:00,1.1113657333822065,1.1119594070682537,1.110820606413523,1.1110905156762898,8418
2024-05-15 23:00:00,1.1110905156762898,1.1117898777481616,1.1110049803220878,1.1116684131390675,8717
2024-05-16 00:00:00,1.1116684131390675,1.1118525297842348,1.1110460959511828,1.111349353641294,7342
2024-05-16 01:00:00,1.111349353641294,1.1113571368068975,1.1107938969254545,1.1108917903245228,2425
2024-05-16 02:00:00,1.1108917903245228,1.1115064294354218,1.110829161719896,1.111233080088083,2535
2024-05-16 03:00:00,1.111233080088083,1.1115964387354154,1.110491334478839,1.1107608700959415,2918
2024-05-16 04:00:00,1.1107608700959415,1.1116747445059552,1.1105291191290396,1.1115348544878338,635
2024-05-16 05:00:00,1.1115348544878338,1.1115486551879812,1.110669824773708,1.1108333410910634,6551
2024-05-16 06:00:00,1.1108333410910634,1.1113304038759702,1.1099842394436443,1.1100114643704595,7846
2024-05-16 07:00:00,1.1100114643704595,1.110380214962218,1.1096455941348105,1.1098094046634341,5272
2024-05-16 08:00:00,1.1098094046634341,1.110842610641019,1.1096616914555937,1.11072289162273,9436
2024-05-16 09:00:00,1.11072289162273,1.110987669503775,1.1104416451508776,1.1108611079839306,3590
2024-05-16 10:00:00,1.1108611079839306,1.1110107098812507,1.1101577113968912,1.1105146991034656,3970
2024-05-16 11:00:00,1.1105146991034656,1.1116021849471875,1.1104395497271216,1.1111565164591977,1879
2024-05-16 12:00:00,1.1111565164591977,1.1114921096265915,1.1103461410592896,1.110367598232509,3247
2024-05-16 13:00:00,1.110367598232509,1.1106702541263405,1.1098148665874206,1.1100757763673375,1005
2024-05-16 14:00:00,1.1100757763673375,1.1106396927595548,1.1096669102720973,1.1106352792193674,2231
2024-05-16 15:00:00,1.1106352792193674,1.1107108215713901,1.1097599706329213,1.1101106456726662,7047
2024-05-16 16:00:00,1.1101106456726662,1.110877958712484,1.1100473249840856,1.1107833679995414,8598
2024-05-16 17:00:00,1.1107833679995414,1.1123455666301052,1.1107432890425661,1.1123116296119337,3616
2024-05-16 18:00:00,1.1123116296119337,1.1136244707800684,1.111872900026682,1.1133127451766545,4532
2024-05-16 19:00:00,1.1133127451766545,1.11375277164019,1.1130034654392165,1.1134014960426644,6091
2024-05-16 20:00:00,1.1134014960426644,1.1142934896396883,1.1133866147082792,1.11393686673569,8808
2024-05-16 21:00:00,1.11393686673569,1.1153502484289626,1.113763692217973,1.1153073442388954,200
2024-05-16 22:00:00,1.1153073442388954,1.1155892311237057,1.1151389301736307,1.1151427739440742,6160
2024-05-16 23:00:00,1.1151427739440742,1.1152820326598847,1.114151679345055,1.1143247335765138,2247
2024-05-17 00:00:00,1.1143247335765138,1.115390183232492,1.1141066847197822,1.1152086767723335,2320
2024-05-17 01:00:00,1.1152086767723335,1.1156023670302055,1.1149710110196316,1.115108741001359,127
2024-05-17 02:00:00,1.115108741001359,1.116102984189653,1.115049500912688,1.1159325899406431,4952
2024-05-17 03:00:00,1.1159325899406431,1.116833808628472,1.1158456819211924,1.1166414561443172,3436
2024-05-17 04:00:00,1.1166414561443172,1.1168272034074238,1.1156139197407515,1.1157640998139426,2462
2024-05-17 05:00:00,1.1157640998139426,1.116739587936177,1.1156937075991011,1.116444946610202,4233
2024-05-17 06:00:00,1.116444946610202,1.1165694927264027,1.1157927055998282,1.116002971403433,3776
2024-05-17 07:00:00,1.116002971403433,1.11632005793112,1.1155589735859217,1.1162568651408495,2475
2024-05-17 08:00:00,1.1162568651408495,1.1170653415020417,1.1159513489525783,1.1170642499331855,147
2024-05-17 09:00:00,1.1170642499331855,1.117611302837653,1.1166018411219136,1.117520632147633,7158
2024-05-17 10:00:00,1.117520632147633,1.1176330506000496,1.1173024553842357,1.1173804898228117,8297
2024-05-17 11:00:00,1.1173804898228117,1.1177227916728874,1.1173701061510564,1.1176684035546993,5633
2024-05-17 12:00:00,1.1176684035546993,1.118281310414725,1.1175039350949618,1.1180770187939217,9061
2024-05-17 13:00:00,1.1180770187939217,1.1188648284518332,1.1177032239787563,1.1188463085727796,7702
2024-05-17 14:00:00,1.1188463085727796,1.1189926804147512,1.1182288854302265,1.118477369364993,1462
2024-05-17 15:00:00,1.118477369364993,1.1189528833309783,1.117874383256729,1.1180144276389856,3440
2024-05-17 16:00:00,1.1180144276389856,1.119503723442607,1.1180034783598505,1.1194631386513003,916
2024-05-17 17:00:00,1.1194631386513003,1.119470540270115,1.1190937365195828,1.1192619462056623,107
2024-05-17 17:00:00,1.1192619462056623,1.1198522620698679,1.1192417066801987,1.119708595761229,4972
2024-05-17 18:00:00,1.119708595761229,1.1209634769715744,1.1196590543215421,1.1208914958641378,2632
2024-05-17 18:00:00,1.1208914958641378,1.1210448697691615,1.1201768055046957,1.120533794298534,2859
2024-05-17 19:00:00,1.120533794298534,1.120593829308391,1.1196565986604226,1.1200524645994219,428
2024-05-17 19:00:00,1.1200524645994219,1.1202017349975641,1.1199257068702664,1.1201691525588888,4975
2024-05-17 20:00:00,1.1201691525588888,1.1202964986707105,1.119726035989854,1.119760800694903,2485
2024-05-17 20:00:00,1.119760800694903,1.120870845677653,1.119750461107028,1.1208072171511207,4080
2024-05-17 21:00:00,1.1208072171511207,1.121281394225782,1.1206893046136441,1.12079551644772,2566
2024-05-17 21:00:00,1.12079551644772,1.1213236027468434,1.1207073650968322,1.1211594349550733,5429
2024-05-17 22:00:00,1.1211594349550733,1.1219028292324031,1.121068194291243,1.1217425851604406,1294
2024-05-17 22:00:00,1.1217425851604406,1.1220687406041772,1.1212214698093028,1.1217720888272058,200
2024-05-17 23:00:00,1.1217720888272058,1.1222604465442718,1.1211608613080988,1.1212544862148581,2561
2024-05-17 23:00:00,1.1212544862148581,1.1218258903785356,1.1210700756054226,1.1216652734623918,6815
2024-05-18 00:00:00,1.1216652734623918,1.1232691962758385,1.12165418279536,1.1228804794583631,422
2024-05-18 01:00:00,1.1228804794583631,1.123013776721806,1.1226721020718677,1.122956360281183,7932
2024-05-18 02:00:00,1.122956360281183,1.1230447420656158,1.122707881215045,1.1227418832588412,3749
2024-05-18 03:00:00,1.1227418832588412,1.1234793851026221,1.1225905378582706,1.123471841512669,4946
2024-05-18 04:00:00,1.123471841512669,1.1252995105917283,1.123410503869565,1.1250688766520374,5855
2024-05-18 05:00:00,1.1250688766520374,1.1251686595322303,1.1247024728550699,1.1247573648905926,706
2024-05-18 06:00:00,1.1247573648905926,1.1253629262736198,1.1244303923203605,1.1251213713091348,8808
2024-05-18 07:00:00,1.1251213713091348,1.1256388273053992,1.125025249066085,1.1256090813878357,9400
2024-05-18 08:00:00,1.1256090813878357,1.126532398050744,1.1256054576923105,1.126503591870348,4435
2024-05-18 09:00:00,1.126503591870348,1.1273928191766178,1.126210904739496,1.127386917656894,938
2024-05-18 10:00:00,1.127386917656894,1.128040880819693,1.1273458591525682,1.1278586248083122,1221
2024-05-18 11:00:00,1.1278586248083122,1.1285014253475094,1.127807287762134,1.1284711655395554,4065
2024-05-18 12:00:00,1.1284711655395554,1.1284936928759206,1.1277678942722664,1.1277772306190987,3441
2024-05-18 13:00:00,1.1277772306190987,1.1291962213161888,1.1277549769152653,1.1290250043417887,1436
2024-05-18 14:00:00,1.1290250043417887,1.1300671999192178,1.12896682166147,1.1299235018597544,1359
2024-05-18 15:00:00,1.1299235018597544,1.1307182902228081,1.1298849421012531,1.1305327473643512,7292
2024-05-18 16:00:00,1.1305327473643512,1.131317410092687,1.130484244074446,1.1312915207641776,744
2024-05-18 17:00:00,1.1312915207641776,1.131351879150308,1.129891475274467,1.1299939739526432,696
2024-05-18 18:00:00,1.1299939739526432,1.1301468114758704,1.128652864872197,1.1290473698268064,6489
2024-05-18 19:00:00,1.1290473698268064,1.1295476464691945,1.1289147373516446,1.1293767210070844,2910
2024-05-18 20:00:00,1.1293767210070844,1.1295179343970556,1.1287038339500843,1.1288956846253742,4636
2024-05-18 21:00:00,1.1288956846253742,1.1289885373740214,1.1287035819732303,1.1288171808811351,6869
2024-05-18 22:00:00,1.1288171808811351,1.1290543986377484,1.128603576005957,1.1290503931697875,567
2024-05-18 23:00:00,1.1290503931697875,1.129059743060568,1.1287893662638986,1.1289493148415206,9256
2024-05-19 00:00:00,1.1289493148415206,1.1289755508723736,1.1273185127918328,1.1274047130129994,9929
2024-05-19 01:00:00,1.1274047130129994,1.1276471722814503,1.1271213461965717,1.1274752846440912,2886
2024-05-19 02:00:00,1.1274752846440912,1.1277535917373045,1.127395345345924,1.1277351154455046,8518
2024-05-19 03:00:00,1.1277351154455046,1.1278901026669264,1.1252049408108704,1.1256087806614126,2908
2024-05-19 04:00:00,1.1256087806614126,1.126234645365166,1.125272248078483,1.1262303788888397,9596
2024-05-19 05:00:00,1.1262303788888397,1.1276460918456719,1.1258107413961855,1.1272460945336098,5889
2024-05-19 06:00:00,1.1272460945336098,1.1280161621745532,1.1268879643350185,1.1279795137924615,8805
2024-05-19 07:00:00,1.1279795137924615,1.1280210814691343,1.127379310318881,1.1274590287266637,311
2024-05-19 08:00:00,1.1274590287266637,1.1277006933838531,1.126564224175141,1.1266131810990616,869
2024-05-19 09:00:00,1.1266131810990616,1.1272492647532881,1.1265085602376848,1.126658500056208,7631
2024-05-19 10:00:00,1.126658500056208,1.1273156447989443,1.1261535609265039,1.1262925941300275,8722
2024-05-19 11:00:00,1.1262925941300275,1.128155790698366,1.1262230109144034,1.1280298134508513,3358
2024-05-19 12:00:00,1.1280298134508513,1.129772628998741,1.1279791767117113,1.1296575615251325,359
2024-05-19 13:00:00,1.1296575615251325,1.1299682324649436,1.1291260969652248,1.129134056856048,1854
2024-05-19 14:00:00,1.129134056856048,1.1292175486623206,1.1288673435872225,1.1288835723535924,145
2024-05-19 15:00:00,1.1288835723535924,1.1291290805761804,1.1287363268645594,1.128929889590535,976
2024-05-19 16:00:00,1.128929889590535,1.1289807644739405,1.127889638503189,1.12803700592801,8254
2024-05-19 17:00:00,1.12803700592801,1.1280893096473552,1.127841008913468,1.1279071710173725,3017
2024-05-19 18:00:00,1.1279071710173725,1.1285837857948118,1.127860867262963,1.1285207301573212,2055
2024-05-19 19:00:00,1.1285207301573212,1.129154750768434,1.1285066380892281,1.1290742193721046,9892
2024-05-19 20:00:00,1.1290742193721046,1.1291199337438007,1.1288526547156212,1.129097866657169,2374
2024-05-19 21:00:00,1.129097866657169,1.1293561577700664,1.1278887555145773,1.1281228880206173,7835
2024-05-19 22:00:00,1.1281228880206173,1.128182467089566,1.127863548027891,1.127987205888553,1839
2024-05-19 23:00:00,1.127987205888553,1.128134226416136,1.1279657768226055,1.128096041669785,5766
2024-05-20 00:00:00,1.128096041669785,1.1285431271567363,1.1277406603432365,1.1279025225240227,3290
2024-05-20 01:00:00,1.1279025225240227,1.1291546408231394,1.1276360973709674,1.1291376475037618,433
2024-05-20 02:00:00,1.1291376475037618,1.1294335772246857,1.1287537912437329,1.1293291703667174,1630
2024-05-20 03:00:00,1.1293291703667174,1.1293974166109222,1.128261748240463,1.128274498224799,655
2024-05-20 04:00:00,1.128274498224799,1.1290354087130698,1.1282478350634952,1.128952145661601,9022
2024-05-20 05:00:00,1.128952145661601,1.1291297382489214,1.128261010921048,1.1284665876993347,4923
2024-05-20 06:00:00,1.1284665876993347,1.128535186544455,1.1278324399181598,1.1279869416394384,4133
2024-05-20 07:00:00,1.1279869416394384,1.1291346032901721,1.1278865712295665,1.1289110768018513,1263
2024-05-20 08:00:00,1.1289110768018513,1.1290519261435599,1.1287288427898463,1.1289475600352623,6128
2024-05-20 09:00:00,1.1289475600352623,1.1296823702578356,1.1288403886467646,1.1295132889464792,9591
2024-05-20 10:00:00,1.1295132889464792,1.1297720524846422,1.1286766395498302,1.128831736079567,2120
2024-05-20 11:00:00,1.128831736079567,1.12889452651695,1.1286323061729737,1.1286415385617676,7785
2024-05-20 12:00:00,1.1286415385617676,1.128698793229123,1.1277099361073402,1.1278788835890985,6123
2024-05-20 13:00:00,1.1278788835890985,1.1278944651983647,1.1269195712914108,1.1271083116182907,7544
2024-05-20 14:00:00,1.1271083116182907,1.128146257293301,1.1269073706461494,1.1277161951346348,3786
2024-05-20 15:00:00,1.1277161951346348,1.128261519866628,1.127567243903278,1.128087335212654,2040
2024-05-20 16:00:00,1.128087335212654,1.1283923395676354,1.1278985382095843,1.1282583659600545,4496
2024-05-20 17:00:00,1.1282583659600545,1.1282806368405316,1.1273521152243005,1.1273941463451387,3171
2024-05-20 18:00:00,1.1273941463451387,1.1278466601068058,1.1268531125762933,1.1269540556686604,7116
2024-05-20 19:00:00,1.1269540556686604,1.1270658189270077,1.126769537784731,1.1269033306810747,3599
2024-05-20 20:00:00,1.1269033306810747,1.1271911442359808,1.1267793260912593,1.1271221892414622,9502
2024-05-20 21:00:00,1.1271221892414622,1.127396739174712,1.1263672789837373,1.1266210291852576,4353
2024-05-20 22:00:00,1.1266210291852576,1.126624166778609,1.1260050526178085,1.1260592745563378,7917
2024-05-20 23:00:00,1.1260592745563378,1.1260791846929747,1.1249633188957633,1.1250889384627794,9646
2024-05-21 00:00:00,1.1250889384627794,1.1258056165083876,1.1250428301454092,1.1257899391684418,6125
2024-05-21 01:00:00,1.1257899391684418,1.1259909035067934,1.1243509203304318,1.1244356076470676,7676
2024-05-21 02:00:00,1.1244356076470676,1.1251575898223471,1.1243420926645713,1.124793774384308,6707
2024-05-21 03:00:00,1.124793774384308,1.1249512846724337,1.1245935237306501,1.1246875153052847,7853
2024-05-21 04:00:00,1.1246875153052847,1.125197520563588,1.1243166357170737,1.1243938406408154,7122
2024-05-21 05:00:00,1.1243938406408154,1.125401830255457,1.1242198080092594,1.1252441684025019,4209
2024-05-21 06:00:00,1.1252441684025019,1.1254243907587143,1.1235192381166703,1.123641591689109,3367
2024-05-21 07:00:00,1.123641591689109,1.1247930629301806,1.1233689710729926,1.1247636644733228,7172
2024-05-21 08:00:00,1.1247636644733228,1.1249024040643254,1.1241167689062492,1.1242616545414963,9527
2024-05-21 09:00:00,1.1242616545414963,1.1247181950128355,1.124148891229619,1.124686082589176,5354
2024-05-21 10:00:00,1.124686082589176,1.1251644789670872,1.1245777923350138,1.1246471843943906,4303
2024-05-21 11:00:00,1.1246471843943906,1.1247999734671337,1.1243656008721226,1.1243745847797535,5990
2024-05-21 12:00:00,1.1243745847797535,1.1246003774327802,1.1225071909403181,1.1229857933992715,4826
2024-05-21 13:00:00,1.1229857933992715,1.1234958442368046,1.122936314811282,1.1234595120513675,6397
2024-05-21 14:00:00,1.1234595120513675,1.1240695405057988,1.1233898264613091,1.123954156423662,4542
2024-05-21 15:00:00,1.123954156423662,1.1255482289526868,1.1238372744687242,1.12529911758975,1148
2024-05-21 16:00:00,1.12529911758975,1.1258153160092013,1.124972108055626,1.1257933090444148,2059
2024-05-21 17:00:00,1.1257933090444148,1.1258809100961185,1.1251753357692742,1.1252793366454343,9870
2024-05-21 18:00:00,1.1252793366454343,1.1259933397015456,1.124987559567708,1.1257343533244775,3798
2024-05-21 19:00:00,1.1257343533244775,1.1273822479788362,1.1255605870268994,1.1270646025590947,8641
2024-05-21 20:00:00,1.1270646025590947,1.1275963554562758,1.1269669410017524,1.1272750636760678,5775
2024-05-21 21:00:00,1.1272750636760678,1.1279631628262976,1.127153415846455,1.1279261096433115,7991
2024-05-21 22:00:00,1.1279261096433115,1.128353243200198,1.1278905124017213,1.128264995235764,1578
2024-05-21 23:00:00,1.128264995235764,1.1285490494528174,1.1268184343143433,1.1268558481019386,1920
2024-05-22 00:00:00,1.1268558481019386,1.1272825283373524,1.126810778475196,1.1270565050108787,9533
2024-05-22 01:00:00,1.1270565050108787,1.127076657575459,1.1269517322189146,1.126989271005199,4030
2024-05-22 02:00:00,1.126989271005199,1.1272549413635016,1.1262333561952407,1.1262664792202601,5465
2024-05-22 03:00:00,1.1262664792202601,1.1271840171567296,1.1262410816576192,1.1269497205307353,9167
2024-05-22 04:00:00,1.1269497205307353,1.12697931828024,1.126344343341155,1.126686295991488,6703
2024-05-22 05:00:00,1.126686295991488,1.1274372138601259,1.1266076487096555,1.1272940920465313,9833
2024-05-22 06:00:00,1.1272940920465313,1.1274473832385012,1.1269087808389544,1.1271953784942963,5886
2024-05-22 07:00:00,1.1271953784942963,1.1281462426573943,1.1270851273098295,1.1279616359699471,3801
2024-05-22 08:00:00,1.1279616359699471,1.1283225181352867,1.1278522982940786,1.1278990742147412,9111
2024-05-22 09:00:00,1.1278990742147412,1.1280117890142012,1.1278586850009906,1.1279016264471644,4009
2024-05-22 10:00:00,1.1279016264471644,1.1280119137547995,1.1271593363256938,1.1273045005553015,8500
2024-05-22 11:00:00,1.1273045005553015,1.1276128775642007,1.1272913308557884,1.1274140771562995,1984
2024-05-22 12:00:00,1.1274140771562995,1.1277632709627945,1.1270588344667183,1.127095282831554,4602
2024-05-22 13:00:00,1.127095282831554,1.1279066601877317,1.1270426878487507,1.1276025273531354,2228
2024-05-22 14:00:00,1.1276025273531354,1.128618405879089,1.1275735742549118,1.1281498344774314,7597
2024-05-22 15:00:00,1.1281498344774314,1.1285229799486252,1.127787696107266,1.1278522058493112,8398
2024-05-22 16:00:00,1.1278522058493112,1.128950067923891,1.1278270941448165,1.128746654815097,4129
2024-05-22 17:00:00,1.128746654815097,1.1288383749058726,1.1281476859016917,1.12832933040651,1525
2024-05-22 18:00:00,1.12832933040651,1.1285046063064021,1.1281573133929614,1.1283935303751722,4705
2024-05-22 19:00:00,1.1283935303751722,1.1284298115821156,1.1281394763933412,1.1283290405486237,9409
2024-05-22 20:00:00,1.1283290405486237,1.1286306571186524,1.126742370682722,1.1268446537337264,2229
2024-05-22 21:00:00,1.1268446537337264,1.1269921593464198,1.1267718238619235,1.1268268735994371,4156
2024-05-22 22:00:00,1.1268268735994371,1.126858610264161,1.1263408990418686,1.1264201158350844,340
2024-05-22 23:00:00,1.1264201158350844,1.1265387831550107,1.1254782578964737,1.1255306293379228,8456
2024-05-23 00:00:00,1.1255306293379228,1.126134266688404,1.1254112748426492,1.1258574948846047,1596
2024-05-23 01:00:00,1.1258574948846047,1.125870988889656,1.125203230414823,1.1252892331195852,403
2024-05-23 02:00:00,1.1252892331195852,1.1256264345095393,1.1243198950000273,1.124802223038385,4874
2024-05-23 03:00:00,1.124802223038385,1.1250973138645934,1.124342483408771,1.1246318348300366,1011
2024-05-23 04:00:00,1.1246318348300366,1.1248637419401266,1.1241571152386083,1.1242131200851926,5193
2024-05-23 05:00:00,1.1242131200851926,1.1242185555187272,1.1236117606756826,1.1237360270203869,6147
2024-05-23 06:00:00,1.1237360270203869,1.1238979962326108,1.1234247327443245,1.1234544186245374,2861
2024-05-23 07:00:00,1.1234544186245374,1.1242338177518023,1.1231768494304681,1.124119511612422,705
2024-05-23 08:00:00,1.124119511612422,1.124472171372482,1.1232837085950105,1.1233351718951283,1138
2024-05-23 09:00:00,1.1233351718951283,1.123362159801161,1.121166582415438,1.1216900050389242,506
2024-05-23 10:00:00,1.1216900050389242,1.122268071658685,1.1216448087298554,1.1222023590356476,1171
2024-05-23 11:00:00,1.1222023590356476,1.122389375602933,1.1209063264601091,1.1211234608419458,7930
2024-05-23 12:00:00,1.1211234608419458,1.121310382624464,1.120630396166692,1.1208696262109972,4309
2024-05-23 13:00:00,1.1208696262109972,1.1221914786446818,1.120811660202623,1.122092991176851,6698
2024-05-23 14:00:00,1.122092991176851,1.1222297632175202,1.120967340112571,1.121332442534368,4721
2024-05-23 15:00:00,1.121332442534368,1.121934599276711,1.121156093254216,1.121695410895224,6188
2024-05-23 16:00:00,1.121695410895224,1.1223413479253488,1.1213238408649657,1.122218285148934,4543
2024-05-23 17:00:00,1.122218285148934,1.1224783512228629,1.1220320520967786,1.1223485359561496,1552
2024-05-23 18:00:00,1.1223485359561496,1.1228518949479431,1.1220608506123946,1.1226940244747625,2553
2024-05-23 19:00:00,1.1226940244747625,1.1228166752376925,1.1223206499650011,1.1223884316741364,5599
2024-05-23 20:00:00,1.1223884316741364,1.1229743136654031,1.1222346783084243,1.1228289147002597,5280
2024-05-23 21:00:00,1.1228289147002597,1.1245635130349445,1.1226722377554288,1.1244132003898641,6773
2024-05-23 22:00:00,1.1244132003898641,1.124801758297691,1.1242425783369743,1.1247482190468192,3087
2024-05-23 23:00:00,1.1247482190468192,1.1250808274987385,1.1244949091236875,1.124602853859635,2889
2024-05-24 00:00:00,1.124602853859635,1.1256792012138213,1.1244861852730594,1.1255095279065366,300
2024-05-24 01:00:00,1.1255095279065366,1.1257310201882622,1.1251200746035177,1.1253603580098752,7925
2024-05-24 02:00:00,1.1253603580098752,1.1254195847278523,1.124987220942836,1.1251048515679,6300
2024-05-24 03:00:00,1.1251048515679,1.1256006832750194,1.1250556280266248,1.1255483582223031,9074
2024-05-24 04:00:00,1.1255483582223031,1.1257225217326758,1.124935630995007,1.1250843331290739,2860
2024-05-24 05:00:00,1.1250843331290739,1.1251593146663341,1.1246913985070257,1.124947520936098,5325
2024-05-24 06:00:00,1.124947520936098,1.1250094041731264,1.124742929256172,1.124855789845334,5021
2024-05-24 07:00:00,1.124855789845334,1.1249446857513095,1.124034273659687,1.124203466266213,3813
2024-05-24 08:00:00,1.124203466266213,1.1243975930007353,1.1233586775942586,1.12361332868462,5752
2024-05-24 09:00:00,1.12361332868462,1.1236656421292652,1.1233212537834112,1.123390207099386,9230
2024-05-24 10:00:00,1.123390207099386,1.1239174154244074,1.1232285543343725,1.123829350287472,3216
2024-05-24 11:00:00,1.123829350287472,1.1241597707538107,1.1236046593514268,1.123757183934714,3717
2024-05-24 12:00:00,1.123757183934714,1.1246951936191243,1.1233307546426854,1.124656809218117,5290
2024-05-24 13:00:00,1.124656809218117,1.1247132246294924,1.1243337482023652,1.1245608346641713,9055
2024-05-24 14:00:00,1.1245608346641713,1.1256901829404895,1.1243182378784615,1.1254653001104953,2994
2024-05-24 15:00:00,1.1254653001104953,1.1254756427327568,1.1247431145617026,1.1249176667758602,9546
2024-05-24 16:00:00,1.1249176667758602,1.1254305725207385,1.1248876677578787,1.1253969445915286,4719
2024-05-24 17:00:00,1.1253969445915286,1.1257531551847482,1.1249576553392,1.1256195987058906,7390
2024-05-24 17:00:00,1.1256195987058906,1.126311907760439,1.125491552606797,1.1262226329114875,5288
2024-05-24 18:00:00,1.1262226329114875,1.1262509287020743,1.1257298609981308,1.1257550195236625,5066
2024-05-24 18:00:00,1.1257550195236625,1.1268205409265286,1.1257486627426885,1.126465533522303,9561
2024-05-24 19:00:00,1.126465533522303,1.1266574327376229,1.1253025632913263,1.1253755742978873,7640
2024-05-24 19:00:00,1.1253755742978873,1.1255470087726656,1.1243962801716252,1.1244946430518428,4293
2024-05-24 20:00:00,1.1244946430518428,1.1247187632771247,1.1243433145588213,1.1245776024661016,5541
2024-05-24 20:00:00,1.1245776024661016,1.124813340692461,1.1236636351045073,1.123734042827099,9004
2024-05-24 21:00:00,1.123734042827099,1.1237350599063247,1.1233761641454743,1.1236815906223052,8965
2024-05-24 21:00:00,1.1236815906223052,1.1237726057374493,1.1224587515167381,1.1224808317495185,4704
2024-05-24 22:00:00,1.1224808317495185,1.1226486767784523,1.1218647111457818,1.1223063667497577,9233
2024-05-24 22:00:00,1.1223063667497577,1.1228415753459908,1.1221711460220982,1.1227248943628312,1042
2024-05-24 23:00:00,1.1227248943628312,1.1235528480021373,1.1225812819540637,1.123393511170119,4571
2024-05-24 23:00:00,1.123393511170119,1.1236266297707018,1.1232758388572577,1.1235922179862285,3843
2024-05-25 00:00:00,1.1235922179862285,1.123750342784483,1.1231535372419483,1.1232099996503333,6383
2024-05-25 01:00:00,1.1232099996503333,1.1232427848456843,1.1224338398902036,1.1225142923591365,3936
2024-05-25 02:00:00,1.1225142923591365,1.1231623623511486,1.1223265701434113,1.122895341427695,2528
2024-05-25 03:00:00,1.122895341427695,1.1232984032103426,1.1226579311975617,1.1232345790419689,9481
2024-05-25 04:00:00,1.1232345790419689,1.1243843237113473,1.1231235856089692,1.124376058344972,3724
2024-05-25 05:00:00,1.124376058344972,1.1249891441381663,1.1243728510123694,1.1249254607674226,9544
2024-05-25 06:00:00,1.1249254607674226,1.125790941971895,1.1246237388765468,1.1257447691496554,7491
2024-05-25 07:00:00,1.1257447691496554,1.1260427563905835,1.1253249000730516,1.1255776743851984,8027
2024-05-25 08:00:00,1.1255776743851984,1.1262331953913862,1.1255353982542693,1.126225416488139,2009
2024-05-25 09:00:00,1.126225416488139,1.1264782099728516,1.1262230985312751,1.1263741746885316,2774
2024-05-25 10:00:00,1.1263741746885316,1.1266976614239363,1.1263460729076744,1.1265340739658511,3424
2024-05-25 11:00:00,1.1265340739658511,1.127859981029688,1.1262658795586549,1.1277584424756522,5933
2024-05-25 12:00:00,1.1277584424756522,1.1279494589332792,1.127194615814805,1.127259718497404,2702
2024-05-25 13:00:00,1.127259718497404,1.1277615449899405,1.1272089904066256,1.1274630920880455,5897
2024-05-25 14:00:00,1.1274630920880455,1.1276076114443259,1.1266482591892817,1.1267364231490629,254
2024-05-25 15:00:00,1.1267364231490629,1.1267805356559446,1.1254582876172212,1.1257295966276786,2774
2024-05-25 16:00:00,1.1257295966276786,1.125827199188313,1.1254116501951754,1.1254481677560182,4603
2024-05-25 17:00:00,1.1254481677560182,1.1255842251891617,1.1251860623582253,1.1254176490981715,1627
2024-05-25 18:00:00,1.1254176490981715,1.125467115758508,1.1242016087080513,1.1242617715341263,725
2024-05-25 19:00:00,1.1242617715341263,1.1244963110495634,1.1237247067057428,1.1238199102552626,785
2024-05-25 20:00:00,1.1238199102552626,1.1240870315885918,1.1232170512081265,1.1233491274822336,9757
2024-05-25 21:00:00,1.1233491274822336,1.1244370474141707,1.1229897291527777,1.1240611540213814,5309
2024-05-25 22:00:00,1.1240611540213814,1.1247710730636238,1.123971211499882,1.1244475487718986,969
2024-05-25 23:00:00,1.1244475487718986,1.125903070077115,1.1243461882529882,1.1258368255251432,3177
2024-05-26 00:00:00,1.1258368255251432,1.1259519235677624,1.1251630093798648,1.1253497036115498,1004
2024-05-26 01:00:00,1.1253497036115498,1.126162555657434,1.1253246218756547,1.1257209464479252,2122
2024-05-26 02:00:00,1.1257209464479252,1.126509373637293,1.1254255977137675,1.1263018145426895,1342
2024-05-26 03:00:00,1.1263018145426895,1.1267345112875606,1.126179007289898,1.1264748030216067,2811
2024-05-26 04:00:00,1.1264748030216067,1.1282989038781215,1.1263130441979234,1.1282638552055286,1394
2024-05-26 05:00:00,1.1282638552055286,1.1283517916073122,1.1277494409625295,1.1279764483339498,6037
2024-05-26 06:00:00,1.1279764483339498,1.1282234599713317,1.1277381045072263,1.1280834364529686,9155
2024-05-26 07:00:00,1.1280834364529686,1.1282026964100609,1.1277800957878734,1.127790374773312,1656
2024-05-26 08:00:00,1.127790374773312,1.128183402156989,1.1276736626637327,1.1280503806827853,2402
2024-05-26 09:00:00,1.1280503806827853,1.1296812445542292,1.1279463388800945,1.1292844921123386,836
2024-05-26 10:00:00,1.1292844921123386,1.1301746402421933,1.1291001485450423,1.1299689004990152,878
2024-05-26 11:00:00,1.1299689004990152,1.1315784601184102,1.1297378987995352,1.1313291941561952,5625
2024-05-26 12:00:00,1.1313291941561952,1.1319792608514343,1.1290767304470553,1.1294991483125059,5933
2024-05-26 13:00:00,1.1294991483125059,1.1295896731185018,1.1292736474135847,1.1293115142208208,7625
2024-05-26 14:00:00,1.1293115142208208,1.130134417795575,1.1291355463596007,1.13007643356497,9706
2024-05-26 15:00:00,1.13007643356497,1.1308408432728214,1.129640922727234,1.130820696111197,4884
2024-05-26 16:00:00,1.130820696111197,1.1309043143966984,1.13013741890025,1.1302724064716327,8135
2024-05-26 17:00:00,1.1302724064716327,1.1303545633439152,1.129894238387625,1.1302745148873288,4836
2024-05-26 18:00:00,1.1302745148873288,1.1305086506450701,1.1295687507147896,1.1297789591048468,8100
2024-05-26 19:00:00,1.1297789591048468,1.1299666413896214,1.129343375926618,1.1295874712048342,6690
2024-05-26 20:00:00,1.1295874712048342,1.129680692844743,1.1292508199675362,1.1293719510942384,6894
2024-05-26 21:00:00,1.1293719510942384,1.1299253672912397,1.1293408352003922,1.1298697263720354,4832
2024-05-26 22:00:00,1.1298697263720354,1.1299817825507712,1.1291995660168874,1.1295968241392615,621
2024-05-26 23:00:00,1.1295968241392615,1.129816239200544,1.1292070233364588,1.129496103303815,5797
2024-05-27 00:00:00,1.129496103303815,1.1295069713626433,1.1292694010674167,1.1294219927187594,2947
2024-05-27 01:00:00,1.1294219927187594,1.129527021650517,1.1288568304276225,1.1291287740702227,4211
2024-05-27 02:00:00,1.1291287740702227,1.1298797842688428,1.129016063433973,1.1296229446266606,6494
2024-05-27 03:00:00,1.1296229446266606,1.1311187166275962,1.1290592837694202,1.1309947966315754,8522
2024-05-27 04:00:00,1.1309947966315754,1.1310447511539834,1.130675744617499,1.1307814524578654,7520
2024-05-27 05:00:00,1.1307814524578654,1.1317064892971431,1.1304212983174808,1.131617347469116,8219
2024-05-27 06:00:00,1.131617347469116,1.132285894874822,1.1315437835554272,1.1322110515278616,6849
2024-05-27 07:00:00,1.1322110515278616,1.1330368272236195,1.1321631466644795,1.1325602047874024,618
2024-05-27 08:00:00,1.1325602047874024,1.1329882523234045,1.132230902510082,1.1329787177444801,8775
2024-05-27 09:00:00,1.1329787177444801,1.1332220748726964,1.132786874629339,1.1329537064386823,3951
2024-05-27 10:00:00,1.1329537064386823,1.1337900077476186,1.132827301793959,1.133693421758583,6955
2024-05-27 11:00:00,1.133693421758583,1.1341399822151295,1.1332096666651692,1.134000596088137,5104
2024-05-27 12:00:00,1.134000596088137,1.1342331766026459,1.1336832389354594,1.1337126699965028,5644
2024-05-27 13:00:00,1.1337126699965028,1.1339160361743053,1.133097422318962,1.1332228879430168,9325
2024-05-27 14:00:00,1.1332228879430168,1.1334213579312553,1.1331781680521276,1.1332666299622678,9057
2024-05-27 15:00:00,1.1332666299622678,1.1336988124828211,1.1329280212411779,1.1330255301524592,3460
2024-05-27 16:00:00,1.1330255301524592,1.1342307287462126,1.132628484845325,1.1341973700133063,6152
2024-05-27 17:00:00,1.1341973700133063,1.134277604647656,1.1324281438805417,1.1325998141271427,6858
2024-05-27 18:00:00,1.1325998141271427,1.1330056096439158,1.1325191511736783,1.1328060187794873,1087
2024-05-27 19:00:00,1.1328060187794873,1.133170596587724,1.132707985316412,1.1331459342679107,8307
2024-05-27 20:00:00,1.1331459342679107,1.133579602940234,1.1330445719883782,1.1335711132344317,7595
2024-05-27 21:00:00,1.1335711132344317,1.1342285898640345,1.1334874634513759,1.1341863649086656,7192
2024-05-27 22:00:00,1.1341863649086656,1.1342362834038806,1.133971937572265,1.1340013719018347,9862
2024-05-27 23:00:00,1.1340013719018347,1.1341348429587257,1.1334644515117096,1.1335006739694875,4527
2024-05-28 00:00:00,1.1335006739694875,1.134420801777915,1.1334289847316261,1.1340731222622107,178
2024-05-28 01:00:00,1.1340731222622107,1.134631148268432,1.134064886358821,1.1342170935595293,1918
2024-05-28 02:00:00,1.1342170935595293,1.1343028362008474,1.1340916862576993,1.134287910598884,9336
2024-05-28 03:00:00,1.134287910598884,1.1344300489973773,1.1336030245685789,1.1337397482309661,9903
2024-05-28 04:00:00,1.1337397482309661,1.134093333964334,1.1328284679031577,1.1330206159055225,531
2024-05-28 05:00:00,1.1330206159055225,1.133069108499867,1.1316459364824951,1.1317106874959415,8904
2024-05-28 06:00:00,1.1317106874959415,1.131875732379778,1.1311688356042664,1.1312652159306744,4450
2024-05-28 07:00:00,1.1312652159306744,1.1322804228968077,1.13095368007631,1.1321907067209573,8563
2024-05-28 08:00:00,1.1321907067209573,1.1326595048888817,1.1320578531479657,1.1325328658531473,4531
2024-05-28 09:00:00,1.1325328658531473,1.1332615697995732,1.1325084967308852,1.132984876337082,9049
2024-05-28 10:00:00,1.132984876337082,1.133054384984244,1.1328236967816818,1.132991442995766,4403
2024-05-28 11:00:00,1.132991442995766,1.133331732639265,1.132896803679121,1.1330550478235537,8405
2024-05-28 12:00:00,1.1330550478235537,1.1331892530258314,1.1327817196968024,1.132847749686681,5251
2024-05-28 13:00:00,1.132847749686681,1.1339586723028983,1.1325077255129152,1.1335954190028714,5116
2024-05-28 14:00:00,1.1335954190028714,1.133910445119009,1.133572572473971,1.1338230915687868,2062
2024-05-28 15:00:00,1.1338230915687868,1.1339961694697958,1.1336971789145591,1.133700334452339,3165
2024-05-28 16:00:00,1.133700334452339,1.1337650642612809,1.1332016713494146,1.1332470100033945,4048
2024-05-28 17:00:00,1.1332470100033945,1.1339347534575523,1.132939439013129,1.1337300129902343,7771
2024-05-28 18:00:00,1.1337300129902343,1.1344664070958197,1.1335569412484243,1.1344010406539229,9125
2024-05-28 19:00:00,1.1344010406539229,1.1349142269090795,1.1343290725617667,1.1347914057480215,7206
2024-05-28 20:00:00,1.1347914057480215,1.1353566906530512,1.1346961659159418,1.1353354642515288,1028
2024-05-28 21:00:00,1.1353354642515288,1.135951508398555,1.135264785492037,1.1357737203974363,5522
2024-05-28 22:00:00,1.1357737203974363,1.1365821711618045,1.1355506363967303,1.1365521779035703,3015
2024-05-28 23:00:00,1.1365521779035703,1.1372536345557593,1.1361929383525033,1.1371155669310906,9635
2024-05-29 00:00:00,1.1371155669310906,1.1372656186926289,1.1367742210595047,1.1368918684184077,5487
2024-05-29 01:00:00,1.1368918684184077,1.1371114252399257,1.1367173495131264,1.1370845945745272,9489
2024-05-29 02:00:00,1.1370845945745272,1.1371849239102865,1.136819407705202,1.1368682507132373,297
2024-05-29 03:00:00,1.1368682507132373,1.1369702640318715,1.1362681174341092,1.1364266985084766,9148
2024-05-29 04:00:00,1.1364266985084766,1.1369549060501876,1.1360477316349602,1.136883227153582,4497
2024-05-29 05:00:00,1.136883227153582,1.1388297345243696,1.1366355949247149,1.1386219889443867,4600
2024-05-29 06:00:00,1.1386219889443867,1.13984046949102,1.1384198126450689,1.1398284133412144,6965
2024-05-29 07:00:00,1.1398284133412144,1.1398359906814188,1.1388283275853486,1.1389925210132112,9285
2024-05-29 08:00:00,1.1389925210132112,1.1390980346364337,1.1387589077170568,1.1388797126864467,945
2024-05-29 09:00:00,1.1388797126864467,1.1393669097112926,1.137702486804356,1.1379694900534856,6390
2024-05-29 10:00:00,1.1379694900534856,1.138809261107067,1.1378668107173304,1.1385884260757584,1847
2024-05-29 11:00:00,1.1385884260757584,1.1388593182671292,1.1385735756542599,1.1387097039062648,5607
2024-05-29 12:00:00,1.1387097039062648,1.138859380542403,1.1383381458749813,1.1385934695150302,5065
2024-05-29 13:00:00,1.1385934695150302,1.1391769057735428,1.1385271507592438,1.1391604651882903,9859
2024-05-29 14:00:00,1.1391604651882903,1.1399141322312532,1.1391596826864312,1.1395405256462614,445
2024-05-29 15:00:00,1.1395405256462614,1.139786951531378,1.1394855069508727,1.1396863336807108,255
2024-05-29 16:00:00,1.1396863336807108,1.1398139397138414,1.1394307677425863,1.1394872382753822,5661
2024-05-29 17:00:00,1.1394872382753822,1.1398642143852384,1.1394796553397557,1.1398067607994142,7469
2024-05-29 18:00:00,1.1398067607994142,1.1398103553152878,1.139259423605574,1.1397990316969375,5132
2024-05-29 19:00:00,1.1397990316969375,1.1402895516696747,1.1397464683322782,1.140201946948609,8433
2024-05-29 20:00:00,1.140201946948609,1.1410557319748547,1.1401351055489959,1.140844721065066,203
2024-05-29 21:00:00,1.140844721065066,1.1410656547362865,1.1403197304629709,1.1404268585079742,1338
2024-05-29 22:00:00,1.1404268585079742,1.1407132044472792,1.1390766268751222,1.1396414602770029,7576
2024-05-29 23:00:00,1.1396414602770029,1.139870121131869,1.138499744594763,1.1387070217764805,4303
2024-05-30 00:00:00,1.1387070217764805,1.139358249252092,1.13852434355832,1.1390880314628244,3631
2024-05-30 01:00:00,1.1390880314628244,1.1393566096915004,1.1389061010576578,1.1392958251619774,3975
2024-05-30 02:00:00,1.1392958251619774,1.1406305544081727,1.1392650681289482,1.1404537325799669,8215
2024-05-30 03:00:00,1.1404537325799669,1.1404665915556844,1.1401760787647375,1.1403654510570667,1352
2024-05-30 04:00:00,1.1403654510570667,1.1406127750054953,1.1395620041438101,1.1396545330921863,7179
2024-05-30 05:00:00,1.1396545330921863,1.139720543639235,1.1384626386303023,1.1387736311758474,7209
2024-05-30 06:00:00,1.1387736311758474,1.1398609114820908,1.1385843824415243,1.1396969167536215,8499
2024-05-30 07:00:00,1.1396969167536215,1.1398948998162262,1.139199489622767,1.1392415872288746,5740
2024-05-30 08:00:00,1.1392415872288746,1.1399442369534176,1.1390133040704291,1.1396819407896255,1862
2024-05-30 09:00:00,1.1396819407896255,1.13970077608346,1.13939680928808,1.1395448759725912,9009
2024-05-30 10:00:00,1.1395448759725912,1.1398076948450808,1.139212137976952,1.1396157483781142,1528
2024-05-30 11:00:00,1.1396157483781142,1.1407332892331115,1.1393713095420928,1.1405340802450774,4376
2024-05-30 12:00:00,1.1405340802450774,1.1407603813053477,1.1401033522816217,1.1401065092362939,8105
2024-05-30 13:00:00,1.1401065092362939,1.140445317092539,1.1392622281899631,1.1394315720555483,740
2024-05-30 14:00:00,1.1394315720555483,1.1396447322562373,1.1393911946166901,1.1395444846647373,1922
2024-05-30 15:00:00,1.1395444846647373,1.1403007483960848,1.1393588702634052,1.140276486661807,5904
2024-05-30 16:00:00,1.140276486661807,1.140316704248927,1.1394095979964312,1.1396569886481198,3148
2024-05-30 17:00:00,1.1396569886481198,1.1400394242576524,1.1385255161259809,1.1387129988836682,3327
2024-05-30 18:00:00,1.1387129988836682,1.1397467328445574,1.138615238923998,1.139633760018126,2019
2024-05-30 19:00:00,1.139633760018126,1.1401122399192904,1.1394788053401113,1.1399793294364116,9702
2024-05-30 20:00:00,1.1399793294364116,1.1402981647014652,1.1395051540195176,1.139609797821753,8762
2024-05-30 21:00:00,1.139609797821753,1.140844747584036,1.1394565018671712,1.14078371305712,5899
2024-05-30 22:00:00,1.14078371305712,1.1411429683704755,1.1401087774135796,1.1401768982291285,4199
2024-05-30 23:00:00,1.1401768982291285,1.1401840587491356,1.1400023354481954,1.140029964959469,6237
2024-05-31 00:00:00,1.140029964959469,1.1404758800742913,1.138516439996038,1.138662883610656,6441
2024-05-31 01:00:00,1.138662883610656,1.138825724546133,1.1375006720952947,1.1376146871631316,7663
2024-05-31 02:00:00,1.1376146871631316,1.1384326562100093,1.1373784428362874,1.1383637672211393,9693
2024-05-31 03:00:00,1.1383637672211393,1.1387080742420936,1.1381064733224253,1.1385713020193073,9789
2024-05-31 04:00:00,1.1385713020193073,1.1391128877213303,1.1382678874119263,1.1389294143914348,678
2024-05-31 05:00:00,1.1389294143914348,1.139955271274904,1.138878143262864,1.139912675543594,5104
2024-05-31 06:00:00,1.139912675543594,1.1405163169109112,1.1398742370937023,1.1401526611701627,2700
2024-05-31 07:00:00,1.1401526611701627,1.1403392508641972,1.1396644953956172,1.1397900463929687,9034
2024-05-31 08:00:00,1.1397900463929687,1.1399216814477962,1.139008397700762,1.1394281659468324,5882
2024-05-31 09:00:00,1.1394281659468324,1.1395466701487846,1.138770116040936,1.1388961376400528,4370
2024-05-31 10:00:00,1.1388961376400528,1.1389864471383007,1.138731926276689,1.1387852306066848,2130
2024-05-31 11:00:00,1.1387852306066848,1.1388788153511515,1.1378795860589408,1.1381088960916823,5959
2024-05-31 12:00:00,1.1381088960916823,1.1381806433204815,1.137389205386902,1.1377452959371603,3207
2024-05-31 13:00:00,1.1377452959371603,1.137806487942048,1.1374494848111325,1.1377086843452604,7281
2024-05-31 14:00:00,1.1377086843452604,1.1380532935511187,1.1376347220795426,1.137696974419476,2328
2024-05-31 15:00:00,1.137696974419476,1.1379504899603827,1.1370342892579566,1.137066484357474,3364
2024-05-31 16:00:00,1.137066484357474,1.1379070211951796,1.1370460310874306,1.1377889671329646,1834
2024-05-31 17:00:00,1.1377889671329646,1.13800790554177,1.1373066488727959,1.1373109741989145,5043
2024-05-31 17:00:00,1.1373109741989145,1.1376378195853443,1.1372328002173542,1.13742618938685,5123
2024-05-31 18:00:00,1.13742618938685,1.138153229432358,1.1363604748901786,1.136778894604502,4209
2024-05-31 18:00:00,1.136778894604502,1.1370597760621073,1.1366797648539262,1.1368348449244408,9746
2024-05-31 19:00:00,1.1368348449244408,1.1368631618082996,1.136247619317268,1.1366017476917605,2226
2024-05-31 19:00:00,1.1366017476917605,1.137042409654812,1.1358630170529038,1.1359894473788419,4055
2024-05-31 20:00:00,1.1359894473788419,1.1363185159624714,1.1357295211217813,1.1362383428954694,8292
2024-05-31 20:00:00,1.1362383428954694,1.1363166035162575,1.1351550133937822,1.1353483602997576,5183
2024-05-31 21:00:00,1.1353483602997576,1.1355878449397185,1.1349661411500283,1.1351051996953612,7030
2024-05-31 21:00:00,1.1351051996953612,1.1354700967097968,1.134668964647828,1.1352583251080253,8938
2024-05-31 22:00:00,1.1352583251080253,1.1356195750025393,1.135151354243468,1.1355979082258905,6709
2024-05-31 22:00:00,1.1355979082258905,1.1361751272800948,1.1353513625574767,1.1358379784417,7778
2024-05-31 23:00:00,1.1358379784417,1.1369038518984542,1.1357053797012895,1.136645818415564,807
2024-05-31 23:00:00,1.136645818415564,1.13716972478633,1.1365552658979943,1.1370712028889673,8894
2024-06-01 00:00:00,1.1370712028889673,1.1387727463296855,1.1369770049269146,1.1385854788535197,2931
2024-06-01 01:00:00,1.1385854788535197,1.1394340526976359,1.1382516294650444,1.1393611674822088,3761
2024-06-01 02:00:00,1.1393611674822088,1.1394036434994135,1.1385194528262046,1.1386956141969014,4209
2024-06-01 03:00:00,1.1386956141969014,1.1393740726950472,1.1384674984990037,1.1392417347208539,2190
2024-06-01 04:00:00,1.1392417347208539,1.1395041854813535,1.1392362542626806,1.1393956127372817,1198
2024-06-01 05:00:00,1.1393956127372817,1.1394013825162403,1.1391200345556607,1.1391810308156303,2050
2024-06-01 06:00:00,1.1391810308156303,1.1393523638396041,1.1388933367872764,1.1389321409881776,3478
2024-06-01 07:00:00,1.1389321409881776,1.1403871081488126,1.138398005913205,1.140276936654747,3924
2024-06-01 08:00:00,1.140276936654747,1.1409746355749497,1.1401523344488873,1.1408562149783092,2982
2024-06-01 09:00:00,1.1408562149783092,1.1409297207878215,1.1405243515729298,1.1407893238337,6323
2024-06-01 10:00:00,1.1407893238337,1.1408608178708697,1.140379463663344,1.1404462889128115,2110
2024-06-01 11:00:00,1.1404462889128115,1.1409450619187589,1.1403940882149413,1.1408236968504015,593
2024-06-01 12:00:00,1.1408236968504015,1.1419482855483511,1.140517511323899,1.1417189289286258,8213
2024-06-01 13:00:00,1.1417189289286258,1.1419619057346624,1.141481796175225,1.1416667385513053,1951
2024-06-01 14:00:00,1.1416667385513053,1.1425582784044437,1.1413824378942588,1.1424752161089957,5478
2024-06-01 15:00:00,1.1424752161089957,1.1427765257057028,1.1424682652133373,1.1427385294210033,6747
2024-06-01 16:00:00,1.1427385294210033,1.1431986716329534,1.1421512892322476,1.1431169346804984,7595
2024-06-01 17:00:00,1.1431169346804984,1.1431520077286295,1.1415731146771253,1.1416212122070188,5043
2024-06-01 18:00:00,1.1416212122070188,1.1417560410080427,1.1413159748171937,1.1414592273164874,4736
2024-06-01 19:00:00,1.1414592273164874,1.141459253653733,1.1398872609957218,1.1402456174504445,7488
2024-06-01 20:00:00,1.1402456174504445,1.1415581686002212,1.1400682489185467,1.1414121692659052,6850
2024-06-01 21:00:00,1.1414121692659052,1.1418409626322297,1.1408754490088158,1.1408959254484854,4941
2024-06-01 22:00:00,1.1408959254484854,1.1413557969877328,1.1405404277905762,1.140574393125093,9710
2024-06-01 23:00:00,1.140574393125093,1.14067877137192,1.1395092549532713,1.1395649879075562,5891
2024-06-02 00:00:00,1.1395649879075562,1.1395794630106792,1.139397053312009,1.1395560081197011,8532
2024-06-02 01:00:00,1.1395560081197011,1.1395605369457285,1.1376055675326,1.1376448262561492,2500
2024-06-02 02:00:00,1.1376448262561492,1.13821907069071,1.1372616524508874,1.138094838842021,7617
2024-06-02 03:00:00,1.138094838842021,1.1389626185051531,1.1380843423055587,1.1388749367275457,8385
2024-06-02 04:00:00,1.1388749367275457,1.1398902592681541,1.138784149549865,1.1393606824254428,3498
2024-06-02 05:00:00,1.1393606824254428,1.139439234215926,1.1386081689423786,1.1389085363273046,4110
2024-06-02 06:00:00,1.1389085363273046,1.1393263702116094,1.1387470603160479,1.1392036974914848,4248
2024-06-02 07:00:00,1.1392036974914848,1.1399980031073258,1.1389731171027553,1.1395844394320302,4068
2024-06-02 08:00:00,1.1395844394320302,1.1396565803321201,1.1387995926992116,1.1388435301082163,9760
2024-06-02 09:00:00,1.1388435301082163,1.1394236313637494,1.1385412655483755,1.1392686134814003,2777
2024-06-02 10:00:00,1.1392686134814003,1.139316977063906,1.139080910223164,1.1392657298489322,2505
2024-06-02 11:00:00,1.1392657298489322,1.1393439833919137,1.137635148776277,1.137812933738089,7746
2024-06-02 12:00:00,1.137812933738089,1.1379569364444562,1.1373672820532719,1.1374488141689851,1375
2024-06-02 13:00:00,1.1374488141689851,1.1376026432249464,1.1366782878470232,1.1368650889474357,7415
2024-06-02 14:00:00,1.1368650889474357,1.136978830088755,1.1357834102704412,1.1359766660182882,9361
2024-06-02 15:00:00,1.1359766660182882,1.1363392474624199,1.1347866714020034,1.134974593305423,1241
2024-06-02 16:00:00,1.134974593305423,1.135244278807979,1.1341216825788087,1.1344311447754263,1666
2024-06-02 17:00:00,1.1344311447754263,1.1349176847698954,1.1343593964978047,1.1345784215228722,7480
2024-06-02 18:00:00,1.1345784215228722,1.1357647002232556,1.1343525244073531,1.1356310335773343,6397
2024-06-02 19:00:00,1.1356310335773343,1.1363999308648158,1.135406777659038,1.136041042147798,7714
2024-06-02 20:00:00,1.136041042147798,1.1371585936674116,1.1358820378559442,1.1368488770606873,9207
2024-06-02 21:00:00,1.1368488770606873,1.1373011016325278,1.1367198403613912,1.137174197367841,5532
2024-06-02 22:00:00,1.137174197367841,1.1375424627160218,1.13704449304194,1.1375389122067872,4636
2024-06-02 23:00:00,1.1375389122067872,1.138626460823897,1.1373957470240121,1.1384420559588615,5373
2024-06-03 00:00:00,1.1384420559588615,1.1390434601994839,1.138072523958273,1.1387762948304538,3956
2024-06-03 01:00:00,1.1387762948304538,1.1391356393592253,1.1387724430369837,1.1391162014504606,3004
2024-06-03 02:00:00,1.1391162014504606,1.1393859442098655,1.138962791406762,1.1393843584923748,6088
2024-06-03 03:00:00,1.1393843584923748,1.1395451425612226,1.1389655651477166,1.1392088707942265,6398
2024-06-03 04:00:00,1.1392088707942265,1.1392718628767176,1.138556907972378,1.1386276982499128,5756
2024-06-03 05:00:00,1.1386276982499128,1.1392144416309062,1.1384640032326867,1.1389356567247981,3893
2024-06-03 06:00:00,1.1389356567247981,1.1390198512813043,1.1387686514625244,1.1387718414079198,1760
2024-06-03 07:00:00,1.1387718414079198,1.1392252414998987,1.1386545383763962,1.1390943731256877,7952
2024-06-03 08:00:00,1.1390943731256877,1.1393334881913324,1.1385672223848964,1.1386997258141578,6193
2024-06-03 09:00:00,1.1386997258141578,1.139297824109781,1.1383687921509844,1.1392776633356891,6557
2024-06-03 10:00:00,1.1392776633356891,1.1395855346402093,1.1391882727675187,1.1392756762919334,1718
2024-06-03 11:00:00,1.1392756762919334,1.139334195241915,1.1386773925195677,1.139075199358802,693
2024-06-03 12:00:00,1.139075199358802,1.1403548321594803,1.138990770620363,1.139987243753482,2170
2024-06-03 13:00:00,1.139987243753482,1.1403058141663713,1.1396595875168547,1.1401358500933076,747
2024-06-03 14:00:00,1.1401358500933076,1.1402789589772593,1.1399510979329421,1.1400585903502871,1429
2024-06-03 15:00:00,1.1400585903502871,1.1401761573746603,1.1393292740353524,1.139446288075844,1523
2024-06-03 16:00:00,1.139446288075844,1.1402282761661784,1.1393248726375689,1.140053877473093,6030
2024-06-03 17:00:00,1.140053877473093,1.1401641341396482,1.139221958278921,1.139421986063169,9172
2024-06-03 18:00:00,1.139421986063169,1.140672054950425,1.1393848763562504,1.1404962516966348,7125
2024-06-03 19:00:00,1.1404962516966348,1.14113487584568,1.140159153218061,1.140813007170558,1334
2024-06-03 20:00:00,1.140813007170558,1.1410931411415353,1.1404482763570358,1.1405452983608966,9909
2024-06-03 21:00:00,1.1405452983608966,1.1410076399971376,1.1399704818212946,1.140698715763416,5777
2024-06-03 22:00:00,1.140698715763416,1.1411131663589928,1.140646574531022,1.1408935810863794,1556
2024-06-03 23:00:00,1.1408935810863794,1.1411076321743823,1.1399993696001578,1.1401583548036927,5579
2024-06-04 00:00:00,1.1401583548036927,1.1416176318021476,1.140127203741976,1.141397015146489,2930
2024-06-04 01:00:00,1.141397015146489,1.1420585857432715,1.1411367958077958,1.1417260302854355,9364
2024-06-04 02:00:00,1.1417260302854355,1.1417815352223308,1.1410472503235782,1.1410991859162798,3832
2024-06-04 03:00:00,1.1410991859162798,1.1418067837648718,1.1407620118858355,1.1416062218144807,7854
2024-06-04 04:00:00,1.1416062218144807,1.1416778687332836,1.1405790964484208,1.1409558586546578,7488
2024-06-04 05:00:00,1.1409558586546578,1.1410950078131523,1.1408854026311581,1.140923691040627,6979
2024-06-04 06:00:00,1.140923691040627,1.1413800234551112,1.1403940415840341,1.140616411725367,7273
2024-06-04 07:00:00,1.140616411725367,1.1407948041936782,1.1405126065815834,1.140774178581208,1178
2024-06-04 08:00:00,1.140774178581208,1.1410458500144942,1.1402829059156891,1.1404955930600627,7282
2024-06-04 09:00:00,1.1404955930600627,1.1405659279086313,1.1399517497920086,1.1403412106377866,4718
2024-06-04 10:00:00,1.1403412106377866,1.1404708900377791,1.1402685909512544,1.1404597719331393,5602
2024-06-04 11:00:00,1.1404597719331393,1.1404795367421425,1.1390823917993431,1.139239943450867,5595
2024-06-04 12:00:00,1.139239943450867,1.1392666786337982,1.1386752545764436,1.1386770711352627,5014
2024-06-04 13:00:00,1.1386770711352627,1.1390285558093434,1.1380411878023056,1.1381033956153792,5896
2024-06-04 14:00:00,1.1381033956153792,1.1382872328461147,1.1361721552753359,1.1363840234127909,7452
2024-06-04 15:00:00,1.1363840234127909,1.1378515111773135,1.1363537508320758,1.137189931186814,187
2024-06-04 16:00:00,1.137189931186814,1.1371913654290104,1.1350227801279922,1.1355192889251744,5974
2024-06-04 17:00:00,1.1355192889251744,1.136884201900579,1.1352262130396746,1.1367143972141625,4551
2024-06-04 18:00:00,1.1367143972141625,1.1371742883188964,1.1349193096826329,1.1352795187219407,1188
2024-06-04 19:00:00,1.1352795187219407,1.135757784854164,1.1351647651697117,1.1356975846073802,753
2024-06-04 20:00:00,1.1356975846073802,1.1358605813322329,1.1355758662462663,1.1358390606449884,3209
2024-06-04 21:00:00,1.1358390606449884,1.1359327553066132,1.1355435062234378,1.1359106454827028,1497
2024-06-04 22:00:00,1.1359106454827028,1.1359720442918795,1.135403649087534,1.1355205941569413,4860
2024-06-04 23:00:00,1.1355205941569413,1.1356893134794477,1.1343590198322087,1.1344035328463629,2527
2024-06-05 00:00:00,1.1344035328463629,1.1345073553215443,1.1340337451226505,1.1344714506612368,2184
2024-06-05 01:00:00,1.1344714506612368,1.1346826589825285,1.133582679350602,1.133884589675096,9030
2024-06-05 02:00:00,1.133884589675096,1.1343131318819888,1.133468682688804,1.1337566022742902,3099
2024-06-05 03:00:00,1.1337566022742902,1.1338055218882201,1.1331249143567703,1.1332975971710826,4529
2024-06-05 04:00:00,1.1332975971710826,1.1334411088989227,1.1329696004123928,1.132970496771668,2566
2024-06-05 05:00:00,1.132970496771668,1.1339747335530528,1.1328408222161261,1.1338200505677298,980
2024-06-05 06:00:00,1.1338200505677298,1.1344137744912957,1.1337482852935412,1.13390837240763,8050
2024-06-05 07:00:00,1.13390837240763,1.1341365765463676,1.1339024599502556,1.1341141237929293,6837
2024-06-05 08:00:00,1.1341141237929293,1.1349084567284429,1.1339967534851723,1.1348471381135072,9828
2024-06-05 09:00:00,1.1348471381135072,1.1350755490319777,1.1337983636787698,1.1339038831472856,6695
2024-06-05 10:00:00,1.1339038831472856,1.1339073199173628,1.132327588608921,1.1324724036190699,5136
2024-06-05 11:00:00,1.1324724036190699,1.1336580263877842,1.1322390200587955,1.133486768763052,8731
2024-06-05 12:00:00,1.133486768763052,1.1338760068025557,1.133331032213907,1.1337668757236832,2146
2024-06-05 13:00:00,1.1337668757236832,1.1342307287289821,1.1336705028605862,1.1340502457848334,2294
2024-06-05 14:00:00,1.1340502457848334,1.1340555140425828,1.1327198855933756,1.1327575813915935,9177
2024-06-05 15:00:00,1.1327575813915935,1.1332012515860028,1.132747847782961,1.1331791749498736,8589
2024-06-05 16:00:00,1.1331791749498736,1.1331892691606102,1.1320427434935978,1.1321899142087803,6613
2024-06-05 17:00:00,1.1321899142087803,1.132501238686239,1.1321666010774172,1.1324579776039894,993
2024-06-05 18:00:00,1.1324579776039894,1.1333302283109599,1.1320367763637127,1.1331914217887662,7500
2024-06-05 19:00:00,1.1331914217887662,1.1344885177485171,1.1331440924062317,1.1343920928916529,759
2024-06-05 20:00:00,1.1343920928916529,1.1345398359447614,1.1331205798168562,1.1332286076247489,223
2024-06-05 21:00:00,1.1332286076247489,1.1333752926581122,1.1327041969439973,1.132706398208323,347
2024-06-05 22:00:00,1.132706398208323,1.1328427303386024,1.1319836499383364,1.1324597274875694,9777
2024-06-05 23:00:00,1.1324597274875694,1.1333086191978183,1.1324009780172346,1.1331845663384847,1505
2024-06-06 00:00:00,1.1331845663384847,1.1333567141022798,1.1329049467355483,1.1331999678229292,7203
2024-06-06 01:00:00,1.1331999678229292,1.1333128369256888,1.1331586169422434,1.1332553200961704,1229
2024-06-06 02:00:00,1.1332553200961704,1.133490100282485,1.1326944154720573,1.1328980230064418,4873
2024-06-06 03:00:00,1.1328980230064418,1.133413415450682,1.1328834021555656,1.1332236910704403,9765
2024-06-06 04:00:00,1.1332236910704403,1.1334514476578355,1.1330552753715373,1.1331860547903836,6813
2024-06-06 05:00:00,1.1331860547903836,1.13350429784856,1.1319271693976345,1.132035724332417,2627
2024-06-06 06:00:00,1.132035724332417,1.1322172466946263,1.131732168630245,1.1318970131181185,7125
2024-06-06 07:00:00,1.1318970131181185,1.1321836571755044,1.131745356640895,1.1320547556351293,568
2024-06-06 08:00:00,1.1320547556351293,1.1329614153386245,1.1319654102619847,1.132751480515473,6609
2024-06-06 09:00:00,1.132751480515473,1.1330256730674988,1.1320762150496666,1.1325566044384567,7001
2024-06-06 10:00:00,1.1325566044384567,1.1331253931714111,1.1316681094123253,1.1319473552383725,5121
2024-06-06 11:00:00,1.1319473552383725,1.1326310302741722,1.1316383099491956,1.1323164030697637,2018
2024-06-06 12:00:00,1.1323164030697637,1.132686036898727,1.1317853866661878,1.1326728506770112,8630
2024-06-06 13:00:00,1.1326728506770112,1.1327960558187606,1.1318642087647728,1.1319221427272004,7563
2024-06-06 14:00:00,1.1319221427272004,1.1322186315329512,1.1315526358415622,1.1317402337616205,3797
2024-06-06 15:00:00,1.1317402337616205,1.1323304064136825,1.131711082033755,1.1321152195891424,3933
2024-06-06 16:00:00,1.1321152195891424,1.1325580736864616,1.1319432190941179,1.1325337762653735,4550
2024-06-06 17:00:00,1.1325337762653735,1.1329156989428248,1.132355106812852,1.1328274037817623,5287
2024-06-06 18:00:00,1.1328274037817623,1.133425936420615,1.1327562944475242,1.133148176399891,6392
2024-06-06 19:00:00,1.133148176399891,1.1341590804339725,1.1329706161238233,1.1341559072502818,345
2024-06-06 20:00:00,1.1341559072502818,1.134407566527332,1.1339978924532896,1.134041415537833,5895
2024-06-06 21:00:00,1.134041415537833,1.1343026716329787,1.1335445090163534,1.1337898921516125,9278
2024-06-06 22:00:00,1.1337898921516125,1.134916758203485,1.1336383411955708,1.1347217539264973,8938
2024-06-06 23:00:00,1.1347217539264973,1.1348026095753398,1.1342821744150349,1.1344455220014078,7136
2024-06-07 00:00:00,1.1344455220014078,1.1350509753955904,1.1343353099765645,1.1347636450371545,8735
2024-06-07 01:00:00,1.1347636450371545,1.13500216627815,1.1334526442867114,1.1336919122665534,5403
2024-06-07 02:00:00,1.1336919122665534,1.1337526849524497,1.1325520464222207,1.1325955774464485,8578
2024-06-07 03:00:00,1.1325955774464485,1.132746121294829,1.1322058592766282,1.1325010822515413,6939
2024-06-07 04:00:00,1.1325010822515413,1.1326295064523166,1.1316692719964065,1.1318212023485732,9140
2024-06-07 05:00:00,1.1318212023485732,1.1320193744993765,1.1314707934972208,1.131592126285371,9800
2024-06-07 06:00:00,1.131592126285371,1.1324702733656993,1.1312427144564603,1.1321108446321735,434
2024-06-07 07:00:00,1.1321108446321735,1.1321620014826388,1.1315539160757841,1.131678931435185,986
2024-06-07 08:00:00,1.131678931435185,1.132395084242855,1.131530329496375,1.1322298938010698,4367
2024-06-07 09:00:00,1.1322298938010698,1.1326114049673166,1.1319535012440725,1.1324245501637893,974
2024-06-07 10:00:00,1.1324245501637893,1.1331176956060514,1.1323721926290644,1.1328906323498036,2666
2024-06-07 11:00:00,1.1328906323498036,1.1338875267097637,1.1326042166290227,1.1338811399317534,1430
2024-06-07 12:00:00,1.1338811399317534,1.133964586898801,1.1330407627598198,1.133314921126581,1873
2024-06-07 13:00:00,1.133314921126581,1.1341639821066942,1.1331859593393023,1.1340163951214417,8191
2024-06-07 14:00:00,1.1340163951214417,1.1341500817275714,1.1328641789014215,1.1337599957516267,3853
2024-06-07 15:00:00,1.1337599957516267,1.1347598622871558,1.1334460789383705,1.1346352262240942,4606
2024-06-07 16:00:00,1.1346352262240942,1.1362709671346498,1.1343394083664746,1.1359043443049701,1544
2024-06-07 17:00:00,1.1359043443049701,1.1360931324336365,1.134872176846245,1.1349368673190972,6730
2024-06-07 17:00:00,1.1349368673190972,1.1357067586712186,1.1349355750002814,1.1353258226948022,8073
2024-06-07 18:00:00,1.1353258226948022,1.1370377063009376,1.1349239796259971,1.136947564989102,4695
2024-06-07 18:00:00,1.136947564989102,1.1369888661141312,1.1365908686435287,1.1366087143009036,667
2024-06-07 19:00:00,1.1366087143009036,1.1370705281587965,1.1365264422453896,1.1368280237693797,9989
2024-06-07 19:00:00,1.1368280237693797,1.1370195057384263,1.1364063945041298,1.136651274458774,4864
2024-06-07 20:00:00,1.136651274458774,1.1367541282530882,1.1362759540744474,1.136455919973674,6736
2024-06-07 20:00:00,1.136455919973674,1.1365979038002643,1.1356437395927752,1.135862150675063,5907
2024-06-07 21:00:00,1.135862150675063,1.136257291695309,1.1357292077161378,1.135744171400208,9392
2024-06-07 21:00:00,1.135744171400208,1.1371555184525324,1.1357408111370124,1.1369500801405243,145
2024-06-07 22:00:00,1.1369500801405243,1.1371060887721542,1.1367599995833622,1.1368809346196886,2906
2024-06-07 22:00:00,1.1368809346196886,1.1380478797639786,1.1366721504236388,1.1378823844137262,9830
2024-06-07 23:00:00,1.1378823844137262,1.1384718664317526,1.1377481324805108,1.1382545146363472,2883
2024-06-07 23:00:00,1.1382545146363472,1.1385275803860024,1.1371575184315716,1.137198178080487,7226
2024-06-08 00:00:00,1.137198178080487,1.1380208517751125,1.1371375259249537,1.1378273204894547,860
2024-06-08 01:00:00,1.1378273204894547,1.1378675056307677,1.1369861601360252,1.1370884811540989,6320
2024-06-08 02:00:00,1.1370884811540989,1.1372058043012108,1.1360537252482277,1.1361834082100195,6228
2024-06-08 03:00:00,1.1361834082100195,1.1364598358089888,1.1358384917485977,1.1360761041238479,1612
2024-06-08 04:00:00,1.1360761041238479,1.136776194581665,1.1360596981379703,1.1365836948146812,5450
2024-06-08 05:00:00,1.1365836948146812,1.1368188417040146,1.1362873033204293,1.1362956069142829,760
2024-06-08 06:00:00,1.1362956069142829,1.136438654050629,1.1360754469531984,1.1363056328403247,6350
2024-06-08 07:00:00,1.1363056328403247,1.1364511259815715,1.1354877437960647,1.1357318266382268,797
2024-06-08 08:00:00,1.1357318266382268,1.1359319777966959,1.135418735706235,1.1358575141259817,8066
2024-06-08 09:00:00,1.1358575141259817,1.1362719077152035,1.1357684347715589,1.1360398980294222,9322
2024-06-08 10:00:00,1.1360398980294222,1.1362005348811515,1.1360361387910252,1.136148639116534,924
2024-06-08 11:00:00,1.136148639116534,1.1362520942020062,1.1359437775327266,1.1360696251687856,1078
2024-06-08 12:00:00,1.1360696251687856,1.1362529251628561,1.1359358695210293,1.136070562444142,5561
2024-06-08 13:00:00,1.136070562444142,1.1363852318340633,1.1354383582373433,1.1354687613929109,9595
2024-06-08 14:00:00,1.1354687613929109,1.1357134943438099,1.13524730679851,1.1356349255656564,1824
2024-06-08 15:00:00,1.1356349255656564,1.1361006598639904,1.1354213161379831,1.135688591555223,6320
2024-06-08 16:00:00,1.135688591555223,1.13680922554255,1.1356762339011772,1.1367959077771694,6367
2024-06-08 17:00:00,1.1367959077771694,1.137604507561915,1.1365694503022017,1.137263062363001,2431
2024-06-08 18:00:00,1.137263062363001,1.1375045475128323,1.1359155802417833,1.1359868887275117,7088
2024-06-08 19:00:00,1.1359868887275117,1.1361571116848785,1.1356530403853642,1.1358974855292825,3929
2024-06-08 20:00:00,1.1358974855292825,1.1362447584244046,1.1357700950212835,1.135996023801567,6851
2024-06-08 21:00:00,1.135996023801567,1.1362004788637565,1.1359019452531651,1.1361422124625316,8848
2024-06-08 22:00:00,1.1361422124625316,1.1368579386844653,1.1360291724191147,1.1367270009858637,9414
2024-06-08 23:00:00,1.1367270009858637,1.1374276077926373,1.1366345011552237,1.137245142689824,8155
2024-06-09 00:00:00,1.137245142689824,1.1381622866617573,1.1370841852011186,1.1380654827371182,2215
2024-06-09 01:00:00,1.1380654827371182,1.1383685620869708,1.1377686442882526,1.1379215028045366,2225
2024-06-09 02:00:00,1.1379215028045366,1.1381727470734249,1.1369964264767543,1.13702480208528,3317
2024-06-09 03:00:00,1.13702480208528,1.1371655007898223,1.1358984160603427,1.1360972981165862,8366
2024-06-09 04:00:00,1.1360972981165862,1.137120904306459,1.1360486019026597,1.1369560738337678,6070
2024-06-09 05:00:00,1.1369560738337678,1.137023158097864,1.136067066105925,1.1361648215149076,8805
2024-06-09 06:00:00,1.1361648215149076,1.1377470273980215,1.1359290222803162,1.137620414088522,6118
2024-06-09 07:00:00,1.137620414088522,1.1377841919282994,1.1373959857417382,1.1376715786883405,7936
2024-06-09 08:00:00,1.1376715786883405,1.1381047540460623,1.1376527299196355,1.1379641874834752,5981
2024-06-09 09:00:00,1.1379641874834752,1.1386067268144975,1.13791162411497,1.1384295796943706,7315
2024-06-09 10:00:00,1.1384295796943706,1.1388681018631752,1.1381662657357932,1.1386864089956708,4329
2024-06-09 11:00:00,1.1386864089956708,1.1389434049386231,1.1385253947365834,1.13855657995608,7070
2024-06-09 12:00:00,1.13855657995608,1.1386324046826939,1.1374099627742265,1.1375165029917373,3190
2024-06-09 13:00:00,1.1375165029917373,1.1378258797954297,1.137329091456444,1.1377854417283522,2131
2024-06-09 14:00:00,1.1377854417283522,1.1384402937997111,1.1373814564935638,1.1381032809306444,3506
2024-06-09 15:00:00,1.1381032809306444,1.1389993331771262,1.1379931832785908,1.1388145366413023,4090
2024-06-09 16:00:00,1.1388145366413023,1.1390027320935587,1.1377347040346444,1.1380123625209413,8822
2024-06-09 17:00:00,1.1380123625209413,1.1380402530141471,1.137315843371622,1.137472336575997,8132
2024-06-09 18:00:00,1.137472336575997,1.1377283157703417,1.1373700490702403,1.1377142210555662,8725
2024-06-09 19:00:00,1.1377142210555662,1.137792317914341,1.1370544121903532,1.1372694363401497,1729
2024-06-09 20:00:00,1.1372694363401497,1.1372921406394452,1.1371990095306104,1.1372472253258916,3807
2024-06-09 21:00:00,1.1372472253258916,1.1372760485984477,1.13551135194308,1.1356692983680063,6376
2024-06-09 22:00:00,1.1356692983680063,1.1360090491077164,1.1354876301176648,1.1358620619128654,8358
2024-06-09 23:00:00,1.1358620619128654,1.1369771259810455,1.1357564079250824,1.1367286131804855,8959
2024-06-10 00:00:00,1.1367286131804855,1.1370446976547524,1.1366513657627433,1.1367912429254887,249
2024-06-10 01:00:00,1.1367912429254887,1.1382029990542217,1.13663426518799,1.1381897441067528,1232
2024-06-10 02:00:00,1.1381897441067528,1.1382250791252944,1.1377059267054135,1.1378653138905452,7762
2024-06-10 03:00:00,1.1378653138905452,1.1388249963954287,1.137559304402233,1.138518271826282,4810
2024-06-10 04:00:00,1.138518271826282,1.1389514794384503,1.138355795555344,1.1388291136751023,5300
2024-06-10 05:00:00,1.1388291136751023,1.1390959680322432,1.1386128918055376,1.138960600501421,639
2024-06-10 06:00:00,1.138960600501421,1.1397072239807418,1.1387323095857567,1.1394404962683697,1921
2024-06-10 07:00:00,1.1394404962683697,1.1407911851670327,1.1392087376550848,1.140762459000235,8766
2024-06-10 08:00:00,1.140762459000235,1.1409791921669206,1.139439204517787,1.139452969249328,2401
2024-06-10 09:00:00,1.139452969249328,1.1395515123332203,1.1390167542276541,1.1390775672792672,2640
2024-06-10 10:00:00,1.1390775672792672,1.1392572653766218,1.1383713180300021,1.1384254753293979,2718
2024-06-10 11:00:00,1.1384254753293979,1.1394566301649798,1.1381391481320102,1.1391024386543103,7472
2024-06-10 12:00:00,1.1391024386543103,1.1391129494866943,1.138167150762797,1.1383978163154764,2949
2024-06-10 13:00:00,1.1383978163154764,1.1386756435670125,1.1382430111854038,1.1384339555691851,7993
2024-06-10 14:00:00,1.1384339555691851,1.1384643250791135,1.1381603454859772,1.138297557791286,5444
2024-06-10 15:00:00,1.138297557791286,1.138610528676277,1.1379249314522295,1.138078060073526,6673
2024-06-10 16:00:00,1.138078060073526,1.138082834267188,1.1367119526742797,1.1368602669260583,5698
2024-06-10 17:00:00,1.1368602669260583,1.1378451254307713,1.136758680392066,1.1376255967580555,3588
2024-06-10 18:00:00,1.1376255967580555,1.1377274970346205,1.136780841370879,1.136988934832457,5592
2024-06-10 19:00:00,1.136988934832457,1.1371048345799772,1.136701399369173,1.136754241226172,3582
2024-06-10 20:00:00,1.136754241226172,1.1371244718080944,1.1366030461679089,1.1369298043181717,5894
2024-06-10 21:00:00,1.1369298043181717,1.1370079443333378,1.1368976657446788,1.1369701480844354,8541
2024-06-10 22:00:00,1.1369701480844354,1.1373196938712207,1.136668514242561,1.1372222765593976,658
2024-06-10 23:00:00,1.1372222765593976,1.137588001611886,1.136158781999573,1.1363291003660734,9877
2024-06-11 00:00:00,1.1363291003660734,1.136439909242891,1.1359973374865102,1.1360329854352913,5869
2024-06-11 01:00:00,1.1360329854352913,1.137149784207908,1.1354823395331306,1.1369890780156224,2431
2024-06-11 02:00:00,1.1369890780156224,1.137271497290558,1.136748079079907,1.1368418932034956,6924
2024-06-11 03:00:00,1.1368418932034956,1.1377812347842207,1.1368016836706392,1.1374952287064364,5188
2024-06-11 04:00:00,1.1374952287064364,1.1391100475138263,1.1372400743422848,1.138883526055722,1824
2024-06-11 05:00:00,1.138883526055722,1.1390442079476804,1.1376277707437068,1.1377284980709423,1686
2024-06-11 06:00:00,1.1377284980709423,1.1377577451267469,1.1375770182261975,1.1376952761440562,4936
2024-06-11 07:00:00,1.1376952761440562,1.1388179072688882,1.137691003669568,1.1384539003063348,2892
2024-06-11 08:00:00,1.1384539003063348,1.1386827512695876,1.138236135250324,1.1383718760767465,6688
2024-06-11 09:00:00,1.1383718760767465,1.1391450066265119,1.1380739154636734,1.1389033681348402,516
2024-06-11 10:00:00,1.1389033681348402,1.1395520253836553,1.1388811920342616,1.139326316228149,6705
2024-06-11 11:00:00,1.139326316228149,1.140467660533113,1.1388128290462012,1.1404399470084334,903
2024-06-11 12:00:00,1.1404399470084334,1.1407942082469127,1.1402739000817,1.1404814159795407,3050
2024-06-11 13:00:00,1.1404814159795407,1.1411105006265856,1.1400247598880353,1.1411082589959465,1669
2024-06-11 14:00:00,1.1411082589959465,1.1417045664648238,1.1410574280897716,1.1415150818858202,8589
2024-06-11 15:00:00,1.1415150818858202,1.1417204827681777,1.1399797366246713,1.1399804863314318,3332
2024-06-11 16:00:00,1.1399804863314318,1.1412602522251276,1.139963850199411,1.1411894102727944,9073
2024-06-11 17:00:00,1.1411894102727944,1.1419130935852864,1.1409682916437365,1.1418485594591379,3132
2024-06-11 18:00:00,1.1418485594591379,1.1418615213098502,1.141301647427503,1.1413426844056502,4607
2024-06-11 19:00:00,1.1413426844056502,1.141432161664945,1.140123109234099,1.1402043806043731,4821
2024-06-11 20:00:00,1.1402043806043731,1.1405085007847258,1.1397395167539979,1.1399918689860769,8714
2024-06-11 21:00:00,1.1399918689860769,1.1401618698396707,1.13898905307869,1.1391094403261106,9409
2024-06-11 22:00:00,1.1391094403261106,1.1392459483353414,1.138598788105968,1.1387021416194774,4738
2024-06-11 23:00:00,1.1387021416194774,1.139584304656954,1.1384969345699663,1.1394469286099964,4071
2024-06-12 00:00:00,1.1394469286099964,1.1400321976876866,1.1391562017798214,1.1397428210943346,7729
2024-06-12 01:00:00,1.1397428210943346,1.140062858951687,1.139257476167014,1.139398780321698,7623
2024-06-12 02:00:00,1.139398780321698,1.1395789426699003,1.1393008709559709,1.1393646901628212,8827
2024-06-12 03:00:00,1.1393646901628212,1.1394986006280963,1.1387513501301214,1.1390581863222589,2365
2024-06-12 04:00:00,1.1390581863222589,1.140187615532634,1.138703780756574,1.1401513237312455,9669
2024-06-12 05:00:00,1.1401513237312455,1.1401861972487992,1.1387990994673867,1.139051399265547,3748
2024-06-12 06:00:00,1.139051399265547,1.1394227577900244,1.1387515968519004,1.1392328377412115,7994
2024-06-12 07:00:00,1.1392328377412115,1.139348642535477,1.1392040272949062,1.1393410497898349,9415
2024-06-12 08:00:00,1.1393410497898349,1.1395793906969203,1.1393029526502738,1.1394130440692507,520
2024-06-12 09:00:00,1.1394130440692507,1.139957062917295,1.139398571991269,1.1397704951388226,7573
2024-06-12 10:00:00,1.1397704951388226,1.139910111831806,1.138413840072222,1.1389647443979016,6672
2024-06-12 11:00:00,1.1389647443979016,1.1390150559731393,1.1387832682073489,1.1389708851171134,414
2024-06-12 12:00:00,1.1389708851171134,1.1394564905619609,1.1387777704053548,1.1393672108621977,6333
2024-06-12 13:00:00,1.1393672108621977,1.139367542033322,1.1391018918392726,1.1391722968050304,2586
2024-06-12 14:00:00,1.1391722968050304,1.1399142541464908,1.1388883317423388,1.139400737122904,5470
2024-06-12 15:00:00,1.139400737122904,1.1395068531940336,1.1389340488175763,1.1389449169857837,1700
2024-06-12 16:00:00,1.1389449169857837,1.1389992334258143,1.138040250780726,1.1382421097718818,5455
2024-06-12 17:00:00,1.1382421097718818,1.1383883619665471,1.1370210824546307,1.137505358405006,2717
2024-06-12 18:00:00,1.137505358405006,1.138113346882098,1.137331205129718,1.137910018240635,199
2024-06-12 19:00:00,1.137910018240635,1.1380758729779483,1.1371793538224804,1.1372103239121425,9182
2024-06-12 20:00:00,1.1372103239121425,1.1379172900177978,1.1371663298948078,1.1377694627059518,9103
2024-06-12 21:00:00,1.1377694627059518,1.1388907463649915,1.1376355914867018,1.1386372789717982,9713
2024-06-12 22:00:00,1.1386372789717982,1.138816468372516,1.1381760494177282,1.1382302562683004,4143
2024-06-12 23:00:00,1.1382302562683004,1.1382915802256968,1.1370616859762719,1.1370913787125814,8536
2024-06-13 00:00:00,1.1370913787125814,1.1373171747409478,1.137011085340885,1.137161265845876,3552
2024-06-13 01:00:00,1.137161265845876,1.138118772027983,1.137096948308991,1.1380338550087736,6405
2024-06-13 02:00:00,1.1380338550087736,1.1382155378565908,1.1373487377938905,1.1374908925989256,1113
2024-06-13 03:00:00,1.1374908925989256,1.1377750061496763,1.1371668608619343,1.1375962537901987,4489
2024-06-13 04:00:00,1.1375962537901987,1.1384470568577651,1.1375651221306644,1.1381854062066803,345
2024-06-13 05:00:00,1.1381854062066803,1.1388494067743016,1.1381663761042689,1.1385786284024368,9499
2024-06-13 06:00:00,1.1385786284024368,1.139262747029682,1.138418924324,1.1391788786551897,3620
2024-06-13 07:00:00,1.1391788786551897,1.139470313194874,1.1379964130482578,1.1380286986278645,3339
2024-06-13 08:00:00,1.1380286986278645,1.138736986221748,1.1378470095947353,1.1384354691947953,9931
2024-06-13 09:00:00,1.1384354691947953,1.1389341418404895,1.1381690202774426,1.1388477916054833,3576
2024-06-13 10:00:00,1.1388477916054833,1.1389433544360674,1.1374228952357157,1.1377182796401586,7683
2024-06-13 11:00:00,1.1377182796401586,1.1380229680517857,1.1375806802062007,1.137616744456036,3695
2024-06-13 12:00:00,1.137616744456036,1.137657521149832,1.1373647315679722,1.1375079149960694,7933
2024-06-13 13:00:00,1.1375079149960694,1.1375786508712475,1.1361568129077084,1.1363001584372519,1139
2024-06-13 14:00:00,1.1363001584372519,1.1364069710285152,1.1354670013271624,1.1354835193922457,6449
2024-06-13 15:00:00,1.1354835193922457,1.1360297573605271,1.1350992719088278,1.1358773445857546,8187
2024-06-13 16:00:00,1.1358773445857546,1.1359150279551364,1.1356511588912532,1.135734291565761,9278
2024-06-13 17:00:00,1.135734291565761,1.1358181299774834,1.1354123832343532,1.1358164224544476,1059
2024-06-13 18:00:00,1.1358164224544476,1.1361009761232566,1.1356252503331425,1.1360023526178133,2352
2024-06-13 19:00:00,1.1360023526178133,1.136006406996238,1.1349665931281132,1.1352730374855613,4352
2024-06-13 20:00:00,1.1352730374855613,1.1356299646069512,1.1351306136692043,1.1352111573070582,5634
2024-06-13 21:00:00,1.1352111573070582,1.1361606599725564,1.135178140774584,1.1359677284547773,5026
2024-06-13 22:00:00,1.1359677284547773,1.1375467605684195,1.1357749808793427,1.137323474418663,398
2024-06-13 23:00:00,1.137323474418663,1.137352823913104,1.136527992742175,1.136593984499743,118
2024-06-14 00:00:00,1.136593984499743,1.1366891864997473,1.1357701405864338,1.1357896995858505,9814
2024-06-14 01:00:00,1.1357896995858505,1.1373663083511039,1.1356176625436942,1.1370869887818593,8991
2024-06-14 02:00:00,1.1370869887818593,1.137128973992342,1.1362551295424395,1.1363816173500547,6539
2024-06-14 03:00:00,1.1363816173500547,1.1370675853694383,1.1361765904291432,1.1369603273569253,724
2024-06-14 04:00:00,1.1369603273569253,1.1370994564469494,1.1365812015352186,1.136769388725747,2516
2024-06-14 05:00:00,1.136769388725747,1.137589215586227,1.1367652279209925,1.1374916128889518,1252
2024-06-14 06:00:00,1.1374916128889518,1.1379448887426,1.137243088859963,1.1377196985633728,1398
2024-06-14 07:00:00,1.1377196985633728,1.1377219650390464,1.137572027687873,1.137707248010603,475
2024-06-14 08:00:00,1.137707248010603,1.1378108774060052,1.1373425762181957,1.1377819600525398,5307
2024-06-14 09:00:00,1.1377819600525398,1.1387023859551835,1.1377392246184221,1.1386319836369654,4092
2024-06-14 10:00:00,1.1386319836369654,1.1388302720938446,1.1374562583019634,1.1376321795637963,5159
2024-06-14 11:00:00,1.1376321795637963,1.137719708653146,1.137375783891321,1.1376823232426352,6459
2024-06-14 12:00:00,1.1376823232426352,1.138582302347047,1.1376522065329602,1.138347140150979,1482
2024-06-14 13:00:00,1.138347140150979,1.1388131009140745,1.1380585170931434,1.1383651425880013,951
2024-06-14 14:00:00,1.1383651425880013,1.138884166850422,1.1380948330971483,1.1388389984836145,5700
2024-06-14 15:00:00,1.1388389984836145,1.1389632254433737,1.1385454445093524,1.1387340371838424,9599
2024-06-14 16:00:00,1.1387340371838424,1.1401805771921252,1.1385440288077893,1.1399257652634718,8774
2024-06-14 17:00:00,1.1399257652634718,1.1399927904900866,1.1390342876012798,1.1391072079620208,9339
2024-06-14 17:00:00,1.1391072079620208,1.1395337218582964,1.1388878829531914,1.139361782848037,5263
2024-06-14 18:00:00,1.139361782848037,1.1398548852845043,1.139239802306647,1.139692090925326,9210
2024-06-14 18:00:00,1.139692090925326,1.1398466256034583,1.1387300379986875,1.1388872976448676,2628
2024-06-14 19:00:00,1.1388872976448676,1.139906981813769,1.1387831620914517,1.1398337163170609,6321
2024-06-14 19:00:00,1.1398337163170609,1.140719841260388,1.1397936975052352,1.1404221896178235,2465
2024-06-14 20:00:00,1.1404221896178235,1.1407468117802835,1.1399893943511632,1.1404557121218677,8195
2024-06-14 20:00:00,1.1404557121218677,1.140776755110037,1.1402791271607504,1.1406848600236463,4711
2024-06-14 21:00:00,1.1406848600236463,1.140843002147544,1.138835398830915,1.1391264935260386,6113
2024-06-14 21:00:00,1.1391264935260386,1.1408745019025632,1.1388681504045344,1.1405939160880807,6018
2024-06-14 22:00:00,1.1405939160880807,1.140682570058297,1.1404778833436557,1.1406045165521106,1834
2024-06-14 22:00:00,1.1406045165521106,1.1406355822767866,1.1404673296513206,1.1406158077516548,1636
2024-06-14 23:00:00,1.1406158077516548,1.140923798600887,1.1405731484365285,1.140816749460099,9841
2024-06-14 23:00:00,1.140816749460099,1.1420488211350703,1.1407000627462678,1.1418406200914135,1345
2024-06-15 00:00:00,1.1418406200914135,1.142286919358454,1.141208574145349,1.1412790699344664,2633
2024-06-15 01:00:00,1.1412790699344664,1.141625093288308,1.1407873998096498,1.1411233488749537,1914
2024-06-15 02:00:00,1.1411233488749537,1.1420262937671566,1.140876282079093,1.1420005480310087,3626
2024-06-15 03:00:00,1.1420005480310087,1.1422667088141367,1.1416556410178673,1.1417235081867505,9423
2024-06-15 04:00:00,1.1417235081867505,1.1420122518606695,1.141612400573567,1.141708960711304,6730
2024-06-15 05:00:00,1.141708960711304,1.1426166066383345,1.1416533447921893,1.1425586443992213,4588
2024-06-15 06:00:00,1.1425586443992213,1.1431259983485123,1.1423924678664503,1.1429883413268147,4314
2024-06-15 07:00:00,1.1429883413268147,1.1440289930627328,1.1428784073641172,1.143852515202117,1873
2024-06-15 08:00:00,1.143852515202117,1.1440609739473475,1.1436344367623557,1.144015511188249,9057
2024-06-15 09:00:00,1.144015511188249,1.1455220264363455,1.143909845010427,1.1452502364460921,6146
2024-06-15 10:00:00,1.1452502364460921,1.1457873701617052,1.1450181868197262,1.1455617696364648,1680
2024-06-15 11:00:00,1.1455617696364648,1.1459177020138824,1.1450446890565547,1.1451558865432927,9953
2024-06-15 12:00:00,1.1451558865432927,1.1454581052529833,1.1447413170741463,1.1449523876876404,9962
2024-06-15 13:00:00,1.1449523876876404,1.1450012785775616,1.1438317454144455,1.144039513356842,8278
2024-06-15 14:00:00,1.144039513356842,1.144329229140444,1.144033076166653,1.144323595758754,1187
2024-06-15 15:00:00,1.144323595758754,1.1446609098073703,1.144159147346869,1.1443128120456083,7273
2024-06-15 16:00:00,1.1443128120456083,1.144403715351931,1.1442481413117205,1.1443725535354947,3589
2024-06-15 17:00:00,1.1443725535354947,1.1444339198843725,1.143713314138106,1.1437143427662144,6260
2024-06-15 18:00:00,1.1437143427662144,1.1440884941345761,1.1434347263582307,1.1438825630834377,8111
2024-06-15 19:00:00,1.1438825630834377,1.1450893724292959,1.143779163022935,1.144985647429043,2700
2024-06-15 20:00:00,1.144985647429043,1.145464917850337,1.144937935814915,1.1453763744364307,2589
2024-06-15 21:00:00,1.1453763744364307,1.145425456384785,1.14509840456009,1.1453094776694401,6609
2024-06-15 22:00:00,1.1453094776694401,1.1455231098764154,1.1451043763997841,1.145296648471748,7622
2024-06-15 23:00:00,1.145296648471748,1.145786516426162,1.1451763324626676,1.145605492589528,9728
2024-06-16 00:00:00,1.145605492589528,1.1458157169390797,1.145024052440985,1.145189884225482,915
2024-06-16 01:00:00,1.145189884225482,1.1459620857369792,1.145161427086993,1.1457478818244728,8130
2024-06-16 02:00:00,1.1457478818244728,1.1459237124642916,1.1456248728146212,1.1456518817349939,8523
2024-06-16 03:00:00,1.1456518817349939,1.146509846407095,1.1455214481579707,1.1463375638612578,9776
2024-06-16 04:00:00,1.1463375638612578,1.1464109925754673,1.1450853339322717,1.1453099278065888,7357
2024-06-16 05:00:00,1.1453099278065888,1.1457736024297291,1.1452319753793656,1.1456902613330109,7417
2024-06-16 06:00:00,1.1456902613330109,1.1457598828020512,1.1453474723303987,1.1453905862226705,8139
2024-06-16 07:00:00,1.1453905862226705,1.1454726875809678,1.144332062046465,1.1443339644144532,1578
2024-06-16 08:00:00,1.1443339644144532,1.1446493343795712,1.1436820458716512,1.1438496417145871,4584
2024-06-16 09:00:00,1.1438496417145871,1.1438568975731147,1.1437398301224728,1.143831352070861,1431
2024-06-16 10:00:00,1.143831352070861,1.144069497800657,1.1426983441245768,1.1430506445032753,1380
2024-06-16 11:00:00,1.1430506445032753,1.1434929111089955,1.1427688781815448,1.1429958630378647,2521
2024-06-16 12:00:00,1.1429958630378647,1.143187172930222,1.1422338627923079,1.142436070218317,2339
2024-06-16 13:00:00,1.142436070218317,1.1432807497879298,1.142384723457621,1.1431772056351244,1505
2024-06-16 14:00:00,1.1431772056351244,1.1433731834965968,1.1430950186198097,1.143323836040486,7703
2024-06-16 15:00:00,1.143323836040486,1.143555633740402,1.1432108617416448,1.143349468715058,8470
2024-06-16 16:00:00,1.143349468715058,1.143526661228658,1.1429401763681901,1.1432913299397418,6465
2024-06-16 17:00:00,1.1432913299397418,1.1435636375803113,1.1416645259760245,1.1416677672959212,8184
2024-06-16 18:00:00,1.1416677672959212,1.1421541153661083,1.1416528110365909,1.14214287858243,8842
2024-06-16 19:00:00,1.14214287858243,1.1430744592747328,1.1420187125933718,1.1427946397788802,6227
2024-06-16 20:00:00,1.1427946397788802,1.1429401327401711,1.1420329281749235,1.1422764377793138,4174
2024-06-16 21:00:00,1.1422764377793138,1.1423403933875391,1.1417572819160504,1.1417767153373248,5532
2024-06-16 22:00:00,1.1417767153373248,1.1427800584782908,1.1417713132264644,1.142597444317105,5004
2024-06-16 23:00:00,1.142597444317105,1.142739653537614,1.1413924734752503,1.1416266816831826,5879
2024-06-17 00:00:00,1.1416266816831826,1.1428687246683662,1.141493352644591,1.1428589549897243,5753
2024-06-17 01:00:00,1.1428589549897243,1.1432919335075447,1.142487553811411,1.1427510240723413,4352
2024-06-17 02:00:00,1.1427510240723413,1.1428830844204114,1.1425092067927385,1.14284200176632,6033
2024-06-17 03:00:00,1.14284200176632,1.1429726084126357,1.1427516145387187,1.142842589661574,8492
2024-06-17 04:00:00,1.142842589661574,1.1434113731085367,1.142711405833642,1.143027170480772,7656
2024-06-17 05:00:00,1.143027170480772,1.1434291171541457,1.1418544237657462,1.141964234651978,3995
2024-06-17 06:00:00,1.141964234651978,1.1431624841014654,1.1417608051171022,1.1429228117920656,9638
2024-06-17 07:00:00,1.1429228117920656,1.1440743357138563,1.1427584989671407,1.1436673858822257,4540
2024-06-17 08:00:00,1.1436673858822257,1.1439128506457816,1.143624027626705,1.1437873709486575,2563
2024-06-17 09:00:00,1.1437873709486575,1.1438806341062266,1.1436239986486145,1.1438550143293549,2244
2024-06-17 10:00:00,1.1438550143293549,1.1441554921256927,1.1429534119667013,1.1429748492596579,6197
2024-06-17 11:00:00,1.1429748492596579,1.1433390089305118,1.1429206069646018,1.143282393115792,8912
2024-06-17 12:00:00,1.143282393115792,1.1441556512610787,1.1432355542854924,1.1438089629932018,6983
2024-06-17 13:00:00,1.1438089629932018,1.1438961522579816,1.1434062464516934,1.1435397230723214,1877
2024-06-17 14:00:00,1.1435397230723214,1.1436803766386299,1.1434055245419037,1.14362187339992,3980
2024-06-17 15:00:00,1.14362187339992,1.1444808547060399,1.1434138797695965,1.1444572858408115,6784
2024-06-17 16:00:00,1.1444572858408115,1.1449470483019595,1.1442486015632716,1.144316745717578,1232
2024-06-17 17:00:00,1.144316745717578,1.1445867354098695,1.1441814825448626,1.1443919420010198,1054
2024-06-17 18:00:00,1.1443919420010198,1.1448379680516028,1.1436175289467583,1.1436702945928383,231
2024-06-17 19:00:00,1.1436702945928383,1.143945599124786,1.142658228977218,1.1426984423752242,704
2024-06-17 20:00:00,1.1426984423752242,1.1428515386193125,1.1419413341067957,1.1419500432412115,4761
2024-06-17 21:00:00,1.1419500432412115,1.1430866848344559,1.14194308077826,1.1427034246812564,7509
2024-06-17 22:00:00,1.1427034246812564,1.1429238492603104,1.1425853522396334,1.1428528856366746,1500
2024-06-17 23:00:00,1.1428528856366746,1.1430951387359733,1.1425761131661363,1.1427358141470594,6547
2024-06-18 00:00:00,1.1427358141470594,1.1437810725998125,1.142439615666236,1.143697537579682,2648
2024-06-18 01:00:00,1.143697537579682,1.143844932217965,1.1436927688260548,1.1438436114358683,5859
2024-06-18 02:00:00,1.1438436114358683,1.144171091063643,1.1438246637407017,1.1441118319905421,1985
2024-06-18 03:00:00,1.1441118319905421,1.1455883640329654,1.1439428242881988,1.1453620191952454,438
2024-06-18 04:00:00,1.1453620191952454,1.1454111228839108,1.1444036983932993,1.1444967628969676,5903
2024-06-18 05:00:00,1.1444967628969676,1.1445971844619336,1.1441800553754309,1.1442420905408675,6658
2024-06-18 06:00:00,1.1442420905408675,1.1452934670888706,1.1440249068585662,1.1451172644194376,1010
2024-06-18 07:00:00,1.1451172644194376,1.1453844481947284,1.1450390287867105,1.1452299975805518,4096
2024-06-18 08:00:00,1.1452299975805518,1.1452993540914707,1.1450474537496267,1.1451868053221697,9145
2024-06-18 09:00:00,1.1451868053221697,1.145272201396471,1.1447995860057059,1.1450195893341208,4370
2024-06-18 10:00:00,1.1450195893341208,1.1457041639832843,1.1449545700398267,1.145626620609986,8119
2024-06-18 11:00:00,1.145626620609986,1.1457829158231463,1.1454421624300564,1.1454708050466975,5600
2024-06-18 12:00:00,1.1454708050466975,1.1464223762855952,1.1454019358657108,1.146200143225815,4714
2024-06-18 13:00:00,1.146200143225815,1.1464662335601277,1.1458777987979578,1.145907575357162,996
2024-06-18 14:00:00,1.145907575357162,1.1466487215423187,1.1457927591007406,1.1464734803439844,8524
2024-06-18 15:00:00,1.1464734803439844,1.1481670379690745,1.1463069471924083,1.147769732540679,2858
2024-06-18 16:00:00,1.147769732540679,1.1481124812555048,1.1469236911121385,1.1470170621942186,9116
2024-06-18 17:00:00,1.1470170621942186,1.147086832593657,1.14634223194721,1.1465487442912823,8416
2024-06-18 18:00:00,1.1465487442912823,1.1467418742192037,1.146294379283072,1.1463322791983503,797
2024-06-18 19:00:00,1.1463322791983503,1.1465946232849324,1.1460821283496323,1.1461805039797481,1161
2024-06-18 20:00:00,1.1461805039797481,1.146893723590527,1.1461493689022104,1.1468022610092157,347
2024-06-18 21:00:00,1.1468022610092157,1.1474286122059616,1.1465884401509825,1.1469229631858988,2019
2024-06-18 22:00:00,1.1469229631858988,1.1469601387626234,1.1463682536313917,1.1464954897291286,1711
2024-06-18 23:00:00,1.1464954897291286,1.1467848906526457,1.1459467008145332,1.1462010844752177,8432
2024-06-19 00:00:00,1.1462010844752177,1.1463201693522664,1.1455719648218465,1.1455997376196867,4292
2024-06-19 01:00:00,1.1455997376196867,1.1470907242200066,1.1455407506726647,1.1469404686789781,5874
2024-06-19 02:00:00,1.1469404686789781,1.1472124230576437,1.1468046474427116,1.1468135891940636,3763
2024-06-19 03:00:00,1.1468135891940636,1.1469161987675456,1.1457041129974357,1.1457535706225612,1477
2024-06-19 04:00:00,1.1457535706225612,1.1458379259954388,1.1457146092853228,1.1457415381036877,7255
2024-06-19 05:00:00,1.1457415381036877,1.1457887111168377,1.1453863850104122,1.1456166880395988,6718
2024-06-19 06:00:00,1.1456166880395988,1.1456511197735202,1.1451047364994957,1.1451354892654046,2963
2024-06-19 07:00:00,1.1451354892654046,1.1457529872233072,1.1449923163394904,1.145656941370926,9842
2024-06-19 08:00:00,1.145656941370926,1.1457070988923683,1.1454496487860861,1.14547618514203,9099
2024-06-19 09:00:00,1.14547618514203,1.1454925140838337,1.1453800333666415,1.1454589421735049,4730
2024-06-19 10:00:00,1.1454589421735049,1.145465215856725,1.1448902970631005,1.144903004654132,2412
2024-06-19 11:00:00,1.144903004654132,1.1451420985974652,1.1447183593144106,1.1448432806433895,8963
2024-06-19 12:00:00,1.1448432806433895,1.1448995726593671,1.144749595498873,1.1447508078640276,8596
2024-06-19 13:00:00,1.1447508078640276,1.1448455541961813,1.1440458916987215,1.1441665157163667,4979
2024-06-19 14:00:00,1.1441665157163667,1.1445238932146464,1.143925738589492,1.1444065306715259,1411
2024-06-19 15:00:00,1.1444065306715259,1.1457435655134809,1.1440186379616117,1.1456188820817605,7942
2024-06-19 16:00:00,1.1456188820817605,1.145986853964164,1.1454523606378129,1.145973430686657,4496
2024-06-19 17:00:00,1.145973430686657,1.1467815383274063,1.1457649957252372,1.1466786531637538,8427
2024-06-19 18:00:00,1.1466786531637538,1.146702727789545,1.1462228526828997,1.1462658495901663,6731
2024-06-19 19:00:00,1.1462658495901663,1.1464583723051087,1.1452878603924939,1.1452962681998933,3412
2024-06-19 20:00:00,1.1452962681998933,1.145735899053392,1.145153608564569,1.1456885354847846,2951
2024-06-19 21:00:00,1.1456885354847846,1.1464465721348938,1.1455656260372544,1.1463875318842731,3132
2024-06-19 22:00:00,1.1463875318842731,1.147095276636179,1.1461189823636098,1.1469925789634243,2506
2024-06-19 23:00:00,1.1469925789634243,1.1470042634255282,1.1464709001575981,1.146839213280895,3165
2024-06-20 00:00:00,1.146839213280895,1.1472360388942466,1.1464374164188755,1.1465428824347716,7719
2024-06-20 01:00:00,1.1465428824347716,1.146660653387314,1.146036596425616,1.1466310889692535,9533
2024-06-20 02:00:00,1.1466310889692535,1.1471367975940536,1.146626920672826,1.147127669023387,7986
2024-06-20 03:00:00,1.147127669023387,1.1477808074620857,1.1466884025764825,1.1474059963615395,8422
2024-06-20 04:00:00,1.1474059963615395,1.1477269841325097,1.1473587895235082,1.1476579566864145,726
2024-06-20 05:00:00,1.1476579566864145,1.1477577583393004,1.147186839579866,1.1475389668685334,387
2024-06-20 06:00:00,1.1475389668685334,1.14755490568201,1.1470971153138307,1.1472180901936326,5986
2024-06-20 07:00:00,1.1472180901936326,1.1473090247418212,1.1468956472661065,1.1470059269346622,2807
2024-06-20 08:00:00,1.1470059269346622,1.1470296974310663,1.146612871934667,1.146713104348681,2203
2024-06-20 09:00:00,1.146713104348681,1.1467749319861478,1.1455935495442133,1.1456059797254305,2481
2024-06-20 10:00:00,1.1456059797254305,1.1456939503780506,1.1442859986524558,1.1446438863946713,1734
2024-06-20 11:00:00,1.1446438863946713,1.1446472676337893,1.1444801533904971,1.1445511079642228,9887
2024-06-20 12:00:00,1.1445511079642228,1.1449398890142348,1.1442157778036706,1.144854905093756,8978
2024-06-20 13:00:00,1.144854905093756,1.146371418598113,1.1445196671922555,1.1462400645264428,1711
2024-06-20 14:00:00,1.1462400645264428,1.1463865598322904,1.1458117100285836,1.1459138654669645,4162
2024-06-20 15:00:00,1.1459138654669645,1.1464246824516449,1.145579988775055,1.1462826282719825,5613
2024-06-20 16:00:00,1.1462826282719825,1.1464828934989424,1.1461435170523644,1.14616146216763,8132
2024-06-20 17:00:00,1.14616146216763,1.1461886212956813,1.1457520344540777,1.1457617336263874,5383
2024-06-20 18:00:00,1.1457617336263874,1.1472027603777393,1.1455926079287895,1.1471628843936084,6029
2024-06-20 19:00:00,1.1471628843936084,1.1473689088146677,1.1465564482292625,1.1467922365096839,9286
2024-06-20 20:00:00,1.1467922365096839,1.148270838638451,1.1466289157956124,1.1481042120117149,1501
2024-06-20 21:00:00,1.1481042120117149,1.1482648204919277,1.1467247643231995,1.1470556669793726,6291
2024-06-20 22:00:00,1.1470556669793726,1.1472976801660077,1.1460145089893767,1.1460757852622092,1653
2024-06-20 23:00:00,1.1460757852622092,1.1461799860415303,1.1448316924228061,1.1449125022561126,6844
2024-06-21 00:00:00,1.1449125022561126,1.1456638334341611,1.144772588400397,1.1456544894101082,3670
2024-06-21 01:00:00,1.1456544894101082,1.1457471433239377,1.145024077506732,1.1450808131966717,6395
2024-06-21 02:00:00,1.1450808131966717,1.1452962102285678,1.1450732837222377,1.145095071211104,8951
2024-06-21 03:00:00,1.145095071211104,1.146476808085672,1.1450892363257505,1.1463177215443106,1064
2024-06-21 04:00:00,1.1463177215443106,1.1466869145804484,1.1463127920686684,1.1464817259125084,1087
2024-06-21 05:00:00,1.1464817259125084,1.1468089469346276,1.1455146913782468,1.1456792632228034,8904
2024-06-21 06:00:00,1.1456792632228034,1.1458461384851544,1.145118454819143,1.1451309575727786,7466
2024-06-21 07:00:00,1.1451309575727786,1.1464536090877078,1.1448924620922771,1.1459567802715587,2230
2024-06-21 08:00:00,1.1459567802715587,1.146352343656359,1.1457312794221415,1.1463118550215223,7321
2024-06-21 09:00:00,1.1463118550215223,1.1474608596002176,1.1462570678741362,1.1474126487572989,9568
2024-06-21 10:00:00,1.1474126487572989,1.148713938884031,1.147363924753001,1.148421318633781,5066
2024-06-21 11:00:00,1.148421318633781,1.1489201364121504,1.1481575970681455,1.1487139278643939,3606
2024-06-21 12:00:00,1.1487139278643939,1.148936744351621,1.1476887219044551,1.1478070510675236,7819
2024-06-21 13:00:00,1.1478070510675236,1.1479164947555767,1.1467647391005944,1.147122697254656,8520
2024-06-21 14:00:00,1.147122697254656,1.1474269817327738,1.1468045301878707,1.1473531329544506,1118
2024-06-21 15:00:00,1.1473531329544506,1.1475824429345365,1.1473384383435379,1.1474236261932154,9512
2024-06-21 16:00:00,1.1474236261932154,1.1477852946040201,1.1471944118279473,1.147222314633614,5390
2024-06-21 17:00:00,1.147222314633614,1.147838905546605,1.1470902628922728,1.1476954489520017,2979
2024-06-21 17:00:00,1.1476954489520017,1.1478258172663978,1.1470921197636,1.1471847023194985,6757
2024-06-21 18:00:00,1.1471847023194985,1.1472323793675563,1.1470361032373106,1.1472150404532593,3457
2024-06-21 18:00:00,1.1472150404532593,1.1487061936130638,1.1471765044672895,1.1484821677317976,5834
2024-06-21 19:00:00,1.1484821677317976,1.1492589561079667,1.1484216189732965,1.149017091214411,1646
2024-06-21 19:00:00,1.149017091214411,1.1493966102308204,1.1488648001030584,1.1493710108357778,1711
2024-06-21 20:00:00,1.1493710108357778,1.149662774662949,1.1492546070933787,1.1493008907056197,4077
2024-06-21 20:00:00,1.1493008907056197,1.1497581339967302,1.1490190938456293,1.1496399963877613,5207
2024-06-21 21:00:00,1.1496399963877613,1.1503507356931457,1.1494900629975722,1.150223683416234,4249
2024-06-21 21:00:00,1.150223683416234,1.1505681368944314,1.1492916165002254,1.149588846765254,4712
2024-06-21 22:00:00,1.149588846765254,1.1498162907446545,1.1494372336240193,1.1497768691470671,7762
2024-06-21 22:00:00,1.1497768691470671,1.1508196266858495,1.1494673409923482,1.1505961094773247,4611
2024-06-21 23:00:00,1.1505961094773247,1.1506454810558269,1.1489132017425516,1.1492252884361127,655
2024-06-21 23:00:00,1.1492252884361127,1.1502801697316283,1.1489693656122772,1.1501652110861853,8497
2024-06-22 00:00:00,1.1501652110861853,1.1510551983812647,1.1497132906806369,1.150965064745751,9293
2024-06-22 01:00:00,1.150965064745751,1.1517467415008267,1.1509046786187505,1.1514740323114987,3963
2024-06-22 02:00:00,1.1514740323114987,1.1516817631689626,1.1508176302601474,1.1512160673734173,217
2024-06-22 03:00:00,1.1512160673734173,1.151635756638139,1.150906845661331,1.1515333829579204,2627
2024-06-22 04:00:00,1.1515333829579204,1.1524444672808418,1.1514759111830906,1.152330759419864,3951
2024-06-22 05:00:00,1.152330759419864,1.1545445401364325,1.15220912870954,1.1545194619420711,3861
2024-06-22 06:00:00,1.1545194619420711,1.154925616090224,1.1545034536882282,1.154676944342702,5590
2024-06-22 07:00:00,1.154676944342702,1.1549879037782975,1.154401984748691,1.15482258698527,6471
2024-06-22 08:00:00,1.15482258698527,1.1552293963904203,1.1547343704528978,1.1550913289779308,9750
2024-06-22 09:00:00,1.1550913289779308,1.1552147887918824,1.1546735309396647,1.1548132460358371,5336
2024-06-22 10:00:00,1.1548132460358371,1.1555585017739698,1.1547326120025103,1.1552865081312353,5803
2024-06-22 11:00:00,1.1552865081312353,1.1558340961497329,1.1549737222782552,1.1554606498922968,4736
2024-06-22 12:00:00,1.1554606498922968,1.1556027347991151,1.1537206341166537,1.1539318030441406,9340
2024-06-22 13:00:00,1.1539318030441406,1.1540243126287002,1.153625102712024,1.1537005148939496,6330
2024-06-22 14:00:00,1.1537005148939496,1.1540853902378938,1.1535385590394374,1.154009593423082,3100
2024-06-22 15:00:00,1.154009593423082,1.1540962502578076,1.1523110742467526,1.1524972489045657,7522
2024-06-22 16:00:00,1.1524972489045657,1.1533496529859715,1.1524341495429011,1.1529463941238869,5615
2024-06-22 17:00:00,1.1529463941238869,1.153118805641996,1.1528392814576929,1.1528615852369941,2325
2024-06-22 18:00:00,1.1528615852369941,1.154158281326547,1.152782753617689,1.153884458453012,9397
2024-06-22 19:00:00,1.153884458453012,1.1539399543012794,1.1525670302329578,1.1527745235668707,6087
2024-06-22 20:00:00,1.1527745235668707,1.1544573327115275,1.1525484906284176,1.1542642563073866,3093
2024-06-22 21:00:00,1.1542642563073866,1.1543112722473488,1.1541222877754977,1.1542688901286533,8822
2024-06-22 22:00:00,1.1542688901286533,1.1544744889432967,1.1539472945988694,1.154043118424426,4962
2024-06-22 23:00:00,1.154043118424426,1.1546199788923768,1.153991032307127,1.1543464486315895,3540
2024-06-23 00:00:00,1.1543464486315895,1.1544324006596804,1.1543294890857843,1.1544059155426918,2096
2024-06-23 01:00:00,1.1544059155426918,1.154771354730186,1.1527181989024762,1.152962389016676,9033
2024-06-23 02:00:00,1.152962389016676,1.1530721597886024,1.1517401706883312,1.1518374692114404,1174
2024-06-23 03:00:00,1.1518374692114404,1.152682581199645,1.151820810283931,1.1523023663138814,7628
2024-06-23 04:00:00,1.1523023663138814,1.152389809908452,1.1522643042888019,1.1523776327130706,966
2024-06-23 05:00:00,1.1523776327130706,1.1524264961207986,1.1519775495616726,1.152279216781284,3882
2024-06-23 06:00:00,1.152279216781284,1.1535024195540236,1.1519482898316036,1.1533950546172325,9484
2024-06-23 07:00:00,1.1533950546172325,1.1546557898790921,1.1533409961537076,1.1544619033904344,4121
2024-06-23 08:00:00,1.1544619033904344,1.1558054920669152,1.154179365159936,1.1557113842390092,9462
2024-06-23 09:00:00,1.1557113842390092,1.155733134443576,1.1549819798014962,1.1553719988334998,4283
2024-06-23 10:00:00,1.1553719988334998,1.1562347652594955,1.1553449728320846,1.156157976535083,7569
2024-06-23 11:00:00,1.156157976535083,1.1561656104524762,1.1559781521105048,1.156131775500991,690
2024-06-23 12:00:00,1.156131775500991,1.1566295809738414,1.1559514516112062,1.1565677152752865,7291
2024-06-23 13:00:00,1.1565677152752865,1.156612978465866,1.1549680532873332,1.1550673225695474,2324
2024-06-23 14:00:00,1.1550673225695474,1.1552193610338954,1.1542817820163291,1.154455167064198,7454
2024-06-23 15:00:00,1.154455167064198,1.1545082716364847,1.1542710647589407,1.1544521319924437,5433
2024-06-23 16:00:00,1.1544521319924437,1.1545560970368784,1.1538812979930502,1.1539189860091343,6233
2024-06-23 17:00:00,1.1539189860091343,1.1540702035852732,1.1522801013650175,1.1527975556561865,4945
2024-06-23 18:00:00,1.1527975556561865,1.1528800117758151,1.151471201783114,1.1515944218137617,9908
2024-06-23 19:00:00,1.1515944218137617,1.151820407550956,1.151490007432862,1.1517896380189125,5004
2024-06-23 20:00:00,1.1517896380189125,1.1523340712918126,1.1516005002114131,1.1522636965325554,4998
2024-06-23 21:00:00,1.1522636965325554,1.1526282034012927,1.1514830963697822,1.151700683061508,2595
2024-06-23 22:00:00,1.151700683061508,1.1518095976478728,1.1514853255588575,1.1515839428392671,9496
2024-06-23 23:00:00,1.1515839428392671,1.1516270753967643,1.1514530931549007,1.1515402297772857,8456
2024-06-24 00:00:00,1.1515402297772857,1.1526785040797678,1.1513579773206781,1.1523707346216738,2583
2024-06-24 01:00:00,1.1523707346216738,1.152574470428141,1.1522917986799417,1.1525216972239605,3701
2024-06-24 02:00:00,1.1525216972239605,1.1531632376753753,1.1521572186574502,1.153072228656527,3427
2024-06-24 03:00:00,1.153072228656527,1.1540903570809733,1.153036282153725,1.153885143464425,2100
2024-06-24 04:00:00,1.153885143464425,1.154300629449692,1.1538512353823813,1.1541731628414376,5355
2024-06-24 05:00:00,1.1541731628414376,1.1546693181141627,1.1538340596775876,1.1544976008690366,4672
2024-06-24 06:00:00,1.1544976008690366,1.1545066379747217,1.1536249692218519,1.1538254851847063,6996
2024-06-24 07:00:00,1.1538254851847063,1.1542715462196365,1.1536636743268887,1.1541606953244312,5333
2024-06-24 08:00:00,1.1541606953244312,1.1545516548142636,1.154159629209766,1.1543347606895478,2464
2024-06-24 09:00:00,1.1543347606895478,1.1552595199678042,1.1542560822019565,1.155167362198152,8223
2024-06-24 10:00:00,1.155167362198152,1.1558091359588702,1.155150428018652,1.1554588541441204,5928
2024-06-24 11:00:00,1.1554588541441204,1.1554675828714964,1.1541328195789442,1.1541607846332094,1310
2024-06-24 12:00:00,1.1541607846332094,1.1549512836371336,1.1539489003517929,1.1549433911972729,6946
2024-06-24 13:00:00,1.1549433911972729,1.155475171808851,1.1548259827124592,1.1552479045642197,1898
2024-06-24 14:00:00,1.1552479045642197,1.1555759100073015,1.155015900487831,1.1554720226826631,646
2024-06-24 15:00:00,1.1554720226826631,1.1571111372687473,1.1549874014565404,1.1571017163291955,8333
2024-06-24 16:00:00,1.1571017163291955,1.1573880941419503,1.156923613686774,1.1570154145788185,1848
2024-06-24 17:00:00,1.1570154145788185,1.157427579891599,1.1555564933116456,1.1556622982417732,7552
2024-06-24 18:00:00,1.1556622982417732,1.1558519660976392,1.155018417589932,1.155174729561777,6537
2024-06-24 19:00:00,1.155174729561777,1.155387538747226,1.1549646138926395,1.1550003303465424,7013
2024-06-24 20:00:00,1.1550003303465424,1.1559901542671234,1.1549573574046497,1.1559640458086378,1660
2024-06-24 21:00:00,1.1559640458086378,1.1565993631332665,1.155921860576245,1.1564369317071597,3877
2024-06-24 22:00:00,1.1564369317071597,1.1570796058985515,1.1564305279462623,1.1568589711107928,6302
2024-06-24 23:00:00,1.1568589711107928,1.1576011117499019,1.1565411731902973,1.1571466834187878,7885
2024-06-25 00:00:00,1.1571466834187878,1.1573865399031806,1.1564573019421156,1.1566072184563903,2666
2024-06-25 01:00:00,1.1566072184563903,1.1568584495112917,1.1565306024381075,1.1565395114109565,7956
2024-06-25 02:00:00,1.1565395114109565,1.156552148144718,1.1549212204199255,1.1549696034167898,7119
2024-06-25 03:00:00,1.1549696034167898,1.1551778896707627,1.153987319094273,1.1541498130607315,1867
2024-06-25 04:00:00,1.1541498130607315,1.1552773167013877,1.1539863939690034,1.1552670449496272,1420
2024-06-25 05:00:00,1.1552670449496272,1.1558312373184751,1.1547184223751343,1.1557070378053007,4044
2024-06-25 06:00:00,1.1557070378053007,1.1560168213959843,1.1550894623654049,1.1553866942128086,5511
2024-06-25 07:00:00,1.1553866942128086,1.1556835983659783,1.1536864195158998,1.1542645481139797,7251
2024-06-25 08:00:00,1.1542645481139797,1.1547507492034224,1.1538207994424736,1.1545489085729348,6008
2024-06-25 09:00:00,1.1545489085729348,1.154722046563998,1.154486871269569,1.1546814152907312,8574
2024-06-25 10:00:00,1.1546814152907312,1.154812148349634,1.1543508283782566,1.154689310266009,4792
2024-06-25 11:00:00,1.154689310266009,1.155270103279424,1.1544048585642936,1.1551768389495873,6462
2024-06-25 12:00:00,1.1551768389495873,1.155309037483401,1.1551642002288174,1.1552702531880241,7144
2024-06-25 13:00:00,1.1552702531880241,1.1562122645414104,1.1550606833766461,1.1561033843374946,6104
2024-06-25 14:00:00,1.1561033843374946,1.1566626271575116,1.1560304419828529,1.156356070380558,3910
2024-06-25 15:00:00,1.156356070380558,1.15698803060477,1.1561652374777198,1.156874635326569,6201
2024-06-25 16:00:00,1.156874635326569,1.1570741865823906,1.156036973357549,1.1561503777241298,926
2024-06-25 17:00:00,1.1561503777241298,1.1564057107279835,1.1558836898909233,1.1561678540372955,4103
2024-06-25 18:00:00,1.1561678540372955,1.156573750708489,1.155968697335264,1.1563350083376402,8581
2024-06-25 19:00:00,1.1563350083376402,1.1570946611534145,1.1562138157408508,1.156756998791124,8855
2024-06-25 20:00:00,1.156756998791124,1.156990079763107,1.1567194790268684,1.1568029926820151,4697
2024-06-25 21:00:00,1.1568029926820151,1.1572425682572745,1.1565008077696517,1.1569807703753285,7776
2024-06-25 22:00:00,1.1569807703753285,1.1579791335232816,1.1567958886616825,1.1578653678057702,8945
2024-06-25 23:00:00,1.1578653678057702,1.158074803136771,1.1563791923191116,1.1563904094643673,3230
2024-06-26 00:00:00,1.1563904094643673,1.1569948078505865,1.1562469097439505,1.1568533866185653,1180
2024-06-26 01:00:00,1.1568533866185653,1.1569863799208293,1.1559547232629537,1.1562632876927612,9947
2024-06-26 02:00:00,1.1562632876927612,1.1565169594150604,1.1560130378566613,1.156200398992088,3208
2024-06-26 03:00:00,1.156200398992088,1.15722762818612,1.1559546100107936,1.15716110563433,3869
2024-06-26 04:00:00,1.15716110563433,1.1577520821878144,1.1570238479259838,1.1574605945979404,8758
2024-06-26 05:00:00,1.1574605945979404,1.1578909791040488,1.1573747244552082,1.157825695578819,4995
2024-06-26 06:00:00,1.157825695578819,1.158469435969419,1.1576882675176186,1.1584529467775893,3634
2024-06-26 07:00:00,1.1584529467775893,1.158628773996211,1.1579813353763695,1.1583650532610814,7968
2024-06-26 08:00:00,1.1583650532610814,1.1590840158357376,1.1582148351524806,1.158966725209671,2127
2024-06-26 09:00:00,1.158966725209671,1.1592757070835895,1.158491465116894,1.158943342368475,3792
2024-06-26 10:00:00,1.158943342368475,1.1595878705008955,1.1588186224630646,1.1595190437599299,6126
2024-06-26 11:00:00,1.1595190437599299,1.160581733678287,1.1593553387987998,1.1605572026582256,2760
2024-06-26 12:00:00,1.1605572026582256,1.1621083227685767,1.1603229691246653,1.1619196024253928,6389
2024-06-26 13:00:00,1.1619196024253928,1.1626623560769342,1.1613683098659746,1.1622915892454337,2352
2024-06-26 14:00:00,1.1622915892454337,1.1633174548635763,1.1622564975584253,1.163293735978965,2126
2024-06-26 15:00:00,1.163293735978965,1.1648265124636936,1.1629499539877592,1.1646458717419146,1354
2024-06-26 16:00:00,1.1646458717419146,1.1650583666944894,1.1646347930368182,1.1647543930870143,9583
2024-06-26 17:00:00,1.1647543930870143,1.164899577809344,1.164130524007894,1.164429045997387,9237
2024-06-26 18:00:00,1.164429045997387,1.16478563030312,1.1644164245730886,1.1647118472773543,7625
2024-06-26 19:00:00,1.1647118472773543,1.1650831817449379,1.1640743921999261,1.1640808775207636,8780
2024-06-26 20:00:00,1.1640808775207636,1.1643236199605582,1.1629965018945738,1.1631692229959512,6867
2024-06-26 21:00:00,1.1631692229959512,1.1634867206081625,1.163126776135628,1.1634204877549914,4925
2024-06-26 22:00:00,1.1634204877549914,1.1636980383711917,1.1629336841535798,1.1631614239429187,9039
2024-06-26 23:00:00,1.1631614239429187,1.1632184803331522,1.1629368205572215,1.1630012246531525,9914
2024-06-27 00:00:00,1.1630012246531525,1.163118963158091,1.1616604587622914,1.1617396010687748,455
2024-06-27 01:00:00,1.1617396010687748,1.1621650605515248,1.1608296230257114,1.1611987078026722,6398
2024-06-27 02:00:00,1.1611987078026722,1.1614356028701187,1.1610575107695724,1.1614266831357196,2839
2024-06-27 03:00:00,1.1614266831357196,1.1621999580523177,1.161388209350312,1.162130296373309,9907
2024-06-27 04:00:00,1.162130296373309,1.1621530157588358,1.1611966101278393,1.1613988095198544,3248
2024-06-27 05:00:00,1.1613988095198544,1.161704765527543,1.161173224522751,1.1615341534363326,9007
2024-06-27 06:00:00,1.1615341534363326,1.1616326581255738,1.1614126314637538,1.161478195206917,4030
2024-06-27 07:00:00,1.161478195206917,1.1615785955847304,1.1605058133972788,1.1608471859097174,7748
2024-06-27 08:00:00,1.1608471859097174,1.161114466394389,1.1596326394120855,1.159808066199775,4866
2024-06-27 09:00:00,1.159808066199775,1.1607999193356366,1.159662192240749,1.1606891323988682,5358
2024-06-27 10:00:00,1.1606891323988682,1.1614308456055293,1.160647549936855,1.1611539699766866,4596
2024-06-27 11:00:00,1.1611539699766866,1.1612273793352725,1.1606175112670214,1.1606734736378819,6357
2024-06-27 12:00:00,1.1606734736378819,1.1611804959236083,1.1606376080323073,1.1610345273165852,8187
2024-06-27 13:00:00,1.1610345273165852,1.1611514271597096,1.160751140555466,1.1610187904816185,6203
2024-06-27 14:00:00,1.1610187904816185,1.1611428986567076,1.1599933980397565,1.160143405675285,5232
2024-06-27 15:00:00,1.160143405675285,1.1603066102896744,1.1596125218913058,1.1597823498206083,8185
2024-06-27 16:00:00,1.1597823498206083,1.1601025735577362,1.1590204303980618,1.1593798337013614,9974
2024-06-27 17:00:00,1.1593798337013614,1.159551566389177,1.1582940879235881,1.1584026849640663,9738
2024-06-27 18:00:00,1.1584026849640663,1.158552339895022,1.1578582776404966,1.1579423304467285,7288
2024-06-27 19:00:00,1.1579423304467285,1.1582428907889895,1.1571675460292772,1.1572075729401228,9811
2024-06-27 20:00:00,1.1572075729401228,1.1573434568523113,1.1565044723000917,1.1565625883696666,4410
2024-06-27 21:00:00,1.1565625883696666,1.1582507844489336,1.1563957495508919,1.1577451835311294,5363
2024-06-27 22:00:00,1.1577451835311294,1.1580752544319604,1.1575388553620236,1.1577352738433837,2637
2024-06-27 23:00:00,1.1577352738433837,1.1579213975820075,1.1576465386980062,1.1578458739007236,5098
2024-06-28 00:00:00,1.1578458739007236,1.158125967705965,1.1577129212827788,1.1581148197512998,8631
2024-06-28 01:00:00,1.1581148197512998,1.158555716161476,1.157144507098662,1.1573603394620429,8403
2024-06-28 02:00:00,1.1573603394620429,1.1580673665305201,1.1573547145972545,1.1574683131523602,3837
2024-06-28 03:00:00,1.1574683131523602,1.1584173629353594,1.1574081460949692,1.1582778970036598,4281
2024-06-28 04:00:00,1.1582778970036598,1.1584842623138054,1.157612429320325,1.157790279752819,4556
2024-06-28 05:00:00,1.157790279752819,1.1581914355638465,1.1577474768748788,1.1580931182623284,583
2024-06-28 06:00:00,1.1580931182623284,1.15916009017427,1.1579222563322455,1.1588117468502968,9172
2024-06-28 07:00:00,1.1588117468502968,1.1589457649650603,1.1584930702843874,1.158675475018585,3202
2024-06-28 08:00:00,1.158675475018585,1.1599097854722245,1.1585055837675642,1.1598929172657848,7627
2024-06-28 09:00:00,1.1598929172657848,1.1600887244308784,1.158697785864788,1.1588264166642281,267
2024-06-28 10:00:00,1.1588264166642281,1.1588385537508685,1.1578750821962018,1.158056812652585,7550
2024-06-28 11:00:00,1.158056812652585,1.159340647984487,1.1580380883887709,1.1591099161142018,7148
2024-06-28 12:00:00,1.1591099161142018,1.1597449257874055,1.158935613995335,1.1596478070033966,7215
2024-06-28 13:00:00,1.1596478070033966,1.1609210448782479,1.1595747748769016,1.1607115045644723,8128
2024-06-28 14:00:00,1.1607115045644723,1.1609901948320722,1.160442208445361,1.1608919127487343,3391
2024-06-28 15:00:00,1.1608919127487343,1.1614534129016967,1.1608057239886371,1.161403465688124,1835
2024-06-28 16:00:00,1.161403465688124,1.1616316582745971,1.161013306518825,1.161103639013482,7380
2024-06-28 17:00:00,1.161103639013482,1.161175634248198,1.1610207611393468,1.161103183999493,9840
2024-06-28 17:00:00,1.161103183999493,1.1613555134668407,1.160795373015179,1.1611960630071327,6193
2024-06-28 18:00:00,1.1611960630071327,1.161936547799775,1.161057009161715,1.1616930135242536,946
2024-06-28 18:00:00,1.1616930135242536,1.1619436134756873,1.161524522666898,1.1615620189643963,987
2024-06-28 19:00:00,1.1615620189643963,1.1615851431224806,1.160305347487337,1.160498521814188,6607
2024-06-28 19:00:00,1.160498521814188,1.1613002245745412,1.160472491601791,1.161270513491561,9603
2024-06-28 20:00:00,1.161270513491561,1.1622725055959064,1.1610563419719786,1.1620342585568704,4153
2024-06-28 20:00:00,1.1620342585568704,1.1630427729554695,1.1619176726577505,1.1629866579622778,3226
2024-06-28 21:00:00,1.1629866579622778,1.1642451676946106,1.162977757545814,1.1640241049143119,4364
2024-06-28 21:00:00,1.1640241049143119,1.1642125509178254,1.163474947943462,1.163679818301434,1917
2024-06-28 22:00:00,1.163679818301434,1.1639415739623313,1.1633486452070176,1.1635456352276188,3280
2024-06-28 22:00:00,1.1635456352276188,1.1637754961430968,1.1631634707724532,1.16336975395374,5120
2024-06-28 23:00:00,1.16336975395374,1.163508025229956,1.1631719086467298,1.163289980985091,3043
2024-06-28 23:00:00,1.163289980985091,1.163980227623637,1.1630934977369947,1.163636018198511,6279
2024-06-29 00:00:00,1.163636018198511,1.1640491726993138,1.1633112459160466,1.163868943973208,6967
2024-06-29 01:00:00,1.163868943973208,1.1646879637390233,1.1637866879883418,1.1646502663670715,4036
2024-06-29 02:00:00,1.1646502663670715,1.1646532159106748,1.1633644406874653,1.1636215538062076,6302
2024-06-29 03:00:00,1.1636215538062076,1.1644478585516809,1.1635825990050819,1.1643459895324146,5710
2024-06-29 04:00:00,1.1643459895324146,1.1650359545688789,1.164273509045677,1.1649774577312904,3842
2024-06-29 05:00:00,1.1649774577312904,1.1651466667330683,1.1641643154720407,1.1645126138033635,9475
2024-06-29 06:00:00,1.1645126138033635,1.164785908772331,1.164441850298121,1.1645933873175156,2957
2024-06-29 07:00:00,1.1645933873175156,1.1647791408245307,1.1639965929533473,1.1640842086829681,3996
2024-06-29 08:00:00,1.1640842086829681,1.1643483279409175,1.1634528823252717,1.1637113641113654,5587
2024-06-29 09:00:00,1.1637113641113654,1.1638511373474538,1.1627521555505647,1.1629368356450698,5182
2024-06-29 10:00:00,1.1629368356450698,1.1629726219908574,1.162702828803411,1.1627167220137333,8635
2024-06-29 11:00:00,1.1627167220137333,1.1637525770997525,1.1624836905889544,1.1636610427775138,7579
2024-06-29 12:00:00,1.1636610427775138,1.1639024368424402,1.1629728995995405,1.163000067949162,6165
2024-06-29 13:00:00,1.163000067949162,1.1631234390157827,1.162696527383687,1.162865871851441,8926
2024-06-29 14:00:00,1.162865871851441,1.1638761605320753,1.1627520659439892,1.1637175682109862,1337
2024-06-29 15:00:00,1.1637175682109862,1.163980678988965,1.1636428240368881,1.1637386142189767,3329
2024-06-29 16:00:00,1.1637386142189767,1.1638704740263468,1.1636317120167678,1.1636789429303394,4477
2024-06-29 17:00:00,1.1636789429303394,1.1639485497806483,1.1634756153676316,1.1634954612923079,2277
2024-06-29 18:00:00,1.1634954612923079,1.1635836660564125,1.1628950993391114,1.162946239246721,5581
2024-06-29 19:00:00,1.162946239246721,1.1632653785559355,1.1629243759952737,1.1631300009150394,3023
2024-06-29 20:00:00,1.1631300009150394,1.1634169022802388,1.1629948573145563,1.163231502354492,6506
2024-06-29 21:00:00,1.163231502354492,1.1632979418977203,1.1624354390999863,1.1627206859516022,5374
2024-06-29 22:00:00,1.1627206859516022,1.1628407753447199,1.1625902999144004,1.1626648533592556,1428
2024-06-29 23:00:00,1.1626648533592556,1.1629338452924904,1.1617679487015384,1.161890623827233,5467
2024-06-30 00:00:00,1.161890623827233,1.1630352384179694,1.1617126313159216,1.1628885459997356,9528
2024-06-30 01:00:00,1.1628885459997356,1.1629127527754362,1.162312829081518,1.1623539594638885,1533
2024-06-30 02:00:00,1.1623539594638885,1.1632198934136178,1.1622561115088061,1.1630563964174636,1956
2024-06-30 03:00:00,1.1630563964174636,1.1634009219496044,1.161471438774599,1.1620735432778617,1632
2024-06-30 04:00:00,1.1620735432778617,1.1625942574449426,1.1619133175610794,1.162424298444338,6961
2024-06-30 05:00:00,1.162424298444338,1.1637683402684098,1.1622356044794564,1.1636941018781575,5063
2024-06-30 06:00:00,1.1636941018781575,1.164166259275619,1.1636360252798272,1.1640888486703722,1595
2024-06-30 07:00:00,1.1640888486703722,1.1663438661989896,1.1637967914891605,1.166113840463311,8380
2024-06-30 08:00:00,1.166113840463311,1.166314067974888,1.1654133355185834,1.1657334149783614,2028
2024-06-30 09:00:00,1.1657334149783614,1.1667314102711124,1.1657325645590173,1.166374626549791,9330
2024-06-30 10:00:00,1.166374626549791,1.1680563752245405,1.166094645861557,1.1679411366744747,5993
2024-06-30 11:00:00,1.1679411366744747,1.1689002089758724,1.167838310134476,1.1688719809119836,7824
2024-06-30 12:00:00,1.1688719809119836,1.1690938424184831,1.1680979429929268,1.1684541193209428,1967
2024-06-30 13:00:00,1.1684541193209428,1.169117012635587,1.1684377368617977,1.1689318517072678,8234
2024-06-30 14:00:00,1.1689318517072678,1.1701427172094705,1.1684954314484275,1.1697591506771108,9734
2024-06-30 15:00:00,1.1697591506771108,1.1698861112138044,1.169268487371335,1.1693606790997064,4005
2024-06-30 16:00:00,1.1693606790997064,1.1700388114331848,1.1692528864851752,1.1699431114868255,5629
2024-06-30 17:00:00,1.1699431114868255,1.1700006528979354,1.1698439686429605,1.169920719239143,5180
2024-06-30 18:00:00,1.169920719239143,1.1715302773068241,1.1696497406528386,1.171345219196887,3873
2024-06-30 19:00:00,1.171345219196887,1.17150964439859,1.1712362945190193,1.1714092655755903,568
2024-06-30 20:00:00,1.1714092655755903,1.1715736968621218,1.1709837252393165,1.1710371673703455,8932
2024-06-30 21:00:00,1.1710371673703455,1.1710922038578226,1.170926714034862,1.170992328108935,8728
2024-06-30 22:00:00,1.170992328108935,1.171267436103199,1.1709196782724844,1.1711894665733236,8265
2024-06-30 23:00:00,1.1711894665733236,1.1717442115671028,1.1708958622435701,1.1716132146693812,9247
2024-07-01 00:00:00,1.1716132146693812,1.1722415238330581,1.1714040540862414,1.172199349361356,4717
2024-07-01 01:00:00,1.172199349361356,1.1722133055017991,1.1713804599676474,1.1714420522780635,1785
2024-07-01 02:00:00,1.1714420522780635,1.1723090778570346,1.1712180409504835,1.1718118445434904,384
2024-07-01 03:00:00,1.1718118445434904,1.1731089734441256,1.1715550667868364,1.1724417931342317,5032
2024-07-01 04:00:00,1.1724417931342317,1.1724759116671897,1.1715858571908682,1.1716673407977987,5611
2024-07-01 05:00:00,1.1716673407977987,1.1725247776138192,1.171616755356956,1.1723616069118035,2584
2024-07-01 06:00:00,1.1723616069118035,1.1725118122731673,1.1720485321519636,1.1722276241966985,1262
2024-07-01 07:00:00,1.1722276241966985,1.1730815842481883,1.1720455257703097,1.172978700895857,9729
2024-07-01 08:00:00,1.172978700895857,1.1730308750561063,1.1723457697209105,1.1726826038021787,1671
2024-07-01 09:00:00,1.1726826038021787,1.1727548966680115,1.1723408417728953,1.1724167376240977,4109
2024-07-01 10:00:00,1.1724167376240977,1.1724312034243582,1.172144092563008,1.1722916178160623,7963
2024-07-01 11:00:00,1.1722916178160623,1.172471930915123,1.1719041300130488,1.17205776886005,4842
2024-07-01 12:00:00,1.17205776886005,1.1723200892659948,1.1709127409610947,1.1710819276891153,489
2024-07-01 13:00:00,1.1710819276891153,1.1711560869758753,1.170281866429219,1.1707274973158888,656
2024-07-01 14:00:00,1.1707274973158888,1.1709446887346935,1.1705425817427162,1.1707559349777337,6649
2024-07-01 15:00:00,1.1707559349777337,1.1712465520684696,1.170735982922671,1.1708417463611938,2100
2024-07-01 16:00:00,1.1708417463611938,1.171187107001735,1.1701978364865608,1.1703621596370082,7858
2024-07-01 17:00:00,1.1703621596370082,1.1704031317638623,1.168543954914777,1.1689919479532231,2604
2024-07-01 18:00:00,1.1689919479532231,1.1690191672449595,1.1675716718633322,1.167611177730826,3625
2024-07-01 19:00:00,1.167611177730826,1.1678630902766,1.1671963749092025,1.1672678134850014,9402
2024-07-01 20:00:00,1.1672678134850014,1.1673878848238541,1.1657064656500427,1.165909723238594,6242
2024-07-01 21:00:00,1.165909723238594,1.1671011681890942,1.1658464999824678,1.166823023003266,5428
2024-07-01 22:00:00,1.166823023003266,1.1669805086873704,1.166822135298744,1.1668763533984237,1376
2024-07-01 23:00:00,1.1668763533984237,1.1673929484714376,1.166611066432962,1.1673791045898494,7427
2024-07-02 00:00:00,1.1673791045898494,1.1674698589109669,1.1671986394376233,1.1674453046258295,3366
2024-07-02 01:00:00,1.1674453046258295,1.167709139017396,1.1673361027202356,1.1673675384202216,9692
2024-07-02 02:00:00,1.1673675384202216,1.1675111659519741,1.1670620990573313,1.1671851775224822,6387
2024-07-02 03:00:00,1.1671851775224822,1.1679980204642397,1.1671816491607352,1.1678574750511543,4325
2024-07-02 04:00:00,1.1678574750511543,1.168890025802196,1.1677070281438489,1.168771435640311,2135
2024-07-02 05:00:00,1.168771435640311,1.1703482037506854,1.1685350568454365,1.1701899102221829,5910
2024-07-02 06:00:00,1.1701899102221829,1.1706241078151778,1.1699792689429744,1.1706058298807678,9748
2024-07-02 07:00:00,1.1706058298807678,1.1708395826967082,1.1704843788772168,1.170758176331319,1452
2024-07-02 08:00:00,1.170758176331319,1.1715358028430696,1.1705923075462739,1.171530213288814,9223
2024-07-02 09:00:00,1.171530213288814,1.1715835277457998,1.170600691157674,1.170699067048637,5741
2024-07-02 10:00:00,1.170699067048637,1.1713119744534797,1.170628326040186,1.1708775758115808,3047
2024-07-02 11:00:00,1.1708775758115808,1.1710990756596045,1.1706100287133248,1.1708711578256927,4280
2024-07-02 12:00:00,1.1708711578256927,1.171132522093925,1.1696521038430676,1.1700037582746428,5064
2024-07-02 13:00:00,1.1700037582746428,1.1700520225522304,1.1699203787771015,1.1699781742287547,6245
2024-07-02 14:00:00,1.1699781742287547,1.1708865733262326,1.1696104233285722,1.1706569318678381,8703
2024-07-02 15:00:00,1.1706569318678381,1.1713098097536305,1.1703147701590153,1.1712952493947582,220
2024-07-02 16:00:00,1.1712952493947582,1.1720677225083864,1.1706958097364144,1.1719048545454729,1580
2024-07-02 17:00:00,1.1719048545454729,1.1719393385158912,1.1717006231079952,1.1717499335270947,8300
2024-07-02 18:00:00,1.1717499335270947,1.17200081373904,1.1714706378578468,1.1716037446312486,7908
2024-07-02 19:00:00,1.1716037446312486,1.1717843781496475,1.171034607941775,1.1714370042149163,4507
2024-07-02 20:00:00,1.1714370042149163,1.17149437698348,1.1699884088019095,1.1702534615225348,8080
2024-07-02 21:00:00,1.1702534615225348,1.1703693777721318,1.170032317445107,1.1702064972092006,599
2024-07-02 22:00:00,1.1702064972092006,1.1702230153125757,1.1698469014401849,1.1698728687053548,7152
2024-07-02 23:00:00,1.1698728687053548,1.1699045786359867,1.169231134038939,1.1694662248414067,6129
2024-07-03 00:00:00,1.1694662248414067,1.1696182773213475,1.16833260243625,1.1685065548478852,4340
2024-07-03 01:00:00,1.1685065548478852,1.1692717098390515,1.1683294607312973,1.1691309431874375,4596
2024-07-03 02:00:00,1.1691309431874375,1.1693861173874178,1.167627023768713,1.1676337187307784,3074
2024-07-03 03:00:00,1.1676337187307784,1.1678982672971543,1.1669650665231674,1.1669912889624032,8977
2024-07-03 04:00:00,1.1669912889624032,1.167209794045339,1.1659978243689388,1.1661177125720001,5780
2024-07-03 05:00:00,1.1661177125720001,1.1663692441391358,1.1659327741258954,1.166286443092108,854
2024-07-03 06:00:00,1.166286443092108,1.1680870140083808,1.1661929211854245,1.1675176120905892,5422
2024-07-03 07:00:00,1.1675176120905892,1.1677932835348737,1.16697720456727,1.167050428505145,6190
2024-07-03 08:00:00,1.167050428505145,1.1671706692871802,1.1669199488130526,1.1671627699349396,2414
2024-07-03 09:00:00,1.1671627699349396,1.1671642828668745,1.1668367612618822,1.1670254646255127,7980
2024-07-03 10:00:00,1.1670254646255127,1.1678428480964071,1.1668604622458314,1.1677644493714496,2397
2024-07-03 11:00:00,1.1677644493714496,1.167812408738198,1.1674702531444083,1.1676909785264973,4634
2024-07-03 12:00:00,1.1676909785264973,1.1677830159362768,1.1663023571255342,1.1663944415791312,3779
2024-07-03 13:00:00,1.1663944415791312,1.1665770977027392,1.1661824254632323,1.1662960958929407,486
2024-07-03 14:00:00,1.1662960958929407,1.1666275843282456,1.1661456086527773,1.1665036595773077,1585
2024-07-03 15:00:00,1.1665036595773077,1.16663238218496,1.1664032806993356,1.1665676639707039,2643
2024-07-03 16:00:00,1.1665676639707039,1.1675646012732013,1.1663568273377765,1.1675508489230324,4811
2024-07-03 17:00:00,1.1675508489230324,1.1681005951410495,1.1675042217365235,1.167997249053545,7228
2024-07-03 18:00:00,1.167997249053545,1.1687665142852126,1.1679118917593603,1.168750891146716,6215
2024-07-03 19:00:00,1.168750891146716,1.1694243128650443,1.168557126323909,1.1692236261028928,8428
2024-07-03 20:00:00,1.1692236261028928,1.1693824152636192,1.167504767737105,1.1677695198447076,2149
2024-07-03 21:00:00,1.1677695198447076,1.168395313199966,1.1676145369337247,1.1683700079900603,5338
2024-07-03 22:00:00,1.1683700079900603,1.1691953163163447,1.168101406373313,1.1691756272535092,956
2024-07-03 23:00:00,1.1691756272535092,1.1703527866154708,1.1689897893411996,1.1699504883503784,1243
2024-07-04 00:00:00,1.1699504883503784,1.170247070958614,1.169724881447113,1.1697259988739066,2937
2024-07-04 01:00:00,1.1697259988739066,1.1700206549084853,1.169196962782827,1.1692942866788525,8440
2024-07-04 02:00:00,1.1692942866788525,1.1701067529205915,1.1692770096819822,1.1698765859906546,7085
2024-07-04 03:00:00,1.1698765859906546,1.1701886343861654,1.1691579331397783,1.1695288655665503,2366
2024-07-04 04:00:00,1.1695288655665503,1.1697388984265515,1.1695088563043297,1.1697077480449853,6426
2024-07-04 05:00:00,1.1697077480449853,1.169784001874379,1.169246254283922,1.1694098893890161,8861
2024-07-04 06:00:00,1.1694098893890161,1.1696402503038605,1.1692225265256315,1.1696088049604823,297
2024-07-04 07:00:00,1.1696088049604823,1.1699184336946675,1.1695397508585599,1.1699112534351475,3545
2024-07-04 08:00:00,1.1699112534351475,1.1701467213721741,1.169828962133194,1.1699315496598066,5662
2024-07-04 09:00:00,1.1699315496598066,1.1702461513683364,1.169884714226387,1.169897329761473,6603
2024-07-04 10:00:00,1.169897329761473,1.1700486485851742,1.1684141153948393,1.1684550724463605,5604
2024-07-04 11:00:00,1.1684550724463605,1.1688084659993938,1.168375155535719,1.1687896755262674,7365
2024-07-04 12:00:00,1.1687896755262674,1.1688918113029008,1.1681514696317916,1.1684733270491292,7571
2024-07-04 13:00:00,1.1684733270491292,1.1687105025701443,1.1681773540680274,1.1685924912354386,9003
2024-07-04 14:00:00,1.1685924912354386,1.1696137252159868,1.1682786429991816,1.1695363283961553,9218
2024-07-04 15:00:00,1.1695363283961553,1.1696906329023304,1.1691762858695833,1.1691779686027777,8499
2024-07-04 16:00:00,1.1691779686027777,1.1696428260216598,1.16911785121785,1.169264534998606,5603
2024-07-04 17:00:00,1.169264534998606,1.169768476527735,1.1688752166176004,1.168902198040868,2452
2024-07-04 18:00:00,1.168902198040868,1.1692673782596905,1.168086462569028,1.168159179423797,2875
2024-07-04 19:00:00,1.168159179423797,1.1684114416006965,1.1679250870819393,1.1684084475170904,9283
2024-07-04 20:00:00,1.1684084475170904,1.168767841594893,1.1680703569831732,1.1686608087414594,5984
2024-07-04 21:00:00,1.1686608087414594,1.1688304721854004,1.1682615220140449,1.1682769799140746,3526
2024-07-04 22:00:00,1.1682769799140746,1.1685484482132178,1.1676380420608963,1.1676720207012299,8416
2024-07-04 23:00:00,1.1676720207012299,1.1683529977390126,1.1676325149803717,1.168227338040609,960
2024-07-05 00:00:00,1.168227338040609,1.1690468018640354,1.1680783634835536,1.168621218249084,8999
2024-07-05 01:00:00,1.168621218249084,1.169062887901952,1.1676021425978216,1.16798433578494,1414
2024-07-05 02:00:00,1.16798433578494,1.1680815291277165,1.1679079514509394,1.1680747991360094,4654
2024-07-05 03:00:00,1.1680747991360094,1.1681044836654413,1.1672252434906598,1.1674512211082404,1157
2024-07-05 04:00:00,1.1674512211082404,1.1675452301452713,1.1672308171243488,1.1672949184068686,6986
2024-07-05 05:00:00,1.1672949184068686,1.1677583891599916,1.1659407831957058,1.166158005132971,8221
2024-07-05 06:00:00,1.166158005132971,1.1670531965658657,1.165893876801065,1.1669326050040894,4536
2024-07-05 07:00:00,1.1669326050040894,1.1676066873307884,1.166916412719142,1.1675288451017491,9652
2024-07-05 08:00:00,1.1675288451017491,1.16855845150359,1.1675090676585782,1.1682439963476452,9461
2024-07-05 09:00:00,1.1682439963476452,1.169668621676387,1.168166353349327,1.1691203237904915,7985
2024-07-05 10:00:00,1.1691203237904915,1.1694561654085023,1.1681737135955206,1.1683687350241783,1673
2024-07-05 11:00:00,1.1683687350241783,1.1683758627363645,1.1674999086040028,1.1676287492036668,8611
2024-07-05 12:00:00,1.1676287492036668,1.1678687483196855,1.1675198543100158,1.1676220938697282,7296
2024-07-05 13:00:00,1.1676220938697282,1.1679175965770376,1.1672346170214922,1.1679012080805593,8662
2024-07-05 14:00:00,1.1679012080805593,1.1686659110215327,1.167857179042489,1.1686327173399738,7277
2024-07-05 15:00:00,1.1686327173399738,1.168681453877074,1.1685882417901876,1.1686593738962543,1908
2024-07-05 16:00:00,1.1686593738962543,1.1693404479098173,1.1685260500407553,1.1687528102963862,7200
2024-07-05 17:00:00,1.1687528102963862,1.1688718440962012,1.168548984877114,1.1686072661493838,6327
2024-07-05 17:00:00,1.1686072661493838,1.1687081175982807,1.1680877233236835,1.1681507617356681,1716
2024-07-05 18:00:00,1.1681507617356681,1.168292132415971,1.1678890586388933,1.1679230544761354,4778
2024-07-05 18:00:00,1.1679230544761354,1.167984633669143,1.1664929309713188,1.166631734988731,5078
2024-07-05 19:00:00,1.166631734988731,1.1673406590612887,1.1665044265811157,1.1671940158937644,4000
2024-07-05 19:00:00,1.1671940158937644,1.1681482257194389,1.1671799787232797,1.167788525620402,970
2024-07-05 20:00:00,1.167788525620402,1.1678487694492126,1.1668812816706688,1.1669490671969387,399
2024-07-05 20:00:00,1.1669490671969387,1.1673573320291883,1.1668699276956171,1.167283784912533,2369
2024-07-05 21:00:00,1.167283784912533,1.1676637069494016,1.167267999577378,1.1676259885791802,9225
2024-07-05 21:00:00,1.1676259885791802,1.1677826862048495,1.167180018806276,1.1673565382635047,4428
2024-07-05 22:00:00,1.1673565382635047,1.1674997776230962,1.1671534697062504,1.1674359540051567,2325
2024-07-05 22:00:00,1.1674359540051567,1.1676445005717,1.1672257212838866,1.1675262914275546,173
2024-07-05 23:00:00,1.1675262914275546,1.1677536656638814,1.166911612045006,1.1670610493630311,7555
2024-07-05 23:00:00,1.1670610493630311,1.1675024059079542,1.1666074494074987,1.1669447554194368,7132
2024-07-06 00:00:00,1.1669447554194368,1.16704736400411,1.1664330723982144,1.1665884567691664,1469
2024-07-06 01:00:00,1.1665884567691664,1.1669789542514744,1.1663450642537978,1.1669553443581364,1555
2024-07-06 02:00:00,1.1669553443581364,1.1672735326298473,1.1662601876804086,1.1663922539329687,2365
2024-07-06 03:00:00,1.1663922539329687,1.166643816116535,1.1660102030967125,1.1665207386545824,7809
2024-07-06 04:00:00,1.1665207386545824,1.1675134493193815,1.1662116928315827,1.1673302558031085,6863
2024-07-06 05:00:00,1.1673302558031085,1.1675741623902982,1.167047706603443,1.167228585628034,2948
2024-07-06 06:00:00,1.167228585628034,1.1674362134850362,1.1665362449502548,1.1666776671665133,8573
2024-07-06 07:00:00,1.1666776671665133,1.167006151015699,1.1660312068886218,1.166039934915115,813
2024-07-06 08:00:00,1.166039934915115,1.1662382641907671,1.1648160263929912,1.164936236980006,7565
2024-07-06 09:00:00,1.164936236980006,1.1655706710091558,1.1648509233976494,1.1655113542417257,7306
2024-07-06 10:00:00,1.1655113542417257,1.1664601073161265,1.1654885201881735,1.1663166545349577,5536
2024-07-06 11:00:00,1.1663166545349577,1.1664563410913702,1.1656176018252788,1.165948408925331,8027
2024-07-06 12:00:00,1.165948408925331,1.1662641260358972,1.1656996205403376,1.1662026519719577,9229
2024-07-06 13:00:00,1.1662026519719577,1.1667548071923752,1.165993834784793,1.1665186819833162,915
2024-07-06 14:00:00,1.1665186819833162,1.1669664686453742,1.1663258917331052,1.1668674862707142,1875
2024-07-06 15:00:00,1.1668674862707142,1.1668760677359478,1.1663546275042183,1.1663551646493908,7428
2024-07-06 16:00:00,1.1663551646493908,1.1665708374821497,1.165759379978992,1.1658559129842003,9470
2024-07-06 17:00:00,1.1658559129842003,1.1659008239925184,1.1655995472490304,1.1658112373469145,5376
2024-07-06 18:00:00,1.1658112373469145,1.16601305802926,1.1654611029363313,1.1655349029741817,3893
2024-07-06 19:00:00,1.1655349029741817,1.165975135217421,1.165202361770981,1.1658734817531284,3014
2024-07-06 20:00:00,1.1658734817531284,1.1665011058402108,1.1655684210947135,1.1663031156693309,7890
2024-07-06 21:00:00,1.1663031156693309,1.1677421980680767,1.1662425834605958,1.1675486934690948,6605
2024-07-06 22:00:00,1.1675486934690948,1.1678816512693815,1.1666739202451295,1.166942479308214,4672
2024-07-06 23:00:00,1.166942479308214,1.1674815539754628,1.1667259543240134,1.1672352540600186,1267
2024-07-07 00:00:00,1.1672352540600186,1.1675606776704506,1.1662812204963684,1.1665026828302365,8548
2024-07-07 01:00:00,1.1665026828302365,1.1667319853693723,1.166463757114653,1.1666440833656084,7605
2024-07-07 02:00:00,1.1666440833656084,1.1670362269320163,1.1655092822212114,1.166043713569737,2535
2024-07-07 03:00:00,1.166043713569737,1.167195618197668,1.1658840763909577,1.1671280683911276,1848
2024-07-07 04:00:00,1.1671280683911276,1.1675583011994128,1.166151760764012,1.1665130172232885,8423
2024-07-07 05:00:00,1.1665130172232885,1.1667967306900788,1.1664652938175863,1.1666181195047367,2774
2024-07-07 06:00:00,1.1666181195047367,1.1667865021129036,1.16530712265101,1.165468733336828,2551
2024-07-07 07:00:00,1.165468733336828,1.1654755847006488,1.1651381099917126,1.1651545761017161,4514
2024-07-07 08:00:00,1.1651545761017161,1.1653512514463058,1.1644086980257022,1.1645991777027282,9094
2024-07-07 09:00:00,1.1645991777027282,1.1648909736660946,1.164322122719262,1.164376007409673,9104
2024-07-07 10:00:00,1.164376007409673,1.1648539843969479,1.1643140615090555,1.1648076920804482,4859
2024-07-07 11:00:00,1.1648076920804482,1.1650401443025624,1.1628122617410033,1.1636007279431646,8789
2024-07-07 12:00:00,1.1636007279431646,1.1637149372587394,1.1626442138399036,1.163053744220683,6143
2024-07-07 13:00:00,1.163053744220683,1.1633351864405839,1.1624268145581127,1.1624905278917248,2652
2024-07-07 14:00:00,1.1624905278917248,1.1630650603599926,1.1623578512819552,1.1628496269947608,8443
2024-07-07 15:00:00,1.1628496269947608,1.1631533714299478,1.1625931156561597,1.1629617048870107,3383
2024-07-07 16:00:00,1.1629617048870107,1.163459737267364,1.162894793360103,1.1632405625763687,6523
2024-07-07 17:00:00,1.1632405625763687,1.1634052215752397,1.1626666029512143,1.1629187932883105,9641
2024-07-07 18:00:00,1.1629187932883105,1.1630576354968996,1.1619299760979085,1.1622196822863153,1225
2024-07-07 19:00:00,1.1622196822863153,1.1623027723829231,1.1608292390163113,1.1610965053941544,6626
2024-07-07 20:00:00,1.1610965053941544,1.161225000283469,1.1593271136542984,1.1595814224687238,1497
2024-07-07 21:00:00,1.1595814224687238,1.160077164216598,1.1595129162707778,1.1600673293905925,2912
2024-07-07 22:00:00,1.1600673293905925,1.1603857754634919,1.1600217084537023,1.1602775165656642,380
2024-07-07 23:00:00,1.1602775165656642,1.1609939040993293,1.1602211789015064,1.1609843263427944,6723
2024-07-08 00:00:00,1.1609843263427944,1.161094914980634,1.160831179280793,1.1609598289670355,7860
2024-07-08 01:00:00,1.1609598289670355,1.1612400797698754,1.1599908915390083,1.160308977590712,9768
2024-07-08 02:00:00,1.160308977590712,1.1609883034509358,1.1598325793360846,1.1608140943923069,372
2024-07-08 03:00:00,1.1608140943923069,1.160842841879871,1.1602104945075682,1.16029405921133,7724
2024-07-08 04:00:00,1.16029405921133,1.1610159866252205,1.16010064203677,1.160636786246237,7606
2024-07-08 05:00:00,1.160636786246237,1.1609586555662665,1.1603294943055278,1.1606775202047257,620
2024-07-08 06:00:00,1.1606775202047257,1.161011246090026,1.1601383745109193,1.1602274026134456,1826
2024-07-08 07:00:00,1.1602274026134456,1.1603681500047907,1.1596415394336748,1.1596443065783193,4299
2024-07-08 08:00:00,1.1596443065783193,1.1597204002855428,1.1592238049388612,1.1592573349699387,9398
2024-07-08 09:00:00,1.1592573349699387,1.1603218804946702,1.1590897055905591,1.160064238400457,5328
2024-07-08 10:00:00,1.160064238400457,1.1601417905850202,1.1598822158933668,1.160057771354654,7387
2024-07-08 11:00:00,1.160057771354654,1.1604542406452074,1.1600503277829213,1.1603091071246308,9767
2024-07-08 12:00:00,1.1603091071246308,1.1604189838014207,1.1598471132403474,1.1599950153546061,5097
2024-07-08 13:00:00,1.1599950153546061,1.1600143652356723,1.1596961176130722,1.1597818019590722,5486
2024-07-08 14:00:00,1.1597818019590722,1.160020475216335,1.1595870287283336,1.1597951716375978,9208
2024-07-08 15:00:00,1.1597951716375978,1.1598645465159758,1.1588680576655317,1.159203984765073,2082
2024-07-08 16:00:00,1.159203984765073,1.1600659532462985,1.1591982102690381,1.1599091192115536,6739
2024-07-08 17:00:00,1.1599091192115536,1.1602151536225978,1.1588392147775244,1.1591263501982842,4412
2024-07-08 18:00:00,1.1591263501982842,1.159400074882824,1.1588851822916664,1.1590240829239433,5859
2024-07-08 19:00:00,1.1590240829239433,1.1598000673237605,1.158858238206816,1.1596327996238276,4021
2024-07-08 20:00:00,1.1596327996238276,1.1601255835562734,1.1594879116718069,1.1599268968364467,8952
2024-07-08 21:00:00,1.1599268968364467,1.1599530456082503,1.1594972854155579,1.1596054956123703,3834
2024-07-08 22:00:00,1.1596054956123703,1.1599595329939063,1.1592664229135343,1.159696283534474,7840
2024-07-08 23:00:00,1.159696283534474,1.159761905392146,1.1595694624472699,1.1595789818962936,2145
2024-07-09 00:00:00,1.1595789818962936,1.1598056933496468,1.1595608325448257,1.1597494603210678,769
2024-07-09 01:00:00,1.1597494603210678,1.1598170976644644,1.1596337785286834,1.1597489835627788,6223
2024-07-09 02:00:00,1.1597489835627788,1.1614871626724568,1.1594839217633253,1.161376103834454,1745
2024-07-09 03:00:00,1.161376103834454,1.162210065118829,1.161323671050429,1.161908950850625,9721
2024-07-09 04:00:00,1.161908950850625,1.1622061833055464,1.1612268430596815,1.1613253869289948,3541
2024-07-09 05:00:00,1.1613253869289948,1.161474562630282,1.1608808868376943,1.161113131292325,1019
2024-07-09 06:00:00,1.161113131292325,1.1611510869522386,1.160567836480142,1.1606691091743544,7482
2024-07-09 07:00:00,1.1606691091743544,1.1607028536898236,1.1601636455540643,1.16020968171531,5526
2024-07-09 08:00:00,1.16020968171531,1.160819885771634,1.1596974221599559,1.160381531705224,2212
2024-07-09 09:00:00,1.160381531705224,1.1605006307653682,1.15917243531201,1.1592096858039904,4051
2024-07-09 10:00:00,1.1592096858039904,1.1599414948156885,1.158983904484815,1.1599297740277834,511
2024-07-09 11:00:00,1.1599297740277834,1.1603524852565419,1.1599086554359257,1.160189164019114,7519
2024-07-09 12:00:00,1.160189164019114,1.1602760054546863,1.159974429321778,1.1601736502796414,5367
2024-07-09 13:00:00,1.1601736502796414,1.1615509694077002,1.1601441750346018,1.1613805026720097,3399
2024-07-09 14:00:00,1.1613805026720097,1.1615997347556326,1.1609704233417872,1.1615221011489458,2958
2024-07-09 15:00:00,1.1615221011489458,1.1619930434284946,1.1612771486444184,1.1613941900237992,9512
2024-07-09 16:00:00,1.1613941900237992,1.1614106074037247,1.1609992698601577,1.1611553132897852,2850
2024-07-09 17:00:00,1.1611553132897852,1.162007509462176,1.1609871997502268,1.1618204300101795,6414
2024-07-09 18:00:00,1.1618204300101795,1.162492487886786,1.1617466651277297,1.1622629553611963,853
2024-07-09 19:00:00,1.1622629553611963,1.1628226041102434,1.1622546338621222,1.1625708035648499,1586
2024-07-09 20:00:00,1.1625708035648499,1.1637691275317308,1.1623141864775746,1.1636834418447797,9732
2024-07-09 21:00:00,1.1636834418447797,1.1637727312014405,1.1632540830297766,1.1632750833303573,3471
2024-07-09 22:00:00,1.1632750833303573,1.1633031685038464,1.1631413088528817,1.1632283919834279,5372
2024-07-09 23:00:00,1.1632283919834279,1.1635159011397167,1.1612890830757396,1.161385191760861,7558
2024-07-10 00:00:00,1.161385191760861,1.1617037621737354,1.1608757485448986,1.1609098617502527,2306
2024-07-10 01:00:00,1.1609098617502527,1.1614977226069767,1.1608928225642585,1.1613969506201423,2469
2024-07-10 02:00:00,1.1613969506201423,1.161891027649867,1.1611765115563881,1.1617963846080654,7265
2024-07-10 03:00:00,1.1617963846080654,1.1621739570555099,1.1613681139363174,1.16150861454013,7446
2024-07-10 04:00:00,1.16150861454013,1.1622345078159797,1.1613325182799472,1.1622162315638942,3870
2024-07-10 05:00:00,1.1622162315638942,1.162376323069448,1.1621306011132766,1.1622981231811431,7668
2024-07-10 06:00:00,1.1622981231811431,1.1625344114334586,1.1622551388958133,1.1622683432930025,1191
2024-07-10 07:00:00,1.1622683432930025,1.1632872522468622,1.1622380600794053,1.1630398012502874,8099
2024-07-10 08:00:00,1.1630398012502874,1.1630676349426339,1.1620212981986593,1.1621633546060894,9702
2024-07-10 09:00:00,1.1621633546060894,1.162469989525162,1.1615115980841515,1.1618599120142017,943
2024-07-10 10:00:00,1.1618599120142017,1.162055247553263,1.1612227411584888,1.1615827090655664,6453
2024-07-10 11:00:00,1.1615827090655664,1.1616051766553128,1.1609772327871095,1.1614556074650009,9954
2024-07-10 12:00:00,1.1614556074650009,1.1620078462031027,1.1609142698768058,1.1617684352021374,977
2024-07-10 13:00:00,1.1617684352021374,1.1626121282504815,1.1617137308886423,1.1625971578880385,6200
2024-07-10 14:00:00,1.1625971578880385,1.1626114041675304,1.161615658700703,1.1617964864693233,6612
2024-07-10 15:00:00,1.1617964864693233,1.1620428711282003,1.1613822522088166,1.1620178361441413,5785
2024-07-10 16:00:00,1.1620178361441413,1.1623272918543908,1.1605886671918215,1.1608305516825999,3731
2024-07-10 17:00:00,1.1608305516825999,1.160883916916816,1.1603298749347688,1.1604657329986943,1661
2024-07-10 18:00:00,1.1604657329986943,1.1605228859419014,1.1594703536275217,1.159693611661582,5547
2024-07-10 19:00:00,1.159693611661582,1.1599947676443192,1.1596639054584537,1.1599302323513192,9403
2024-07-10 20:00:00,1.1599302323513192,1.1601296057702706,1.159409752503409,1.1595308664344697,2254
2024-07-10 21:00:00,1.1595308664344697,1.160649058998238,1.1593197067867764,1.1603319040846287,303
2024-07-10 22:00:00,1.1603319040846287,1.1606129152017493,1.1593393982650237,1.1596135374628047,4776
2024-07-10 23:00:00,1.1596135374628047,1.1596799730215908,1.159250212225665,1.1595504676023674,6179
2024-07-11 00:00:00,1.1595504676023674,1.160103570154522,1.1591909586334301,1.1599463460450024,963
2024-07-11 01:00:00,1.1599463460450024,1.1601402018846712,1.1596555857621946,1.1598243836126185,3809
2024-07-11 02:00:00,1.1598243836126185,1.161282279141413,1.1596795647721172,1.1611858711819691,7070
2024-07-11 03:00:00,1.1611858711819691,1.1612618494237066,1.1610840236619016,1.16110719581367,8825
2024-07-11 04:00:00,1.16110719581367,1.1611197848329784,1.161016827012917,1.1610918860468598,5162
2024-07-11 05:00:00,1.1610918860468598,1.1612876442323434,1.1610224727924197,1.1612525615039782,9031
2024-07-11 06:00:00,1.1612525615039782,1.161358646196773,1.1604803639100303,1.1605600316345681,4506
2024-07-11 07:00:00,1.1605600316345681,1.1611358650048098,1.160417470673577,1.1609789915776556,2412
2024-07-11 08:00:00,1.1609789915776556,1.1614709824787453,1.1608053564817444,1.1613608466142202,8665
2024-07-11 09:00:00,1.1613608466142202,1.1613975099826248,1.1608309277829207,1.1610496814629658,2758
2024-07-11 10:00:00,1.1610496814629658,1.1615751140041382,1.1609418593308256,1.1612755422691823,4415
2024-07-11 11:00:00,1.1612755422691823,1.161306180897294,1.160899602524808,1.161176079073946,1600
2024-07-11 12:00:00,1.161176079073946,1.1617440036569076,1.1610285017194217,1.1610997082128471,619
2024-07-11 13:00:00,1.1610997082128471,1.1621320313858285,1.1609825447533537,1.1618476163203433,462
2024-07-11 14:00:00,1.1618476163203433,1.1621180255459906,1.1617088196722778,1.1619412182711497,1576
2024-07-11 15:00:00,1.1619412182711497,1.1621489773307712,1.1616965568615925,1.1621261435140735,2112
2024-07-11 16:00:00,1.1621261435140735,1.1626086188448583,1.1615597075595445,1.1617366253489063,3424
2024-07-11 17:00:00,1.1617366253489063,1.1618364770460226,1.1613834107334793,1.1614877874162204,5955
2024-07-11 18:00:00,1.1614877874162204,1.161547666184887,1.1606459020841726,1.1607643509596974,8291
2024-07-11 19:00:00,1.1607643509596974,1.1609342397578004,1.1605375254272017,1.160870291714947,5363
2024-07-11 20:00:00,1.160870291714947,1.1611375456422572,1.1603019034875117,1.160627099079513,630
2024-07-11 21:00:00,1.160627099079513,1.161713074707213,1.160208359589487,1.1616346490821154,4247
2024-07-11 22:00:00,1.1616346490821154,1.162388008853977,1.1616033840533244,1.1622315715051768,2802
2024-07-11 23:00:00,1.1622315715051768,1.1635871116127772,1.1621692060946018,1.1634058553887419,9869
2024-07-12 00:00:00,1.1634058553887419,1.1634318695569985,1.1631642945708474,1.1633421581523131,1731
2024-07-12 01:00:00,1.1633421581523131,1.1645427176229177,1.1633165604795777,1.1640375253665638,946
2024-07-12 02:00:00,1.1640375253665638,1.164189848752746,1.163772568184484,1.1640389838250367,7945
2024-07-12 03:00:00,1.1640389838250367,1.1643051917673202,1.1639048009494997,1.1641902531685786,9187
2024-07-12 04:00:00,1.1641902531685786,1.1654295826317442,1.1641475954859015,1.165370217210035,9648
2024-07-12 05:00:00,1.165370217210035,1.1660580069426452,1.1651616441281232,1.166010290105059,1719
2024-07-12 06:00:00,1.166010290105059,1.1666201000725538,1.1658542379599632,1.166410023251084,1970
2024-07-12 07:00:00,1.166410023251084,1.1665300465421329,1.1655137167956366,1.165518000454627,2346
2024-07-12 08:00:00,1.165518000454627,1.1656348720567158,1.1654494038611538,1.1656067607760745,9754
2024-07-12 09:00:00,1.1656067607760745,1.1666545542657327,1.1655171977753,1.1662425114512078,2297
2024-07-12 10:00:00,1.1662425114512078,1.1671761800674492,1.1661140050174466,1.1670726830868732,6293
2024-07-12 11:00:00,1.1670726830868732,1.1676228896887757,1.166942574687665,1.1675647154506468,1463
2024-07-12 12:00:00,1.1675647154506468,1.168225012717815,1.1673655160292544,1.1678883297488665,3702
2024-07-12 13:00:00,1.1678883297488665,1.168006658476919,1.1674406740584988,1.1674421215211888,9150
2024-07-12 14:00:00,1.1674421215211888,1.1674575202540165,1.1665474914315102,1.1668004746105045,9069
2024-07-12 15:00:00,1.1668004746105045,1.1676954635821843,1.1665885708935657,1.1674730099235773,8341
2024-07-12 16:00:00,1.1674730099235773,1.1674990928889406,1.1673784661678102,1.1674278308339054,475
2024-07-12 17:00:00,1.1674278308339054,1.1675914041188953,1.1659555833509019,1.1660042276655522,122
2024-07-12 17:00:00,1.1660042276655522,1.1665258723067558,1.166002918072225,1.1663833167297903,2772
2024-07-12 18:00:00,1.1663833167297903,1.1669670183461065,1.1661820551286717,1.1668066613092407,1129
2024-07-12 18:00:00,1.1668066613092407,1.1670519392980252,1.1666525787250666,1.1666941042046697,4475
2024-07-12 19:00:00,1.1666941042046697,1.1672731316509342,1.1666582245968335,1.167247147870052,492
2024-07-12 19:00:00,1.167247147870052,1.1676672999949465,1.1672445550817576,1.1673304107270643,3617
2024-07-12 20:00:00,1.1673304107270643,1.1673930430316404,1.1661398494633568,1.1666964964918063,9385
2024-07-12 20:00:00,1.1666964964918063,1.1673549236115046,1.16650628511931,1.1673325402744648,9789
2024-07-12 21:00:00,1.1673325402744648,1.1674611389054115,1.1668965087770282,1.166902102085824,6224
2024-07-12 21:00:00,1.166902102085824,1.1673513396885355,1.1663400745188157,1.1664514337081813,7601
2024-07-12 22:00:00,1.1664514337081813,1.1678967911273874,1.1660799194191478,1.1677307386972433,8775
2024-07-12 22:00:00,1.1677307386972433,1.1683085413414251,1.167715104710016,1.1680337066509507,5023
2024-07-12 23:00:00,1.1680337066509507,1.1685699634977325,1.1679890052388915,1.1684125979715854,8522
2024-07-12 23:00:00,1.1684125979715854,1.1684411529622194,1.1674622180449663,1.1677310861393952,186
2024-07-13 00:00:00,1.1677310861393952,1.1679336245803054,1.1674933658072897,1.1675751988211325,4584
2024-07-13 01:00:00,1.1675751988211325,1.1677484057101772,1.1673118005199699,1.1673675496707958,1743
2024-07-13 02:00:00,1.1673675496707958,1.1674486205046617,1.1665237335128842,1.166751449659631,9010
2024-07-13 03:00:00,1.166751449659631,1.166756829630129,1.1660732048114266,1.1661069433603886,4932
2024-07-13 04:00:00,1.1661069433603886,1.1664458548927392,1.1660874561029928,1.1663242363679458,2329
2024-07-13 05:00:00,1.1663242363679458,1.166709826203994,1.1645482507830465,1.1645482651564583,2569
2024-07-13 06:00:00,1.1645482651564583,1.1649985769195312,1.1644575922256042,1.1649869739006524,6696
2024-07-13 07:00:00,1.1649869739006524,1.1666250272076075,1.1646566659579665,1.1665180556265062,2348
2024-07-13 08:00:00,1.1665180556265062,1.1677671564306182,1.166346856168445,1.167618310606706,682
2024-07-13 09:00:00,1.167618310606706,1.1677391382640563,1.1673917754976186,1.1675898607700266,4219
2024-07-13 10:00:00,1.1675898607700266,1.1683241673594038,1.1675076765712502,1.1682204647926833,972
2024-07-13 11:00:00,1.1682204647926833,1.1683375228989465,1.1679888890183185,1.1680537840498177,2483
2024-07-13 12:00:00,1.1680537840498177,1.168291162665337,1.167455682687987,1.167724719619056,8264
2024-07-13 13:00:00,1.167724719619056,1.167813848319954,1.167510910311542,1.1676351615303826,3821
2024-07-13 14:00:00,1.1676351615303826,1.1679517378136313,1.167444631661644,1.167766433776762,9784
2024-07-13 15:00:00,1.167766433776762,1.1688679132525581,1.167738639230451,1.168662450567948,7416
2024-07-13 16:00:00,1.168662450567948,1.168696293299581,1.167841326833806,1.1678494313105112,6997
2024-07-13 17:00:00,1.1678494313105112,1.168449007740623,1.1678450366513187,1.1683985831088688,1194
2024-07-13 18:00:00,1.1683985831088688,1.168895742091326,1.167119516157694,1.167236620470073,4107
2024-07-13 19:00:00,1.167236620470073,1.1680175234336674,1.1672284608264283,1.1678985593715765,4587
2024-07-13 20:00:00,1.1678985593715765,1.168484623428675,1.1669070586076895,1.1672762188717638,2395
2024-07-13 21:00:00,1.1672762188717638,1.1675651418600475,1.1671158610501735,1.1673692287971205,9420
2024-07-13 22:00:00,1.1673692287971205,1.1675838567774466,1.167055291660925,1.1674030268584763,5271
2024-07-13 23:00:00,1.1674030268584763,1.1679751856655807,1.167253504809422,1.1676390297405985,2405
2024-07-14 00:00:00,1.1676390297405985,1.1678309449190756,1.1666251790153763,1.1668311306482382,5704
2024-07-14 01:00:00,1.1668311306482382,1.1669709944228894,1.1661824721669798,1.166422042916045,8697
2024-07-14 02:00:00,1.166422042916045,1.1665586554323466,1.1654146610773413,1.1654935657983736,1754
2024-07-14 03:00:00,1.1654935657983736,1.1657325799110767,1.165482020097575,1.1654927229524379,5081
2024-07-14 04:00:00,1.1654927229524379,1.1655506196062755,1.1651426480798681,1.165484803235407,9879
2024-07-14 05:00:00,1.165484803235407,1.1666821163461614,1.1651441490502035,1.166428323341075,6610
2024-07-14 06:00:00,1.166428323341075,1.1665146764388736,1.1656827963918752,1.166015473734147,3873
2024-07-14 07:00:00,1.166015473734147,1.1670021644061983,1.1659325609614972,1.166791144080145,4545
2024-07-14 08:00:00,1.166791144080145,1.1668354647581816,1.165743876568808,1.166090039607417,6869
2024-07-14 09:00:00,1.166090039607417,1.166457998610286,1.1660107852946997,1.1662882312510903,7973
2024-07-14 10:00:00,1.1662882312510903,1.166992710211728,1.166174835198437,1.1667355001909552,2202
2024-07-14 11:00:00,1.1667355001909552,1.1668922948195537,1.1658165146682284,1.1658743149119486,3952
2024-07-14 12:00:00,1.1658743149119486,1.1661498400431614,1.1654297137103438,1.16573978908453,9087
2024-07-14 13:00:00,1.16573978908453,1.1662378454262052,1.164950792173643,1.1650840881590359,3004
2024-07-14 14:00:00,1.1650840881590359,1.165455374469023,1.1644648913107816,1.1645456689297298,1553
2024-07-14 15:00:00,1.1645456689297298,1.1646700220672475,1.1641870666928806,1.164206189297563,9170
2024-07-14 16:00:00,1.164206189297563,1.1643073187590371,1.1641207671878164,1.1642999158835379,8678
2024-07-14 17:00:00,1.1642999158835379,1.164821696526843,1.1642146423197433,1.164668669593421,2534
2024-07-14 18:00:00,1.164668669593421,1.1658019948958056,1.1646342854236396,1.1656155198474762,9472
2024-07-14 19:00:00,1.1656155198474762,1.1656794974410472,1.1646044882015354,1.1647930409465659,4619
2024-07-14 20:00:00,1.1647930409465659,1.1669989532737515,1.164639586432094,1.166764866122252,886
2024-07-14 21:00:00,1.166764866122252,1.168034819371455,1.1665727827381702,1.1680253164445027,6903
2024-07-14 22:00:00,1.1680253164445027,1.1692758512830594,1.1678265513867312,1.1691209310134825,3319
2024-07-14 23:00:00,1.1691209310134825,1.1694886980048216,1.169011537318857,1.1693222759613773,7358
2024-07-15 00:00:00,1.1693222759613773,1.169354264391037,1.1688730079280374,1.1689831440973688,6799
2024-07-15 01:00:00,1.1689831440973688,1.1691627302760448,1.1687929384586375,1.1689190744310571,1873
2024-07-15 02:00:00,1.1689190744310571,1.1689893959167135,1.1683651580958467,1.168413609727171,2142
2024-07-15 03:00:00,1.168413609727171,1.168796015276706,1.1681526216863694,1.168616346051691,9916
2024-07-15 04:00:00,1.168616346051691,1.168670168212197,1.1682136425819545,1.1684145062588311,7269
2024-07-15 05:00:00,1.1684145062588311,1.1702387801992549,1.1682428144903034,1.1701087179597556,7708
2024-07-15 06:00:00,1.1701087179597556,1.1707097969783118,1.1700939314867043,1.170390306134646,9540
2024-07-15 07:00:00,1.170390306134646,1.1704022281037236,1.1695903623201902,1.1699797267126595,4342
2024-07-15 08:00:00,1.1699797267126595,1.1706754715984995,1.1696445224209076,1.1706220836610717,1725
2024-07-15 09:00:00,1.1706220836610717,1.1707357620485772,1.1705412528799302,1.1707273121276918,1571
2024-07-15 10:00:00,1.1707273121276918,1.17103685340794,1.1699959606188617,1.1700658867271956,5649
2024-07-15 11:00:00,1.1700658867271956,1.1712559228353538,1.169777315976382,1.1711118490643746,1446
2024-07-15 12:00:00,1.1711118490643746,1.1715068943060503,1.1710338760327614,1.1713782472223397,9406
2024-07-15 13:00:00,1.1713782472223397,1.1717532105017714,1.1713543563420885,1.1716764816247776,113
2024-07-15 14:00:00,1.1716764816247776,1.1721534833843716,1.17093569394769,1.170971915860171,9463
2024-07-15 15:00:00,1.170971915860171,1.1721697946101621,1.1708251148613131,1.172124252786467,1926
2024-07-15 16:00:00,1.172124252786467,1.1729880876177283,1.1719280353338082,1.1726731007549704,8700
2024-07-15 17:00:00,1.1726731007549704,1.1729695244290572,1.171754189124035,1.1719415980610735,5607
2024-07-15 18:00:00,1.1719415980610735,1.1727128731269216,1.1715431281167616,1.1717579827762457,4252
2024-07-15 19:00:00,1.1717579827762457,1.1717642256941796,1.1705612636582492,1.1709847382215333,2661
2024-07-15 20:00:00,1.1709847382215333,1.171537894466818,1.1706841926853735,1.1713974817543469,2002
2024-07-15 21:00:00,1.1713974817543469,1.1714237058469967,1.170537800899635,1.1706064461133758,8696
2024-07-15 22:00:00,1.1706064461133758,1.1709777074786394,1.1705786509829033,1.170886227330081,8016
2024-07-15 23:00:00,1.170886227330081,1.1713017385444484,1.1708854270780338,1.1711698531670052,5820
2024-07-16 00:00:00,1.1711698531670052,1.1712370831675487,1.1704597524033449,1.170483637035492,958
2024-07-16 01:00:00,1.170483637035492,1.1709320286227198,1.170444266650197,1.1708323358062116,308
2024-07-16 02:00:00,1.1708323358062116,1.1708470839634528,1.1704934110300562,1.1706939553130917,2290
2024-07-16 03:00:00,1.1706939553130917,1.1710300751737623,1.1703001835428508,1.170889009507574,8209
2024-07-16 04:00:00,1.170889009507574,1.1710610463316176,1.1699069401720268,1.1699299035799564,7894
2024-07-16 05:00:00,1.1699299035799564,1.1703042465048197,1.1694965424315251,1.1695674604872461,1922
2024-07-16 06:00:00,1.1695674604872461,1.170006315944221,1.1692877355651343,1.169952306021532,7841
2024-07-16 07:00:00,1.169952306021532,1.1701259169523774,1.1692011638065825,1.169300504129031,645
2024-07-16 08:00:00,1.169300504129031,1.1696092230980604,1.1692963656124602,1.1695350742540016,9095
2024-07-16 09:00:00,1.1695350742540016,1.1697729088106226,1.168974385259092,1.1692568369845755,1227
2024-07-16 10:00:00,1.1692568369845755,1.1713067358505955,1.1692120037186773,1.170951140743655,6576
2024-07-16 11:00:00,1.170951140743655,1.1711943177486377,1.1709447356749814,1.1709964420944898,4192
2024-07-16 12:00:00,1.1709964420944898,1.171171792540784,1.1704889597925179,1.1706727207218584,346
2024-07-16 13:00:00,1.1706727207218584,1.170832222783234,1.1698100874513966,1.1698537991190643,8756
2024-07-16 14:00:00,1.1698537991190643,1.1704400541728694,1.1697334686332865,1.1702990838707246,6544
2024-07-16 15:00:00,1.1702990838707246,1.170683062853526,1.1700199058238319,1.170424604104149,719
2024-07-16 16:00:00,1.170424604104149,1.1716180490546848,1.1703475824977239,1.171307330092595,2058
2024-07-16 17:00:00,1.171307330092595,1.171829936401508,1.1708583504097652,1.1716901556432076,6781
2024-07-16 18:00:00,1.1716901556432076,1.1725469337779781,1.1715739722077687,1.172312112901903,9521
2024-07-16 19:00:00,1.172312112901903,1.1724973264205496,1.171400383460491,1.171401117678187,8648
2024-07-16 20:00:00,1.171401117678187,1.1722051222620995,1.1713835926471532,1.1721245038041488,2478
2024-07-16 21:00:00,1.1721245038041488,1.1724866108281233,1.1719706937826315,1.1724564739823529,3451
2024-07-16 22:00:00,1.1724564739823529,1.1732490675197236,1.172161705802991,1.1730033742216388,984
2024-07-16 23:00:00,1.1730033742216388,1.1731820688005241,1.171544310054032,1.1716482984215164,6685
2024-07-17 00:00:00,1.1716482984215164,1.1723067285329993,1.1714970753862815,1.172274116277054,9749
2024-07-17 01:00:00,1.172274116277054,1.17240814972948,1.1718615973729172,1.1718678765603303,6443
2024-07-17 02:00:00,1.1718678765603303,1.1733623186382465,1.1718579756311174,1.17323655587258,650
2024-07-17 03:00:00,1.17323655587258,1.173698979622779,1.173053297263179,1.1736425040725391,8491
2024-07-17 04:00:00,1.1736425040725391,1.1747576459594185,1.1731640443958051,1.174361143346679,9682
2024-07-17 05:00:00,1.174361143346679,1.1750290277504103,1.1741801933860272,1.1748398148479853,3842
2024-07-17 06:00:00,1.1748398148479853,1.175505291307139,1.1746749301902526,1.1751593338296478,1543
2024-07-17 07:00:00,1.1751593338296478,1.1753235740595982,1.1744282718339802,1.1745392452820231,4874
2024-07-17 08:00:00,1.1745392452820231,1.1747794878458018,1.1741186297723085,1.1742861781071783,8568
2024-07-17 09:00:00,1.1742861781071783,1.1744641500049084,1.173972509516068,1.1740297852126682,153
2024-07-17 10:00:00,1.1740297852126682,1.17500993841776,1.173787708690856,1.1749854979875518,263
2024-07-17 11:00:00,1.1749854979875518,1.1755732480954355,1.1745149406935746,1.1754650824533586,6898
2024-07-17 12:00:00,1.1754650824533586,1.1766756822892381,1.1750828867776495,1.176485415768016,2889
2024-07-17 13:00:00,1.176485415768016,1.1766536400415282,1.1755456315875954,1.1758940160939741,4617
2024-07-17 14:00:00,1.1758940160939741,1.1760044177560374,1.1757667175668212,1.1758805779003991,9545
2024-07-17 15:00:00,1.1758805779003991,1.1761631356159574,1.1736181665376393,1.1736982277562702,9621
2024-07-17 16:00:00,1.1736982277562702,1.1741139317060483,1.173478508026458,1.173540478471396,9277
2024-07-17 17:00:00,1.173540478471396,1.1748411594983539,1.1732733854127064,1.1746973868144457,5459
2024-07-17 18:00:00,1.1746973868144457,1.1757220545471136,1.1742923795515436,1.1756986167403007,5752
2024-07-17 19:00:00,1.1756986167403007,1.1761259408718885,1.1756849379681733,1.1760567077076776,1180
2024-07-17 20:00:00,1.1760567077076776,1.176926505496086,1.1757409846295819,1.1769234827780688,8950
2024-07-17 21:00:00,1.1769234827780688,1.1769632059226445,1.1766295472830899,1.176830055675491,5248
2024-07-17 22:00:00,1.176830055675491,1.1773520801739703,1.1765351168784217,1.177081338205975,2365
2024-07-17 23:00:00,1.177081338205975,1.1771450859858905,1.176329325845822,1.1765656319964881,4741
2024-07-18 00:00:00,1.1765656319964881,1.1767111300373194,1.1758823576197983,1.1763235446557812,948
2024-07-18 01:00:00,1.1763235446557812,1.1765609701062627,1.175419657035529,1.1756424259110092,8757
2024-07-18 02:00:00,1.1756424259110092,1.1759454707269987,1.175523259538107,1.1757368622216315,4761
2024-07-18 03:00:00,1.1757368622216315,1.1761073307222536,1.1755694718309382,1.1756188889620756,7811
2024-07-18 04:00:00,1.1756188889620756,1.1758656277949413,1.1753312113561054,1.1753816773507797,4699
2024-07-18 05:00:00,1.1753816773507797,1.1754964902934932,1.1748707681392954,1.1752380659070094,5761
2024-07-18 06:00:00,1.1752380659070094,1.1757039209099116,1.1752310737677787,1.175595469031662,9666
2024-07-18 07:00:00,1.175595469031662,1.1760927271218973,1.1752557836498145,1.1760804765798292,6211
2024-07-18 08:00:00,1.1760804765798292,1.176437481747643,1.175111704537488,1.1751573480443749,5615
2024-07-18 09:00:00,1.1751573480443749,1.1761541210602071,1.1748396474170932,1.1760212039626174,8710
2024-07-18 10:00:00,1.1760212039626174,1.1769332013004492,1.175860541390936,1.176800753684716,1559
2024-07-18 11:00:00,1.176800753684716,1.177046457205999,1.1764521908204673,1.1767001121827434,4632
2024-07-18 12:00:00,1.1767001121827434,1.1767355767403214,1.1766004724977723,1.1766510510569104,6129
2024-07-18 13:00:00,1.1766510510569104,1.1768430632318507,1.1763633775463895,1.1764233367807042,6389
2024-07-18 14:00:00,1.1764233367807042,1.1773910012654127,1.1763770555104487,1.1773384247708056,2313
2024-07-18 15:00:00,1.1773384247708056,1.1779559459219622,1.1772759217375666,1.1776990629165711,697
2024-07-18 16:00:00,1.1776990629165711,1.1777055593275219,1.177087583085866,1.177279887623332,9481
2024-07-18 17:00:00,1.177279887623332,1.177629335089034,1.1755830834471481,1.1756942297109687,5628
2024-07-18 18:00:00,1.1756942297109687,1.176269436167378,1.1752509624423229,1.1753966682175672,8737
2024-07-18 19:00:00,1.1753966682175672,1.1762844814043147,1.1753649898264167,1.176156023005594,4849
2024-07-18 20:00:00,1.176156023005594,1.177030335395695,1.17607910651685,1.1768132976124681,146
2024-07-18 21:00:00,1.1768132976124681,1.1770261968967026,1.1758143767541083,1.1759461903598687,9804
2024-07-18 22:00:00,1.1759461903598687,1.176088937403801,1.175085865596491,1.1751514596745856,7990
2024-07-18 23:00:00,1.1751514596745856,1.1760548088702645,1.1751362391912918,1.175904186554225,1386
2024-07-19 00:00:00,1.175904186554225,1.1761251115490439,1.1755237836509622,1.1756599279727857,2801
2024-07-19 01:00:00,1.1756599279727857,1.1769645133770825,1.1755661958708898,1.1767179400188053,1042
2024-07-19 02:00:00,1.1767179400188053,1.1777564368351678,1.1766403745504035,1.1775659187335774,2390
2024-07-19 03:00:00,1.1775659187335774,1.178859690577712,1.1772419347729397,1.178516984631844,1003
2024-07-19 04:00:00,1.178516984631844,1.1790161311214615,1.1784010677874912,1.1788288271523004,5552
2024-07-19 05:00:00,1.1788288271523004,1.1792286447148799,1.1774139186245858,1.1777256439279784,2759
2024-07-19 06:00:00,1.1777256439279784,1.1785219211345117,1.1776360242853081,1.1783613311492078,1231
2024-07-19 07:00:00,1.1783613311492078,1.1784659254639873,1.1776381852030382,1.1776524880048929,2468
2024-07-19 08:00:00,1.1776524880048929,1.1778442287507216,1.1759702392395748,1.1763344326846281,7048
2024-07-19 09:00:00,1.1763344326846281,1.1777447753854153,1.1762671686102621,1.1777149868261672,3644
2024-07-19 10:00:00,1.1777149868261672,1.1780897021049466,1.1774783397373034,1.1776570235544712,8758
2024-07-19 11:00:00,1.1776570235544712,1.1777410713694443,1.1772185735442682,1.1774557551953542,4157
2024-07-19 12:00:00,1.1774557551953542,1.1776014028168154,1.1768261567392928,1.1768545869740132,4950
2024-07-19 13:00:00,1.1768545869740132,1.1776820917498225,1.176550145913028,1.1774386657655913,4134
2024-07-19 14:00:00,1.1774386657655913,1.1779731072424855,1.17699722617729,1.1772144167240057,1235
2024-07-19 15:00:00,1.1772144167240057,1.1773557853932686,1.176913231498312,1.177076847295773,9770
2024-07-19 16:00:00,1.177076847295773,1.1774910961092617,1.1769207780404176,1.1769930965004314,4483
2024-07-19 17:00:00,1.1769930965004314,1.177107783258769,1.1754746262458893,1.1756498210134718,5672
2024-07-19 17:00:00,1.1756498210134718,1.1767592655517385,1.1752241029717065,1.1765110386877355,8632
2024-07-19 18:00:00,1.1765110386877355,1.176745003609359,1.1763989557612937,1.1765955187601609,759
2024-07-19 18:00:00,1.1765955187601609,1.1767222333089773,1.1748683801094248,1.174965937312927,285
2024-07-19 19:00:00,1.174965937312927,1.1751147032398435,1.1746064881749434,1.1747425487533556,2176
2024-07-19 19:00:00,1.1747425487533556,1.1748275984225014,1.1742166165797243,1.1743841833152293,1531
2024-07-19 20:00:00,1.1743841833152293,1.175104833466631,1.1743518454936244,1.1750548988730694,846
2024-07-19 20:00:00,1.1750548988730694,1.1756337358845836,1.1747794646265952,1.1750180184269245,3934
2024-07-19 21:00:00,1.1750180184269245,1.1760763200058317,1.1749905983224465,1.175862989332048,8824
2024-07-19 21:00:00,1.175862989332048,1.1761213109806805,1.1757044647659738,1.1761103830923516,7156
2024-07-19 22:00:00,1.1761103830923516,1.1762302853405844,1.1754348558082344,1.1756469677838528,7359
2024-07-19 22:00:00,1.1756469677838528,1.1760814461545945,1.1755050475795725,1.1757327072531831,3075
2024-07-19 23:00:00,1.1757327072531831,1.1760449118392726,1.1741715477118662,1.1743378205627613,6415
2024-07-19 23:00:00,1.1743378205627613,1.1743579449849284,1.1737379336558253,1.1738407618539775,4309
2024-07-20 00:00:00,1.1738407618539775,1.1747434829715104,1.1738093681285677,1.174421125958813,9413
2024-07-20 01:00:00,1.174421125958813,1.1744806597418755,1.1736581024296495,1.173700725180468,7522
2024-07-20 02:00:00,1.173700725180468,1.1737980672865331,1.1733086916734605,1.1735721113128115,3193
2024-07-20 03:00:00,1.1735721113128115,1.1739204749958034,1.1728503746422754,1.173007339715985,9436
2024-07-20 04:00:00,1.173007339715985,1.1748648070558263,1.1729990219024733,1.1741442406286642,8502
2024-07-20 05:00:00,1.1741442406286642,1.1755404774299303,1.1737893927050562,1.1753412709292688,3873
2024-07-20 06:00:00,1.1753412709292688,1.1754052240319652,1.17488894192524,1.1749254818796244,2963
2024-07-20 07:00:00,1.1749254818796244,1.1757655180485267,1.1748645460871057,1.1756698887039854,7915
2024-07-20 08:00:00,1.1756698887039854,1.1760810986500772,1.1755538631754456,1.1756982974844745,2533
2024-07-20 09:00:00,1.1756982974844745,1.17684680160613,1.1754664410046283,1.1766158778926223,7551
2024-07-20 10:00:00,1.1766158778926223,1.1767048719332198,1.175560281424101,1.1759074898360113,2023
2024-07-20 11:00:00,1.1759074898360113,1.1767780786865785,1.1756847855653196,1.1764475118493107,740
2024-07-20 12:00:00,1.1764475118493107,1.1764862209991442,1.1756745522968548,1.1756954816217065,9906
2024-07-20 13:00:00,1.1756954816217065,1.1758447605964109,1.1755784815564796,1.1756315471674796,1584
2024-07-20 14:00:00,1.1756315471674796,1.1756685241640994,1.1750234263482333,1.1751868065985989,5954
2024-07-20 15:00:00,1.1751868065985989,1.175310085316197,1.1748335581166645,1.1752577438595018,3892
2024-07-20 16:00:00,1.1752577438595018,1.1755865102447989,1.175210094999122,1.1755405927654037,2025
2024-07-20 17:00:00,1.1755405927654037,1.1755965463069493,1.1752644261479441,1.175456290300988,1431
2024-07-20 18:00:00,1.175456290300988,1.1756359150675042,1.1746831532295965,1.174832280396157,5552
2024-07-20 19:00:00,1.174832280396157,1.1753428876715317,1.174674754524366,1.1752002018663283,6433
2024-07-20 20:00:00,1.1752002018663283,1.1752779157156787,1.1743114010206979,1.1743148778426065,7257
2024-07-20 21:00:00,1.1743148778426065,1.1746592163650336,1.1734633552832394,1.1735181644810166,2240
2024-07-20 22:00:00,1.1735181644810166,1.1745331220014938,1.1734158257066343,1.1740641275475896,7675
2024-07-20 23:00:00,1.1740641275475896,1.1740988248657325,1.1734354766919803,1.1737249036516693,1743
2024-07-21 00:00:00,1.1737249036516693,1.1744733770236064,1.17344502904244,1.1744639529692442,6959
2024-07-21 01:00:00,1.1744639529692442,1.1745359061100775,1.172703950153174,1.1727103040957134,5197
2024-07-21 02:00:00,1.1727103040957134,1.1731126484108019,1.1722993002554627,1.172463880973658,6002
2024-07-21 03:00:00,1.172463880973658,1.1730271366476066,1.1722285534639347,1.1730149487452495,8290
2024-07-21 04:00:00,1.1730149487452495,1.173954757605521,1.1729421704728196,1.1737949170616726,3810
2024-07-21 05:00:00,1.1737949170616726,1.174015297123259,1.1737336971830064,1.1738776953602899,9969
2024-07-21 06:00:00,1.1738776953602899,1.173896735583398,1.173601276137528,1.173860818942451,2852
2024-07-21 07:00:00,1.173860818942451,1.1739597174628276,1.1723085255661987,1.1723160545792182,9695
2024-07-21 08:00:00,1.1723160545792182,1.1730541317955352,1.1722099642086004,1.172939150587352,6293
2024-07-21 09:00:00,1.172939150587352,1.173036483148817,1.1716963840081294,1.171853600247891,8530
2024-07-21 10:00:00,1.171853600247891,1.1721087708888271,1.1705809365427657,1.1707557552233188,7502
2024-07-21 11:00:00,1.1707557552233188,1.1707568374902493,1.1702672342431608,1.170500712378901,418
2024-07-21 12:00:00,1.170500712378901,1.1708687282343884,1.1703769863887517,1.1706994072659107,8853
2024-07-21 13:00:00,1.1706994072659107,1.1718637616409553,1.1705828416520194,1.1715778066690523,5312
2024-07-21 14:00:00,1.1715778066690523,1.1723243757879669,1.1711190742645783,1.1721654401233579,3513
2024-07-21 15:00:00,1.1721654401233579,1.1725228336364681,1.1714936298294463,1.1716731476303976,6485
2024-07-21 16:00:00,1.1716731476303976,1.171730633672043,1.1711217933406481,1.1711796174260816,2759
2024-07-21 17:00:00,1.1711796174260816,1.1716531360333873,1.1709097830052528,1.171576210006973,1607
2024-07-21 18:00:00,1.171576210006973,1.1721641445625164,1.1715335918919993,1.1719467384969162,7189
2024-07-21 19:00:00,1.1719467384969162,1.17199843053178,1.1712536133945968,1.1713189099193526,5061
2024-07-21 20:00:00,1.1713189099193526,1.172776491981843,1.170930571109854,1.1726529243380672,2120
2024-07-21 21:00:00,1.1726529243380672,1.1728438002827277,1.1716893252566893,1.1717724328554568,254
2024-07-21 22:00:00,1.1717724328554568,1.1725521316711038,1.1716462618477144,1.1725068027463905,8833
2024-07-21 23:00:00,1.1725068027463905,1.1739217372505064,1.1723189301335761,1.1738947261095496,7478
2024-07-22 00:00:00,1.1738947261095496,1.1746017531237376,1.1737970988535211,1.1743688437681157,7992
2024-07-22 01:00:00,1.1743688437681157,1.1751983738670082,1.1739621839459076,1.1750347470226807,1704
2024-07-22 02:00:00,1.1750347470226807,1.1754213900032995,1.1747993630442544,1.175104610885082,9976
2024-07-22 03:00:00,1.175104610885082,1.175280753935235,1.1748588655329928,1.1751618606389245,2636
2024-07-22 04:00:00,1.1751618606389245,1.1756373740810475,1.1748664781796625,1.1753987948423201,9571
2024-07-22 05:00:00,1.1753987948423201,1.1754733865443627,1.1748485286341506,1.1750775102856783,2999
2024-07-22 06:00:00,1.1750775102856783,1.1750788810846586,1.1747604958043358,1.1749841896866244,5961
2024-07-22 07:00:00,1.1749841896866244,1.1756684441578735,1.1747232309319002,1.1754171903288915,5378
2024-07-22 08:00:00,1.1754171903288915,1.1755292627190248,1.1751756244536566,1.1752846299682411,968
2024-07-22 09:00:00,1.1752846299682411,1.1761613770322277,1.1752327531015525,1.1757797748620318,3113
2024-07-22 10:00:00,1.1757797748620318,1.1759667244879402,1.174282882809027,1.1743278092721983,3410
2024-07-22 11:00:00,1.1743278092721983,1.1751336441247566,1.1741505615855257,1.1748867150412603,782
2024-07-22 12:00:00,1.1748867150412603,1.1752332889210941,1.1747955345146268,1.17508011210743,1561
2024-07-22 13:00:00,1.17508011210743,1.1758325879292575,1.1747291604237746,1.1758242519736315,3929
2024-07-22 14:00:00,1.1758242519736315,1.1771077658524987,1.1756667196552695,1.1769652891835254,245
2024-07-22 15:00:00,1.1769652891835254,1.1773659515596018,1.1759331826543236,1.1759986481424278,2074
2024-07-22 16:00:00,1.1759986481424278,1.176062029552149,1.1752461324288856,1.175559662500843,5727
2024-07-22 17:00:00,1.175559662500843,1.1755840809201332,1.1751448862092675,1.175386291511953,1920
2024-07-22 18:00:00,1.175386291511953,1.176415843362889,1.1753730557455802,1.1763528306409692,6367
2024-07-22 19:00:00,1.1763528306409692,1.1766633267157263,1.1756697290479061,1.1757188860513823,7968
2024-07-22 20:00:00,1.1757188860513823,1.1761844058979685,1.1741583514543041,1.1743124475416415,7062
2024-07-22 21:00:00,1.1743124475416415,1.1744100783945493,1.1736920843680008,1.1737952939992211,6575
2024-07-22 22:00:00,1.1737952939992211,1.1741729600093787,1.1734807439180828,1.1741561340927489,8896
2024-07-22 23:00:00,1.1741561340927489,1.1742925384557217,1.1736525984005999,1.1738936723117568,6432
2024-07-23 00:00:00,1.1738936723117568,1.1758071526500429,1.1737495268640976,1.1755085862717698,1706
2024-07-23 01:00:00,1.1755085862717698,1.1759112504609892,1.1751669981734392,1.1752717089219646,4339
2024-07-23 02:00:00,1.1752717089219646,1.1753152147987314,1.1740669259451846,1.1742676203629132,1647
2024-07-23 03:00:00,1.1742676203629132,1.1755276062679352,1.1742078872847972,1.175333261005983,7073
2024-07-23 04:00:00,1.175333261005983,1.1755148593544187,1.1741385641095914,1.1742080692083967,2872
2024-07-23 05:00:00,1.1742080692083967,1.1750300637522284,1.174207987371217,1.174732329215472,2087
2024-07-23 06:00:00,1.174732329215472,1.1748281446265716,1.1740432606597653,1.1742776952691705,9677
2024-07-23 07:00:00,1.1742776952691705,1.1758435127759388,1.1742451284612603,1.175676545628422,2996
2024-07-23 08:00:00,1.175676545628422,1.1758286923977774,1.175372814201817,1.1754232938431473,7075
2024-07-23 09:00:00,1.1754232938431473,1.17546721417951,1.174090164317765,1.1740944109309202,8274
2024-07-23 10:00:00,1.1740944109309202,1.174152359736303,1.173115827195054,1.173313862202768,9237
2024-07-23 11:00:00,1.173313862202768,1.1739904013109255,1.1730400356702915,1.1738601633570105,9597
2024-07-23 12:00:00,1.1738601633570105,1.1741352274934223,1.1727715922122082,1.173171937308455,6682
2024-07-23 13:00:00,1.173171937308455,1.1736938485827875,1.1731193302720915,1.1736037289165318,8450
2024-07-23 14:00:00,1.1736037289165318,1.1737069559097493,1.173032843192589,1.17333881989027,6113
2024-07-23 15:00:00,1.17333881989027,1.173565843774152,1.1725186751912056,1.1726920212378722,1450
2024-07-23 16:00:00,1.1726920212378722,1.1727798553227586,1.1719358511945985,1.1720646337966578,7784
2024-07-23 17:00:00,1.1720646337966578,1.1720805699926269,1.170644463742636,1.170673157688697,7157
2024-07-23 18:00:00,1.170673157688697,1.1711872551304383,1.1706089238088884,1.1709343012250832,9946
2024-07-23 19:00:00,1.1709343012250832,1.1710813949269396,1.169985828293168,1.1699917525215595,8085
2024-07-23 20:00:00,1.1699917525215595,1.1709881951524252,1.1697637360013549,1.1705842251818726,5975
2024-07-23 21:00:00,1.1705842251818726,1.170668296247188,1.1695070015034879,1.1697068314224113,7380
2024-07-23 22:00:00,1.1697068314224113,1.170361793125051,1.1695657446775998,1.1703115369527861,3130
2024-07-23 23:00:00,1.1703115369527861,1.1706026771357794,1.1701518492075895,1.170441382024779,775
2024-07-24 00:00:00,1.170441382024779,1.170718202030957,1.1689595030721527,1.1690471260576136,468
2024-07-24 01:00:00,1.1690471260576136,1.1696470955542833,1.1688197479191338,1.1696121108607949,6870
2024-07-24 02:00:00,1.1696121108607949,1.169788474516835,1.169225093523775,1.169230379305015,9495
2024-07-24 03:00:00,1.169230379305015,1.1694818262971498,1.1681860936564725,1.1685346669504828,3460
2024-07-24 04:00:00,1.1685346669504828,1.1687027396703937,1.1677190973512903,1.1677742899705814,1571
2024-07-24 05:00:00,1.1677742899705814,1.1686066228468235,1.1677626410984496,1.1684299340256712,5451
2024-07-24 06:00:00,1.1684299340256712,1.1693555141430756,1.168112205191952,1.1691485531103865,1448
2024-07-24 07:00:00,1.1691485531103865,1.1693125529375699,1.1683356989100337,1.168559868763596,3116
2024-07-24 08:00:00,1.168559868763596,1.1694717836160449,1.1682147650522452,1.1690054863975334,769
2024-07-24 09:00:00,1.1690054863975334,1.1690165712099299,1.1684393395163344,1.1685167077079317,5827
2024-07-24 10:00:00,1.1685167077079317,1.1686814363339029,1.167737785087019,1.1678807662564288,1354
2024-07-24 11:00:00,1.1678807662564288,1.1682963975798508,1.167459813989558,1.167566956916158,2108
2024-07-24 12:00:00,1.167566956916158,1.1679524120314624,1.1674811392354358,1.1678818619864106,926
2024-07-24 13:00:00,1.1678818619864106,1.168541414342202,1.167870166572717,1.1684964351832248,2411
2024-07-24 14:00:00,1.1684964351832248,1.1685086088587089,1.1680542431682193,1.1681024966432725,8741
2024-07-24 15:00:00,1.1681024966432725,1.1684537103659065,1.1680910806626332,1.1684071193632168,8840
2024-07-24 16:00:00,1.1684071193632168,1.1684513450087997,1.1681639205395768,1.1682000327272164,1734
2024-07-24 17:00:00,1.1682000327272164,1.1686619027294085,1.1681933906912394,1.1685425636532265,8008
2024-07-24 18:00:00,1.1685425636532265,1.1697932620873905,1.1685394929628754,1.1696542291707603,3769
2024-07-24 19:00:00,1.1696542291707603,1.1698303233918461,1.1685796388084049,1.1686661777005265,9930
2024-07-24 20:00:00,1.1686661777005265,1.1688846449601167,1.1673380052644873,1.1673643688110067,4819
2024-07-24 21:00:00,1.1673643688110067,1.1688531121993673,1.1672520664067179,1.1685457810336193,4548
2024-07-24 22:00:00,1.1685457810336193,1.1686825897226274,1.1679171865181672,1.1681025634846245,1107
2024-07-24 23:00:00,1.1681025634846245,1.1685209555436298,1.1675505515623767,1.1678245793433377,1110
2024-07-25 00:00:00,1.1678245793433377,1.1689567415771691,1.167508144321049,1.1687338401235503,7764
2024-07-25 01:00:00,1.1687338401235503,1.1687344528510384,1.1684304280862188,1.1686391279852377,2900
2024-07-25 02:00:00,1.1686391279852377,1.1699524749632433,1.1686172606045182,1.1699071551304403,8601
2024-07-25 03:00:00,1.1699071551304403,1.1700092431260405,1.1688147253545755,1.168885696662627,7827
2024-07-25 04:00:00,1.168885696662627,1.168975138809936,1.168443714771978,1.1684994077147217,7628
2024-07-25 05:00:00,1.1684994077147217,1.1685142776176833,1.1679935484324233,1.1680635435395486,8447
2024-07-25 06:00:00,1.1680635435395486,1.1681536224277116,1.167473164541562,1.1675689745362694,9928
2024-07-25 07:00:00,1.1675689745362694,1.1680442762481622,1.167438398461975,1.1676241733849155,5157
2024-07-25 08:00:00,1.1676241733849155,1.1683768702902748,1.1674507104831646,1.168138540582495,4561
2024-07-25 09:00:00,1.168138540582495,1.1685615763888875,1.1679727205720718,1.1681714229234132,3252
2024-07-25 10:00:00,1.1681714229234132,1.168465123795653,1.1680806462036435,1.1681911185203777,7907
2024-07-25 11:00:00,1.1681911185203777,1.1685126419977425,1.1678029706704092,1.1678862499221578,7938
2024-07-25 12:00:00,1.1678862499221578,1.1694006628243248,1.1676985716553459,1.1692162910883392,3230
2024-07-25 13:00:00,1.1692162910883392,1.169230554666442,1.1682327037219071,1.1684812937625155,9552
2024-07-25 14:00:00,1.1684812937625155,1.1694321828668683,1.1683796200271712,1.1693724972869717,4667
2024-07-25 15:00:00,1.1693724972869717,1.169682259807884,1.169059919323036,1.1693937441734334,5634
2024-07-25 16:00:00,1.1693937441734334,1.1694172145760884,1.169071404485046,1.1694008835311338,4569
2024-07-25 17:00:00,1.1694008835311338,1.169921934536298,1.1689779748386735,1.1697719793612915,3480
2024-07-25 18:00:00,1.1697719793612915,1.1707172112437052,1.1695885380220246,1.17060504258651,1730
2024-07-25 19:00:00,1.17060504258651,1.1710855126828863,1.1703928162351203,1.1709626068150516,9437
2024-07-25 20:00:00,1.1709626068150516,1.171342883748169,1.1697397223565282,1.1697420897857762,6876
2024-07-25 21:00:00,1.1697420897857762,1.1701611259460527,1.1695579388727249,1.16991196163506,135
2024-07-25 22:00:00,1.16991196163506,1.169974287399805,1.1693456265675417,1.1694845064359711,824
2024-07-25 23:00:00,1.1694845064359711,1.1695379846961307,1.1689963323272232,1.1692536862784983,9768
2024-07-26 00:00:00,1.1692536862784983,1.1692964123401954,1.1689870698923441,1.1691728265663408,2606
2024-07-26 01:00:00,1.1691728265663408,1.1698556418410846,1.1691192011602152,1.1698353306439626,3397
2024-07-26 02:00:00,1.1698353306439626,1.1700837447230792,1.1695915884238088,1.169955724792736,990
2024-07-26 03:00:00,1.169955724792736,1.170054998041463,1.1691353178629857,1.1692078200652545,1500
2024-07-26 04:00:00,1.1692078200652545,1.1698608297313342,1.1691309736819506,1.1695137035561631,8019
2024-07-26 05:00:00,1.1695137035561631,1.1695856077685913,1.169004332487499,1.1690843770779789,9318
2024-07-26 06:00:00,1.1690843770779789,1.1695726827921626,1.168384001114123,1.1685022759588015,4201
2024-07-26 07:00:00,1.1685022759588015,1.1685339219861037,1.1681649239427507,1.1682926977174866,7671
2024-07-26 08:00:00,1.1682926977174866,1.1684038971278008,1.1664541411041016,1.1665159140302162,2760
2024-07-26 09:00:00,1.1665159140302162,1.166662136198154,1.166256283692396,1.166384111535953,6058
2024-07-26 10:00:00,1.166384111535953,1.1666164917619444,1.1661012156193613,1.1663081555585788,3849
2024-07-26 11:00:00,1.1663081555585788,1.168105936940729,1.1662798279329516,1.1679468496239824,8967
2024-07-26 12:00:00,1.1679468496239824,1.1686750556005407,1.1679090735966398,1.168454081609601,8809
2024-07-26 13:00:00,1.168454081609601,1.1685917238122694,1.1682664971110803,1.1685416714647403,4579
2024-07-26 14:00:00,1.1685416714647403,1.1687233896837779,1.1677452859309532,1.1678367284581956,7205
2024-07-26 15:00:00,1.1678367284581956,1.168068997832339,1.1670989850675348,1.1672928410634826,6733
2024-07-26 16:00:00,1.1672928410634826,1.1677520227024354,1.1669631275435601,1.1675399418602197,6794
2024-07-26 17:00:00,1.1675399418602197,1.16804625848592,1.166776405174487,1.166889629363877,5494
2024-07-26 17:00:00,1.166889629363877,1.1671588035755522,1.1666953583548305,1.1667130201574873,4803
2024-07-26 18:00:00,1.1667130201574873,1.1669247945268024,1.1666093115422214,1.1666686050554311,8453
2024-07-26 18:00:00,1.1666686050554311,1.167042675995933,1.1666460009133715,1.167026304446661,700
2024-07-26 19:00:00,1.167026304446661,1.1673018803750246,1.165992997918635,1.1663945891378074,9851
2024-07-26 19:00:00,1.1663945891378074,1.167150715308902,1.1661564472514183,1.166866743801985,8956
2024-07-26 20:00:00,1.166866743801985,1.166984504115309,1.1656871330370975,1.1659685528949297,5057
2024-07-26 20:00:00,1.1659685528949297,1.1664565152133928,1.1658551045535683,1.1663698441251587,6273
2024-07-26 21:00:00,1.1663698441251587,1.1667822262951906,1.1662566421794547,1.1667353530908466,4676
2024-07-26 21:00:00,1.1667353530908466,1.1667945385988885,1.1656362714481119,1.1658884002713097,4416
2024-07-26 22:00:00,1.1658884002713097,1.1665798474522335,1.1657347862002168,1.1664407035120645,7833
2024-07-26 22:00:00,1.1664407035120645,1.1665735260549905,1.1652758715230045,1.1654540051496536,6363
2024-07-26 23:00:00,1.1654540051496536,1.1657694706090638,1.164530758545406,1.1646318484496772,6112
2024-07-26 23:00:00,1.1646318484496772,1.1646664109056315,1.1638077786227454,1.164231638896283,8040
2024-07-27 00:00:00,1.164231638896283,1.1658873375982222,1.1639844976914786,1.1653672304127363,6757
2024-07-27 01:00:00,1.1653672304127363,1.1655653076600585,1.163666641131143,1.1636877412811022,1490
2024-07-27 02:00:00,1.1636877412811022,1.1651346651096217,1.1634556991274807,1.1647942356449212,7347
2024-07-27 03:00:00,1.1647942356449212,1.1649679710280174,1.164543375716085,1.1645895069498586,7626
2024-07-27 04:00:00,1.1645895069498586,1.1648709247773794,1.1645234733373573,1.1646024740721186,4386
2024-07-27 05:00:00,1.1646024740721186,1.1647334941264431,1.1634818948343661,1.163762522515984,2057
2024-07-27 06:00:00,1.163762522515984,1.1641740696084912,1.1637476014381603,1.164115549919343,9951
2024-07-27 07:00:00,1.164115549919343,1.16428697686143,1.1637026806475268,1.1637417169821098,3188
2024-07-27 08:00:00,1.1637417169821098,1.1642557232745798,1.163471162146959,1.1642372111511456,5289
2024-07-27 09:00:00,1.1642372111511456,1.1657010188434545,1.164039068446868,1.1654560225618433,1927
2024-07-27 10:00:00,1.1654560225618433,1.1657242645242167,1.164916020433227,1.1649740948020302,9408
2024-07-27 11:00:00,1.1649740948020302,1.1659747487014844,1.1648441059429686,1.1659239055714268,2105
2024-07-27 12:00:00,1.1659239055714268,1.1659585613010854,1.165740266812536,1.1657418668221913,1261
2024-07-27 13:00:00,1.1657418668221913,1.165930055943015,1.1655964682236677,1.1657631529719006,6690
2024-07-27 14:00:00,1.1657631529719006,1.1658315190362698,1.1645887942319058,1.1647677257222442,267
2024-07-27 15:00:00,1.1647677257222442,1.1653086030882867,1.1646188627937717,1.1651464020403939,8580
2024-07-27 16:00:00,1.1651464020403939,1.1659501277556308,1.1651411169361205,1.1656012655051462,1137
2024-07-27 17:00:00,1.1656012655051462,1.1659134410464425,1.1651861234303316,1.16531839142316,6298
2024-07-27 18:00:00,1.16531839142316,1.1658102241799126,1.1652402410691791,1.1654418485794944,4923
2024-07-27 19:00:00,1.1654418485794944,1.165475220457473,1.1641078005438759,1.16425429131907,7628
2024-07-27 20:00:00,1.16425429131907,1.1649560835961472,1.1641940249467895,1.1647667616141049,4073
2024-07-27 21:00:00,1.1647667616141049,1.1653946261035595,1.1642418793808962,1.1653812921524767,9476
2024-07-27 22:00:00,1.1653812921524767,1.1656268897143938,1.1643071540409862,1.1645795599773863,9774
2024-07-27 23:00:00,1.1645795599773863,1.1647701775883847,1.1642548028371211,1.1644983634981856,299
2024-07-28 00:00:00,1.1644983634981856,1.164571669399286,1.164484577287724,1.1645270617943206,8626
2024-07-28 01:00:00,1.1645270617943206,1.1645627719108809,1.1645005005339053,1.1645540413640203,3513
2024-07-28 02:00:00,1.1645540413640203,1.1645984500736495,1.164182445367925,1.1643802737839413,278
2024-07-28 03:00:00,1.1643802737839413,1.1643882428684975,1.1636964129271146,1.1638148793680854,8741
2024-07-28 04:00:00,1.1638148793680854,1.1646894860710597,1.1638144178990057,1.1645049363583468,1824
2024-07-28 05:00:00,1.1645049363583468,1.1649677723564962,1.164286455652738,1.164822128851535,1279
2024-07-28 06:00:00,1.164822128851535,1.1656833652737784,1.1646689013346296,1.1656417757540036,4935
2024-07-28 07:00:00,1.1656417757540036,1.165673164715059,1.1643561376654963,1.1643844929776561,967
2024-07-28 08:00:00,1.1643844929776561,1.1649042404034353,1.1640896009123347,1.1646920940786443,1077
2024-07-28 09:00:00,1.1646920940786443,1.1652129304456216,1.164430450239065,1.1651470895329559,3740
2024-07-28 10:00:00,1.1651470895329559,1.1660770250404346,1.1651083342689128,1.1658047003487728,8957
2024-07-28 11:00:00,1.1658047003487728,1.1664348541016791,1.1658028309134996,1.1660524752687795,882
2024-07-28 12:00:00,1.1660524752687795,1.1661032793820136,1.1657839583850291,1.1659038109501092,4397
2024-07-28 13:00:00,1.1659038109501092,1.1664462874542407,1.1658077050176048,1.1663063895532306,8138
2024-07-28 14:00:00,1.1663063895532306,1.1663888006841827,1.1657818635900292,1.1659295852032479,6832
2024-07-28 15:00:00,1.1659295852032479,1.1666883202716782,1.1659015491970475,1.1666667235783292,9779
2024-07-28 16:00:00,1.1666667235783292,1.168060393966759,1.1666122791439748,1.1675223388404883,3650
2024-07-28 17:00:00,1.1675223388404883,1.167645881054778,1.1673785021642984,1.167632526891236,8100
2024-07-28 18:00:00,1.167632526891236,1.167812568021926,1.1668056983871187,1.1671005749609824,7636
2024-07-28 19:00:00,1.1671005749609824,1.1689913396508078,1.1669348933395347,1.1689910689903147,3550
2024-07-28 20:00:00,1.1689910689903147,1.169079201501677,1.1686246932756625,1.1689248254455546,8414
2024-07-28 21:00:00,1.1689248254455546,1.1691833112780747,1.1687678778708048,1.1688505980136699,6297
2024-07-28 22:00:00,1.1688505980136699,1.1694705075688878,1.1687624396744676,1.169319861073555,5690
2024-07-28 23:00:00,1.169319861073555,1.170629783706684,1.1688725320429108,1.1705880922632734,7473
2024-07-29 00:00:00,1.1705880922632734,1.1721200750669272,1.1704836202781026,1.1720575616553228,6410
2024-07-29 01:00:00,1.1720575616553228,1.1726109059318564,1.171872349222453,1.172420780357231,5185
2024-07-29 02:00:00,1.172420780357231,1.1730034379782601,1.1723862754825658,1.1729585198516101,1059
2024-07-29 03:00:00,1.1729585198516101,1.1731647234950187,1.172416130426359,1.1725910479555208,5230
2024-07-29 04:00:00,1.1725910479555208,1.1729253798428505,1.1723589526467517,1.172573129105186,9698
2024-07-29 05:00:00,1.172573129105186,1.1726324836066029,1.1710647940204733,1.171224507645823,4704
2024-07-29 06:00:00,1.171224507645823,1.1712772474589976,1.1705694281123171,1.1705902853767636,8855
2024-07-29 07:00:00,1.1705902853767636,1.1707609958802365,1.1704144819995306,1.17073140210411,824
2024-07-29 08:00:00,1.17073140210411,1.171088073639361,1.1705331902192655,1.170831174763854,7321
2024-07-29 09:00:00,1.170831174763854,1.171695140616196,1.1708143704116674,1.1715959178202393,8538
2024-07-29 10:00:00,1.1715959178202393,1.1717066424830644,1.1712504939518644,1.1713237685213178,2728
2024-07-29 11:00:00,1.1713237685213178,1.171334227948832,1.1708218368825092,1.170883512576356,6383
2024-07-29 12:00:00,1.170883512576356,1.1712706953865004,1.1697071499293747,1.1698326014219471,8696
2024-07-29 13:00:00,1.1698326014219471,1.170808553901425,1.1694741112573195,1.1702535162092034,1347
2024-07-29 14:00:00,1.1702535162092034,1.1703966886884274,1.1700236795357226,1.1703910153875414,2494
2024-07-29 15:00:00,1.1703910153875414,1.1712523698962787,1.1702451031719119,1.1711477530969396,5058
2024-07-29 16:00:00,1.1711477530969396,1.1720408906436792,1.1710679538680953,1.1716830157538602,6617
2024-07-29 17:00:00,1.1716830157538602,1.172136473588487,1.171198504638941,1.171940151735598,1327
2024-07-29 18:00:00,1.171940151735598,1.1731283017921632,1.1716977303930545,1.1728119265734633,8924
2024-07-29 19:00:00,1.1728119265734633,1.1732837990604494,1.1726226958572374,1.172981373831974,6535
2024-07-29 20:00:00,1.172981373831974,1.174195454672039,1.1729803285124816,1.1738905193234694,6520
2024-07-29 21:00:00,1.1738905193234694,1.1741897260011844,1.1738365083438407,1.1740833572766223,6242
2024-07-29 22:00:00,1.1740833572766223,1.1743324061654514,1.1739382629347506,1.1740846129764904,8950
2024-07-29 23:00:00,1.1740846129764904,1.174336148372061,1.1738717932912313,1.1739901996531101,7604
2024-07-30 00:00:00,1.1739901996531101,1.1744104074002777,1.1735618031250805,1.1740927814150786,1223
2024-07-30 01:00:00,1.1740927814150786,1.1741786501851774,1.1733907245389021,1.173605346021722,6400
2024-07-30 02:00:00,1.173605346021722,1.1752626255729495,1.1733606121673097,1.1750195314645335,9175
2024-07-30 03:00:00,1.1750195314645335,1.1753704292451213,1.17478745677432,1.1753162779404114,8988
2024-07-30 04:00:00,1.1753162779404114,1.1761889360918356,1.1749452278325008,1.175997943284707,9006
2024-07-30 05:00:00,1.175997943284707,1.1774290189810623,1.1759638538746244,1.177225968126393,6390
2024-07-30 06:00:00,1.177225968126393,1.1775340069699776,1.1770539363705408,1.1774380156161606,4089
2024-07-30 07:00:00,1.1774380156161606,1.1785245341239656,1.1772696688023618,1.1784927268710192,341
2024-07-30 08:00:00,1.1784927268710192,1.1786881806433438,1.1779952994528098,1.1780157070929735,4374
2024-07-30 09:00:00,1.1780157070929735,1.1785359932500192,1.1780042963256085,1.1785343467771052,2327
2024-07-30 10:00:00,1.1785343467771052,1.1785663737565018,1.1779177313101201,1.178034456427211,7124
2024-07-30 11:00:00,1.178034456427211,1.1781568024344946,1.1773331142170531,1.177378665001305,9631
2024-07-30 12:00:00,1.177378665001305,1.177567250619698,1.1770165804249588,1.1775488263632834,6452
2024-07-30 13:00:00,1.1775488263632834,1.178080801951328,1.1772811503825307,1.1779778380188486,7755
2024-07-30 14:00:00,1.1779778380188486,1.178120452665306,1.1772852570394658,1.177423363531896,7514
2024-07-30 15:00:00,1.177423363531896,1.1775104453260197,1.1768305837011626,1.1768719884932997,9752
2024-07-30 16:00:00,1.1768719884932997,1.1772287713329364,1.175521653863754,1.1757008478572013,6786
2024-07-30 17:00:00,1.1757008478572013,1.1758232802424804,1.1747065273347956,1.1749471668064242,8678
2024-07-30 18:00:00,1.1749471668064242,1.175307423669194,1.1746604167995813,1.1752074653230946,5500
2024-07-30 19:00:00,1.1752074653230946,1.175776742680974,1.1751634433583358,1.1756824141652469,1541
2024-07-30 20:00:00,1.1756824141652469,1.17678139248273,1.1755912058303897,1.176531737531524,9092
2024-07-30 21:00:00,1.176531737531524,1.1773883590152465,1.1764209344248748,1.1773645465995979,706
2024-07-30 22:00:00,1.1773645465995979,1.1789108874382979,1.1770760282753088,1.1786582496136944,3209
2024-07-30 23:00:00,1.1786582496136944,1.178689518648394,1.1782691052286216,1.1782768198770168,465
2024-07-31 00:00:00,1.1782768198770168,1.1796465275757484,1.1779905825238475,1.1795388336982975,7443
2024-07-31 01:00:00,1.1795388336982975,1.1797148863394176,1.1786192996790206,1.1786352130888178,4141
2024-07-31 02:00:00,1.1786352130888178,1.1796294580392002,1.178502356893923,1.179387787649301,9276
2024-07-31 03:00:00,1.179387787649301,1.1794721300196698,1.1788571219259714,1.1791666900182272,1224
2024-07-31 04:00:00,1.1791666900182272,1.1793809336628294,1.1787520597238237,1.1790766010379725,8096
2024-07-31 05:00:00,1.1790766010379725,1.1796546421629217,1.1788938357067433,1.1792713512987185,8782
2024-07-31 06:00:00,1.1792713512987185,1.1804257258142326,1.1792457297783199,1.1802303394500144,3744
2024-07-31 07:00:00,1.1802303394500144,1.1809304592020997,1.180132582155258,1.1808359767732781,4324
2024-07-31 08:00:00,1.1808359767732781,1.1810591337155552,1.1799174422180432,1.1799223674157546,2126
2024-07-31 09:00:00,1.1799223674157546,1.1801029507260374,1.178878159173987,1.1790839851096027,120
2024-07-31 10:00:00,1.1790839851096027,1.1791333624899092,1.1787189931288575,1.1788188512470186,8319
2024-07-31 11:00:00,1.1788188512470186,1.1797262574212677,1.1788025308621493,1.1794982861003953,5118
2024-07-31 12:00:00,1.1794982861003953,1.1795596916039812,1.1788857179541754,1.1789611491107377,7171
2024-07-31 13:00:00,1.1789611491107377,1.1790978872077624,1.1784341210048486,1.178473925227401,1553
2024-07-31 14:00:00,1.178473925227401,1.1786092349794817,1.177639375299995,1.1777555511276305,5356
2024-07-31 15:00:00,1.1777555511276305,1.1792127308411533,1.1776993025463631,1.1789004622445334,6561
2024-07-31 16:00:00,1.1789004622445334,1.17915451558456,1.1786981481893926,1.1791030294797378,4935
2024-07-31 17:00:00,1.1791030294797378,1.1792145845522415,1.1780061394996404,1.1782331343326202,6086
2024-07-31 18:00:00,1.1782331343326202,1.178562816854159,1.1778902752192002,1.1780413675619743,1575
2024-07-31 19:00:00,1.1780413675619743,1.1793282853846239,1.177973808309363,1.1791616593189442,1035
2024-07-31 20:00:00,1.1791616593189442,1.179205480751411,1.1790891656025742,1.1791027990226515,8526
2024-07-31 21:00:00,1.1791027990226515,1.1797124470921767,1.179091691274473,1.1796800812395738,134
2024-07-31 22:00:00,1.1796800812395738,1.180482608485386,1.179464603446794,1.1801788094527346,8630
2024-07-31 23:00:00,1.1801788094527346,1.180902350487189,1.1801261095581494,1.1808175351685155,3625
2024-08-01 00:00:00,1.1808175351685155,1.1810879609385483,1.1808125796192162,1.1808663576597522,9794
2024-08-01 01:00:00,1.1808663576597522,1.1812034995435476,1.1807631764136894,1.1811589267443057,6078
2024-08-01 02:00:00,1.1811589267443057,1.1816503276329557,1.1804335997798232,1.1804938527167381,7907
2024-08-01 03:00:00,1.1804938527167381,1.1809511243005266,1.1803849470933512,1.1806319064420878,805
2024-08-01 04:00:00,1.1806319064420878,1.1809505276863883,1.1794015843774268,1.179609205774719,4947
2024-08-01 05:00:00,1.179609205774719,1.1798988769583105,1.17919550284917,1.1792539779197888,4444
2024-08-01 06:00:00,1.1792539779197888,1.1796551989392723,1.178378240938188,1.1784632201590224,9416
2024-08-01 07:00:00,1.1784632201590224,1.1793306578394172,1.178375276487147,1.1793104856548013,5434
2024-08-01 08:00:00,1.1793104856548013,1.1796375002116055,1.179284516088708,1.1795237391281725,7567
2024-08-01 09:00:00,1.1795237391281725,1.179590795823076,1.1787996003499237,1.1790533748684449,9891
2024-08-01 10:00:00,1.1790533748684449,1.1794141958013622,1.177280078517084,1.1773420148734914,4630
2024-08-01 11:00:00,1.1773420148734914,1.1775436720870842,1.176784410889896,1.1770553088133684,338
2024-08-01 12:00:00,1.1770553088133684,1.1778903932721265,1.1767161863067128,1.1777983454834808,9439
2024-08-01 13:00:00,1.1777983454834808,1.1785522902871581,1.1777764716701988,1.1781376389458216,4344
2024-08-01 14:00:00,1.1781376389458216,1.1781994509975369,1.1773446988244634,1.1773610781595034,2204
2024-08-01 15:00:00,1.1773610781595034,1.1781180666198832,1.1769982165352255,1.1781061342411439,3768
2024-08-01 16:00:00,1.1781061342411439,1.1782086508716816,1.1778538751383425,1.177971679754271,4731
2024-08-01 17:00:00,1.177971679754271,1.178426884045759,1.1777621064930732,1.1784177362199584,2262
2024-08-01 18:00:00,1.1784177362199584,1.178444659306571,1.1768895479959827,1.1771403343554179,6574
2024-08-01 19:00:00,1.1771403343554179,1.1772174397807862,1.176964576668457,1.1770185790659473,4561
2024-08-01 20:00:00,1.1770185790659473,1.178639534630302,1.1769991709404983,1.1782013775274598,3665
2024-08-01 21:00:00,1.1782013775274598,1.1789947780204937,1.1780655390990749,1.1789647856159144,5468
2024-08-01 22:00:00,1.1789647856159144,1.1791960085392434,1.1780489362318833,1.1781925753586409,3033
2024-08-01 23:00:00,1.1781925753586409,1.1785937290175428,1.177315002587731,1.1775676082016944,3208
2024-08-02 00:00:00,1.1775676082016944,1.177943708604571,1.1772907458510882,1.1778645289831824,564
2024-08-02 01:00:00,1.1778645289831824,1.178080012282953,1.1775815639323326,1.1778246291264278,5440
2024-08-02 02:00:00,1.1778246291264278,1.178028463250688,1.176259273725381,1.176289191382495,3020
2024-08-02 03:00:00,1.176289191382495,1.1767232103808705,1.1742649409719002,1.1743884788495529,910
2024-08-02 04:00:00,1.1743884788495529,1.1746237989993868,1.1741890087182425,1.174594530814637,6009
2024-08-02 05:00:00,1.174594530814637,1.1746400150682246,1.1740863561379367,1.1742957277296284,6078
2024-08-02 06:00:00,1.1742957277296284,1.1750988532205724,1.1742727451843542,1.1748953688866106,6729
2024-08-02 07:00:00,1.1748953688866106,1.175711787795187,1.1747142297684097,1.175494836034885,498
2024-08-02 08:00:00,1.175494836034885,1.1764422750703398,1.1750328423147973,1.1761236563467068,7800
2024-08-02 09:00:00,1.1761236563467068,1.1762826627054639,1.1749201012093968,1.175143735092376,1175
2024-08-02 10:00:00,1.175143735092376,1.1751713038634637,1.1749868467086277,1.1751565760848757,7698
2024-08-02 11:00:00,1.1751565760848757,1.175521594811069,1.1751338506979718,1.175335536469211,1962
2024-08-02 12:00:00,1.175335536469211,1.1757083494342222,1.1740323761362768,1.1742948780050677,985
2024-08-02 13:00:00,1.1742948780050677,1.1746515239834165,1.1740396822236612,1.1741522430899207,5638
2024-08-02 14:00:00,1.1741522430899207,1.1741581296300048,1.17336668196434,1.1737441922343912,2666
2024-08-02 15:00:00,1.1737441922343912,1.1751785145664055,1.1737085484318777,1.1748886318126062,1773
2024-08-02 16:00:00,1.1748886318126062,1.1752230610086734,1.1746478568642476,1.1749649873321575,5359
2024-08-02 17:00:00,1.1749649873321575,1.1752911035226576,1.1746637443579762,1.175290609952795,6590
2024-08-02 17:00:00,1.175290609952795,1.17539643248625,1.1747980732602774,1.1748416158685209,1791
2024-08-02 18:00:00,1.1748416158685209,1.1750351995325257,1.1742240194370268,1.174546490963212,4253
2024-08-02 18:00:00,1.174546490963212,1.1750140364874395,1.174541681398192,1.1746853096589955,757
2024-08-02 19:00:00,1.1746853096589955,1.174969738021305,1.1744314520504406,1.1745085951242482,3356
2024-08-02 19:00:00,1.1745085951242482,1.1748627500087665,1.1741974477551838,1.1743991981695205,6421
2024-08-02 20:00:00,1.1743991981695205,1.1745187303697762,1.1734694989941696,1.1737616796793986,4154
2024-08-02 20:00:00,1.1737616796793986,1.1740381634054,1.1728848158821226,1.1729775586579776,9802
2024-08-02 21:00:00,1.1729775586579776,1.173084035673364,1.1729439915715014,1.1730081937673786,5346
2024-08-02 21:00:00,1.1730081937673786,1.1731102934791313,1.1716517804516104,1.1719226380915273,9360
2024-08-02 22:00:00,1.1719226380915273,1.1724831676141352,1.1717696965456097,1.1724473634312893,6433
2024-08-02 22:00:00,1.1724473634312893,1.173470271638206,1.172233697797065,1.1732779038717205,9677
2024-08-02 23:00:00,1.1732779038717205,1.174328357165341,1.1731165194545585,1.1742704037364695,2714
2024-08-02 23:00:00,1.1742704037364695,1.1745125514964616,1.174150187188848,1.1744656374924742,871
2024-08-03 00:00:00,1.1744656374924742,1.1750695064000787,1.1744581297321999,1.1748384912758867,2674
2024-08-03 01:00:00,1.1748384912758867,1.1751435729957525,1.1746344149010512,1.1749286733178206,2296
2024-08-03 02:00:00,1.1749286733178206,1.1757430354261162,1.1747751640175745,1.175730888201,8033
2024-08-03 03:00:00,1.175730888201,1.1760194762145677,1.17526038879101,1.1752747629481721,6457
2024-08-03 04:00:00,1.1752747629481721,1.1754400209730966,1.1745896690286206,1.174594751302485,4815
2024-08-03 05:00:00,1.174594751302485,1.175948329964079,1.1744844647400057,1.1757385042181014,2097
2024-08-03 06:00:00,1.1757385042181014,1.1758057755655955,1.1749383968073037,1.1752907132927546,2182
2024-08-03 07:00:00,1.1752907132927546,1.1763198956860996,1.1751555376198841,1.1762189394139166,9063
2024-08-03 08:00:00,1.1762189394139166,1.1764251024694066,1.176077059258426,1.1761448078607804,6463
2024-08-03 09:00:00,1.1761448078607804,1.1768679647892668,1.1759916517528843,1.17657782280444,1263
2024-08-03 10:00:00,1.17657782280444,1.176634854510471,1.1761914691712352,1.176404343653322,7041
2024-08-03 11:00:00,1.176404343653322,1.1764798646439336,1.175846725302939,1.1760589578494138,6508
2024-08-03 12:00:00,1.1760589578494138,1.1770208112747957,1.1760473629100907,1.1767006746529924,4982
2024-08-03 13:00:00,1.1767006746529924,1.1781177244769303,1.1766303779257603,1.1778081067989918,5156
2024-08-03 14:00:00,1.1778081067989918,1.1785382514584124,1.1774981069632926,1.1783561679235786,3793
2024-08-03 15:00:00,1.1783561679235786,1.1783678600149454,1.1770278588732135,1.1772071209103692,5776
2024-08-03 16:00:00,1.1772071209103692,1.1773761751162584,1.1765623253610857,1.1765628670264554,872
2024-08-03 17:00:00,1.1765628670264554,1.1765737964154084,1.175727282651103,1.175758583580823,823
2024-08-03 18:00:00,1.175758583580823,1.1758605471625125,1.1749965259734432,1.1754746556003104,1318
2024-08-03 19:00:00,1.1754746556003104,1.1761520544114152,1.175454749934781,1.17608050339473,805
2024-08-03 20:00:00,1.17608050339473,1.1761416754488803,1.1753453226735182,1.1757437356864824,9573
2024-08-03 21:00:00,1.1757437356864824,1.1759825321411181,1.1749961554845516,1.1752822803639513,4637
2024-08-03 22:00:00,1.1752822803639513,1.1754791528578676,1.1749392170134845,1.175205115727923,710
2024-08-03 23:00:00,1.175205115727923,1.1752394807368585,1.1750661957204018,1.1751580003705007,5154
2024-08-04 00:00:00,1.1751580003705007,1.175792969688091,1.1750883606048077,1.1756147539526116,9944
2024-08-04 01:00:00,1.1756147539526116,1.1766813525804602,1.1752756319805857,1.1763764807664208,8075
2024-08-04 02:00:00,1.1763764807664208,1.1764795658198859,1.1762359724405105,1.1764144338837672,9193
2024-08-04 03:00:00,1.1764144338837672,1.1771688091474972,1.1763060107264307,1.1770742075565037,4146
2024-08-04 04:00:00,1.1770742075565037,1.1798164871898833,1.1770036147103553,1.179629818729042,8136
2024-08-04 05:00:00,1.179629818729042,1.1798461000379203,1.1789709048121215,1.1791690256795366,7631
2024-08-04 06:00:00,1.1791690256795366,1.1792328649684651,1.1785830014328282,1.1787370641404065,7414
2024-08-04 07:00:00,1.1787370641404065,1.1788084650254664,1.1783366749706705,1.178609382143416,8462
2024-08-04 08:00:00,1.178609382143416,1.1787559505048155,1.1776071852089696,1.1777261869693911,7980
2024-08-04 09:00:00,1.1777261869693911,1.177917757741589,1.177441004902927,1.177872988403633,7222
2024-08-04 10:00:00,1.177872988403633,1.1792613198603372,1.1777511313803497,1.1787917161586063,2499
2024-08-04 11:00:00,1.1787917161586063,1.1795851940025932,1.1786166743184505,1.1794289989440243,5055
2024-08-04 12:00:00,1.1794289989440243,1.1798219605703613,1.1792238402270392,1.1794682434363786,1474
2024-08-04 13:00:00,1.1794682434363786,1.1795480060083845,1.1794538305942786,1.179544791231152,1696
2024-08-04 14:00:00,1.179544791231152,1.1798086114366413,1.1789468021239229,1.1789779171464747,9287
2024-08-04 15:00:00,1.1789779171464747,1.1790956749219192,1.177608834061014,1.1776536971560585,6384
2024-08-04 16:00:00,1.1776536971560585,1.1777543795984984,1.1773400956631357,1.1774002792057847,845
2024-08-04 17:00:00,1.1774002792057847,1.1775846174654132,1.176952497498073,1.1769967240563963,5584
2024-08-04 18:00:00,1.1769967240563963,1.177343500684072,1.1766845019953414,1.176939976803044,9034
2024-08-04 19:00:00,1.176939976803044,1.1770355036812459,1.175275995902228,1.175539941633458,9785
2024-08-04 20:00:00,1.175539941633458,1.1756569626924804,1.1754321738927507,1.1756200175100846,3620
2024-08-04 21:00:00,1.1756200175100846,1.1758164405725176,1.1742327847735559,1.1744279477042763,3522
2024-08-04 22:00:00,1.1744279477042763,1.1752775921813,1.1740342112766595,1.1751274257594306,3255
2024-08-04 23:00:00,1.1751274257594306,1.1765288224763346,1.1749713812645104,1.1763384367067993,2823
2024-08-05 00:00:00,1.1763384367067993,1.176379628850041,1.1757773123215403,1.1761261459487697,4368
2024-08-05 01:00:00,1.1761261459487697,1.1772012961709293,1.1760551779176558,1.17698967504733,6125
2024-08-05 02:00:00,1.17698967504733,1.17745690426725,1.1758478944046915,1.1759194652849125,6161
2024-08-05 03:00:00,1.1759194652849125,1.1765474570539154,1.1759140123833856,1.1764394686709716,4340
2024-08-05 04:00:00,1.1764394686709716,1.1766401337624623,1.1756213293395503,1.1757629062424328,3622
2024-08-05 05:00:00,1.1757629062424328,1.1758098908525323,1.1754925410949049,1.1755551511046687,1271
2024-08-05 06:00:00,1.1755551511046687,1.1759626409083055,1.1754041455459647,1.1758485903635967,6369
2024-08-05 07:00:00,1.1758485903635967,1.1759877293523333,1.175505375174317,1.1759367655086639,6129
2024-08-05 08:00:00,1.1759367655086639,1.176212116547075,1.1757316715397843,1.176056037428158,9956
2024-08-05 09:00:00,1.176056037428158,1.177421496477446,1.1757236319525557,1.1773175959146074,2822
2024-08-05 10:00:00,1.1773175959146074,1.1782960063744288,1.1772553428717465,1.1779711681088845,7733
2024-08-05 11:00:00,1.1779711681088845,1.178072163755886,1.1769315847648902,1.1771553540685165,8974
2024-08-05 12:00:00,1.1771553540685165,1.1784297400693258,1.1770768020840996,1.1783905817290978,7342
2024-08-05 13:00:00,1.1783905817290978,1.1787212697508629,1.17744650855419,1.177573947497642,1609
2024-08-05 14:00:00,1.177573947497642,1.1780104943941545,1.177533992253275,1.1776656107220325,8035
2024-08-05 15:00:00,1.1776656107220325,1.1781360491098731,1.1773762525912665,1.1778510426084925,2363
2024-08-05 16:00:00,1.1778510426084925,1.1779181140226016,1.177634188649503,1.1777401094592634,6986
2024-08-05 17:00:00,1.1777401094592634,1.1780805310460838,1.1773460242238756,1.177376263701015,2384
2024-08-05 18:00:00,1.177376263701015,1.1777272804221672,1.176828737199459,1.176929302143246,3059
2024-08-05 19:00:00,1.176929302143246,1.1769550548905159,1.1759267887999396,1.1760644369901048,9948
2024-08-05 20:00:00,1.1760644369901048,1.176484736849878,1.1759997845382273,1.1762945677829864,3366
2024-08-05 21:00:00,1.1762945677829864,1.17641603316507,1.1761409623498846,1.176259511095767,9565
2024-08-05 22:00:00,1.176259511095767,1.1771875406254757,1.1759917755009204,1.1770067969532658,3618
2024-08-05 23:00:00,1.1770067969532658,1.1772429896768353,1.1760470333324289,1.1764146548454406,6315
2024-08-06 00:00:00,1.1764146548454406,1.1765721655268015,1.1760128277626924,1.1760162106061278,2115
2024-08-06 01:00:00,1.1760162106061278,1.1762240053028707,1.1754888934958638,1.1756939748100141,9209
2024-08-06 02:00:00,1.1756939748100141,1.1758575512033556,1.174722086357533,1.1748369191992056,9243
2024-08-06 03:00:00,1.1748369191992056,1.1749852377270245,1.1740579216906286,1.1741327425961414,7763
2024-08-06 04:00:00,1.1741327425961414,1.17454526313942,1.1741227789299602,1.1744561673044824,8446
2024-08-06 05:00:00,1.1744561673044824,1.1744798448719513,1.1739979765245339,1.174359047416359,8592
2024-08-06 06:00:00,1.174359047416359,1.1744805710857915,1.174349408980907,1.1743850510955167,8486
2024-08-06 07:00:00,1.1743850510955167,1.1757314527279388,1.1741983242521987,1.1756522257838657,7664
2024-08-06 08:00:00,1.1756522257838657,1.1761129826457093,1.1750164745055112,1.1751242933263621,6452
2024-08-06 09:00:00,1.1751242933263621,1.1752490761667311,1.1737744378199493,1.1739388383239722,1537
2024-08-06 10:00:00,1.1739388383239722,1.1740752345578367,1.173629903296351,1.1738482559945345,9024
2024-08-06 11:00:00,1.1738482559945345,1.1740597169120408,1.173443147703877,1.1734747665112488,3144
2024-08-06 12:00:00,1.1734747665112488,1.17388007894398,1.173464625060476,1.1738714421087366,1551
2024-08-06 13:00:00,1.1738714421087366,1.1739455909215195,1.1736462756729342,1.1739282138935438,7187
2024-08-06 14:00:00,1.1739282138935438,1.1739349309744973,1.1736157766344204,1.1738753313971786,4809
2024-08-06 15:00:00,1.1738753313971786,1.1741106077680816,1.173726527398955,1.1738573714512206,1388
2024-08-06 16:00:00,1.1738573714512206,1.17494502556728,1.1736388310785713,1.1746643257638802,3347
2024-08-06 17:00:00,1.1746643257638802,1.17590995479337,1.1746147063539538,1.1756607022371703,1475
2024-08-06 18:00:00,1.1756607022371703,1.1757331615978996,1.174197946872475,1.1742744859006915,4379
2024-08-06 19:00:00,1.1742744859006915,1.1744629381394702,1.173463594488669,1.173838084220831,7591
2024-08-06 20:00:00,1.173838084220831,1.1749849352311308,1.1737060514035083,1.174966993117307,4073
2024-08-06 21:00:00,1.174966993117307,1.175713373464535,1.1749262546616117,1.1755396426528477,4694
2024-08-06 22:00:00,1.1755396426528477,1.176361428843841,1.1753435300010495,1.1762821733358637,1099
2024-08-06 23:00:00,1.1762821733358637,1.1769285416744135,1.1762313481712257,1.1768962642644867,6438
2024-08-07 00:00:00,1.1768962642644867,1.177217298352975,1.1761627456491526,1.176345133638515,2142
2024-08-07 01:00:00,1.176345133638515,1.1766575824806424,1.175588232135618,1.1756197445267287,1144
2024-08-07 02:00:00,1.1756197445267287,1.1761828056490862,1.1755046274359595,1.1758652894665178,4993
2024-08-07 03:00:00,1.1758652894665178,1.1760925964376727,1.1754352162249768,1.1757040373637277,5788
2024-08-07 04:00:00,1.1757040373637277,1.1764604546369233,1.1756695167142044,1.1764249224376295,9370
2024-08-07 05:00:00,1.1764249224376295,1.177444507103437,1.1762254382500046,1.1772974009702555,4499
2024-08-07 06:00:00,1.1772974009702555,1.1774760018438954,1.1770471134960743,1.1770648799242434,9849
2024-08-07 07:00:00,1.1770648799242434,1.1776911780738695,1.176987909811307,1.177534589458015,5360
2024-08-07 08:00:00,1.177534589458015,1.1780882700889879,1.177368695911099,1.1779982883112217,2236
2024-08-07 09:00:00,1.1779982883112217,1.179035421287866,1.1775563625807834,1.1789645568198162,3027
2024-08-07 10:00:00,1.1789645568198162,1.1800041145854019,1.178767771437975,1.1798739924061807,1934
2024-08-07 11:00:00,1.1798739924061807,1.179950630483256,1.1792825556888413,1.1793625829015018,7854
2024-08-07 12:00:00,1.1793625829015018,1.1801638733217799,1.1793516980414276,1.1800795195042266,4500
2024-08-07 13:00:00,1.1800795195042266,1.1802353059403308,1.1789646349199752,1.178969781678943,3919
2024-08-07 14:00:00,1.178969781678943,1.1790068823847504,1.178436568884376,1.1786558876422124,7484
2024-08-07 15:00:00,1.1786558876422124,1.1787152675215589,1.178408611216531,1.1786737618659862,4479
2024-08-07 16:00:00,1.1786737618659862,1.178861684982242,1.1783954391643927,1.178605282118194,7629
2024-08-07 17:00:00,1.178605282118194,1.1786055271258558,1.1782034227429403,1.1783844739748957,7635
2024-08-07 18:00:00,1.1783844739748957,1.1793135813966193,1.1782888006315781,1.179278818694041,8732
2024-08-07 19:00:00,1.179278818694041,1.1795588677397912,1.1786426407924873,1.1788345622549297,4054
2024-08-07 20:00:00,1.1788345622549297,1.1797822014915833,1.1787747232248957,1.179455346594388,9760
2024-08-07 21:00:00,1.179455346594388,1.1795191794910316,1.1789729153037043,1.1791049061063337,2062
2024-08-07 22:00:00,1.1791049061063337,1.179384028418674,1.17885467632373,1.1792820455183064,3548
2024-08-07 23:00:00,1.1792820455183064,1.1809317754549569,1.1791296915730536,1.1808201506523401,3667
2024-08-08 00:00:00,1.1808201506523401,1.182309669864701,1.18074169614701,1.1821926326941812,7917
2024-08-08 01:00:00,1.1821926326941812,1.1822741103517418,1.18197255432937,1.182217124188013,2994
2024-08-08 02:00:00,1.182217124188013,1.1822524055987387,1.1806321291731918,1.180702865092293,3110
2024-08-08 03:00:00,1.180702865092293,1.1809336188001107,1.1798498430849895,1.1798635733764045,3963
2024-08-08 04:00:00,1.1798635733764045,1.180377065917618,1.1796937986103475,1.1802150825462603,7425
2024-08-08 05:00:00,1.1802150825462603,1.180375250729493,1.1797073935079982,1.1800203097562096,844
2024-08-08 06:00:00,1.1800203097562096,1.1801159470956564,1.179812034124507,1.1798126692958606,7492
2024-08-08 07:00:00,1.1798126692958606,1.180105212762946,1.1792326539496827,1.1792499205534401,656
2024-08-08 08:00:00,1.1792499205534401,1.1795711447296138,1.1790694616302586,1.1791825126415103,3900
2024-08-08 09:00:00,1.1791825126415103,1.179395388194358,1.1778731571175656,1.1782536430936599,4825
2024-08-08 10:00:00,1.1782536430936599,1.178599010323264,1.1771085460878496,1.1774284601122638,1951
2024-08-08 11:00:00,1.1774284601122638,1.1780150354558436,1.1773989756239793,1.1777201728679854,2456
2024-08-08 12:00:00,1.1777201728679854,1.1780158295262033,1.177621684591201,1.1779031026611146,3964
2024-08-08 13:00:00,1.1779031026611146,1.1781258158271297,1.1778802538782942,1.178070341236818,4297
2024-08-08 14:00:00,1.178070341236818,1.1782026320588082,1.1775844764375334,1.1777819238852172,6375
2024-08-08 15:00:00,1.1777819238852172,1.1780323789807232,1.1773845912603695,1.1774354993896494,1983
2024-08-08 16:00:00,1.1774354993896494,1.1783051145659549,1.1770829939673804,1.1781643043199614,4397
2024-08-08 17:00:00,1.1781643043199614,1.178239261089969,1.1773324365842117,1.177426798932113,7554
2024-08-08 18:00:00,1.177426798932113,1.177598121460823,1.1772060587425213,1.1773831060652513,3943
2024-08-08 19:00:00,1.1773831060652513,1.178588078726487,1.1769580153456625,1.1785192409161211,6537
2024-08-08 20:00:00,1.1785192409161211,1.1790207969963733,1.178407985103147,1.1788251184083478,8309
2024-08-08 21:00:00,1.1788251184083478,1.1793691415595007,1.1787815267732202,1.1792754797243765,771
2024-08-08 22:00:00,1.1792754797243765,1.1796263385834411,1.1792162854235992,1.1792998895316613,6192
2024-08-08 23:00:00,1.1792998895316613,1.1795673428057891,1.1792743480902317,1.1793836942415021,9430
2024-08-09 00:00:00,1.1793836942415021,1.1795392960239754,1.1781982364759849,1.1784260988103983,8499
2024-08-09 01:00:00,1.1784260988103983,1.1788069799573535,1.1784242875576736,1.1787503756362456,260
2024-08-09 02:00:00,1.1787503756362456,1.1790535377795963,1.178426754279636,1.178793898997257,4514
2024-08-09 03:00:00,1.178793898997257,1.179516342423988,1.1786577056300744,1.1791933965633867,4657
2024-08-09 04:00:00,1.1791933965633867,1.1792979708167697,1.178321645888126,1.1784740669268037,1682
2024-08-09 05:00:00,1.1784740669268037,1.1785702864598893,1.177519890024474,1.1778233106979108,3056
2024-08-09 06:00:00,1.1778233106979108,1.178059374361308,1.177636686040607,1.1777115486585161,6295
2024-08-09 07:00:00,1.1777115486585161,1.1778661293912647,1.1776209479536315,1.177693396293183,8343
2024-08-09 08:00:00,1.177693396293183,1.1777031625181447,1.1767117117888684,1.1768983960422104,7438
2024-08-09 09:00:00,1.1768983960422104,1.1781812511463017,1.1768009280570024,1.1780428827854998,4805
2024-08-09 10:00:00,1.1780428827854998,1.1783014999879047,1.1777225026285458,1.1782709435144847,1844
2024-08-09 11:00:00,1.1782709435144847,1.178397794089779,1.1777267281375319,1.1779796575919892,6374
2024-08-09 12:00:00,1.1779796575919892,1.178199237198556,1.1778500028811547,1.1780715202653442,9255
2024-08-09 13:00:00,1.1780715202653442,1.1787107307121811,1.177831596075016,1.1786800464730804,8217
2024-08-09 14:00:00,1.1786800464730804,1.1790590478518,1.1776755201678044,1.1779010157395509,5032
2024-08-09 15:00:00,1.1779010157395509,1.1781921507110424,1.177431467861478,1.1775717334815055,1249
2024-08-09 16:00:00,1.1775717334815055,1.1779753855121713,1.1771619618055578,1.177434849917328,2659
2024-08-09 17:00:00,1.177434849917328,1.1775645561618244,1.1774068088920937,1.1774952495324607,1167
2024-08-09 17:00:00,1.1774952495324607,1.1775399854717599,1.176743752718493,1.1767676362524715,1929
2024-08-09 18:00:00,1.1767676362524715,1.1781123843341288,1.176718218953131,1.1778814662846069,4383
2024-08-09 18:00:00,1.1778814662846069,1.1781544771732209,1.1772576114088413,1.1776470627565743,1022
2024-08-09 19:00:00,1.1776470627565743,1.1778934364674056,1.1770403587827385,1.1772958797475497,6846
2024-08-09 19:00:00,1.1772958797475497,1.177630564350121,1.1772245885902386,1.1773833799154192,1650
2024-08-09 20:00:00,1.1773833799154192,1.1773942985686416,1.176717692810505,1.1767933733116884,3082
2024-08-09 20:00:00,1.1767933733116884,1.1768763188879576,1.1758730746050288,1.1759366199452708,2144
2024-08-09 21:00:00,1.1759366199452708,1.176418289423965,1.1755645376448314,1.176321374115264,5913
2024-08-09 21:00:00,1.176321374115264,1.1768024896438711,1.1763127508062412,1.176581106233268,7197
2024-08-09 22:00:00,1.176581106233268,1.1766888447695616,1.1765004878587673,1.1765786931223203,1697
2024-08-09 22:00:00,1.1765786931223203,1.1776118128924078,1.1763871364509397,1.1774182203245154,5809
2024-08-09 23:00:00,1.1774182203245154,1.1775150163569086,1.1773368515596887,1.177361683280458,2421
2024-08-09 23:00:00,1.177361683280458,1.177508464856831,1.1764942747254334,1.176723493117524,4958
2024-08-10 00:00:00,1.176723493117524,1.1768985494028512,1.1766289347740708,1.176667517848289,1417
2024-08-10 01:00:00,1.176667517848289,1.1767726458328345,1.1757022696745423,1.1759660256115716,3655
2024-08-10 02:00:00,1.1759660256115716,1.1776279424384357,1.1757820634889413,1.177617766508107,4397
2024-08-10 03:00:00,1.177617766508107,1.1780878343321377,1.1763269844534827,1.176581146899414,1657
2024-08-10 04:00:00,1.176581146899414,1.177403753175872,1.1760963974357586,1.177331848543816,6404
2024-08-10 05:00:00,1.177331848543816,1.17772358694113,1.1772671971532063,1.1775832414718108,1169
2024-08-10 06:00:00,1.1775832414718108,1.1775860158862461,1.1770150165843125,1.177126672103554,597
2024-08-10 07:00:00,1.177126672103554,1.1771694836576805,1.1764484334881178,1.176667692606055,204
2024-08-10 08:00:00,1.176667692606055,1.1769884921290061,1.1761835962092044,1.1763480776846589,3853
2024-08-10 09:00:00,1.1763480776846589,1.1767036511127147,1.1759502803932873,1.1761911619845133,5142
2024-08-10 10:00:00,1.1761911619845133,1.1762315499651805,1.1753402188796767,1.175629711331082,4135
2024-08-10 11:00:00,1.175629711331082,1.1756565210843826,1.1742790833779329,1.1742979688228035,5304
2024-08-10 12:00:00,1.1742979688228035,1.1746919926626354,1.174070316395812,1.1743929647309386,1947
2024-08-10 13:00:00,1.1743929647309386,1.174633028821378,1.1742519197200572,1.1742765906784987,9869
2024-08-10 14:00:00,1.1742765906784987,1.17441656199043,1.1734459558407246,1.1736182885813993,2672
2024-08-10 15:00:00,1.1736182885813993,1.1738677265798219,1.1724072683078672,1.1724409167485734,7065
2024-08-10 16:00:00,1.1724409167485734,1.1724708518233762,1.1720364853319447,1.1720752109821284,1083
2024-08-10 17:00:00,1.1720752109821284,1.1724622920037575,1.172029892758423,1.1720928119915863,6534
2024-08-10 18:00:00,1.1720928119915863,1.1729526323647421,1.1719311628929887,1.1727576652494365,6582
2024-08-10 19:00:00,1.1727576652494365,1.1729056499951396,1.1723342453502656,1.1723852699678903,4729
2024-08-10 20:00:00,1.1723852699678903,1.1734429935855935,1.1722230411649401,1.1733803433336332,4747
2024-08-10 21:00:00,1.1733803433336332,1.1734041605021186,1.1719915918566464,1.1724337317621245,7640
2024-08-10 22:00:00,1.1724337317621245,1.1725402028961778,1.1719332652990082,1.1721269900561493,9791
2024-08-10 23:00:00,1.1721269900561493,1.1723097680044545,1.171267555932682,1.1714588552278502,226
2024-08-11 00:00:00,1.1714588552278502,1.1715926060515545,1.1703781446911956,1.1706593731795922,1857
2024-08-11 01:00:00,1.1706593731795922,1.170843523273225,1.1700038219794158,1.1701064346480186,7490
2024-08-11 02:00:00,1.1701064346480186,1.170182574133142,1.1691706222018126,1.1691851032312761,2369
2024-08-11 03:00:00,1.1691851032312761,1.170033128983529,1.1691329734612972,1.170022850589734,1714
2024-08-11 04:00:00,1.170022850589734,1.1701122699093072,1.169135086975224,1.1694460550233092,198
2024-08-11 05:00:00,1.1694460550233092,1.1703996616787795,1.169159651097065,1.1702783973721063,1606
2024-08-11 06:00:00,1.1702783973721063,1.170453153949528,1.1697912270282476,1.1698666391916839,3575
2024-08-11 07:00:00,1.1698666391916839,1.169914121581486,1.1688753966561907,1.169076218537632,3357
2024-08-11 08:00:00,1.169076218537632,1.1704031309590046,1.168750310677639,1.17023978278578,475
2024-08-11 09:00:00,1.17023978278578,1.1703963909672372,1.1701618767971436,1.170190550850138,3574
2024-08-11 10:00:00,1.170190550850138,1.1702776758260394,1.1700349529963716,1.1700857747386912,335
2024-08-11 11:00:00,1.1700857747386912,1.1706414137068037,1.1700542358946986,1.1703556423840251,4853
2024-08-11 12:00:00,1.1703556423840251,1.1705036787689465,1.1701565652058585,1.170277505576878,4263
2024-08-11 13:00:00,1.170277505576878,1.1723489306009545,1.170046153180385,1.171689818364961,7211
2024-08-11 14:00:00,1.171689818364961,1.1718912533121026,1.1712150750182933,1.1714048985439494,8257
2024-08-11 15:00:00,1.1714048985439494,1.171675818476164,1.1704096430735196,1.1706177191036884,9491
2024-08-11 16:00:00,1.1706177191036884,1.1709429223726406,1.1706044451358464,1.1708317510823303,7799
2024-08-11 17:00:00,1.1708317510823303,1.1710326889381053,1.1701183078909305,1.1702476307513283,6827
2024-08-11 18:00:00,1.1702476307513283,1.1703199090794418,1.169196342924294,1.1693312238845053,8908
2024-08-11 19:00:00,1.1693312238845053,1.1698254253698994,1.1689638272522602,1.1694482916128883,9109
2024-08-11 20:00:00,1.1694482916128883,1.1698024220748728,1.1683250587550686,1.1684689626576459,152
2024-08-11 21:00:00,1.1684689626576459,1.1687371342431625,1.16812445169207,1.1686705336487653,5486
2024-08-11 22:00:00,1.1686705336487653,1.1687990137332747,1.167715391807206,1.1680503750867897,3203
2024-08-11 23:00:00,1.1680503750867897,1.1682616416478369,1.167627262803966,1.1681726249907123,290
2024-08-12 00:00:00,1.1681726249907123,1.1693583504705622,1.1678238682613633,1.1691844710355466,7454
2024-08-12 01:00:00,1.1691844710355466,1.1699064564881452,1.1690439156023482,1.169804568699301,9122
2024-08-12 02:00:00,1.169804568699301,1.170398847528834,1.1697893884947241,1.1703024993223166,3572
2024-08-12 03:00:00,1.1703024993223166,1.170664927439778,1.1696289674334615,1.1699216461591626,5373
2024-08-12 04:00:00,1.1699216461591626,1.1705330343075773,1.1696440281526868,1.1703021630503467,2198
2024-08-12 05:00:00,1.1703021630503467,1.1707681316533982,1.1702891276969623,1.1704151569113077,2685
2024-08-12 06:00:00,1.1704151569113077,1.1706760861110306,1.1695888848448348,1.1696632482070337,550
2024-08-12 07:00:00,1.1696632482070337,1.1705746636444896,1.169458918040022,1.170250471634599,4529
2024-08-12 08:00:00,1.170250471634599,1.1702861393120978,1.1686251849327605,1.1686755419818955,9056
2024-08-12 09:00:00,1.1686755419818955,1.1692582628052914,1.1686625083136788,1.1689062540522646,581
2024-08-12 10:00:00,1.1689062540522646,1.1700526749432443,1.1688723079548076,1.1697941001968033,2507
2024-08-12 11:00:00,1.1697941001968033,1.171001127237292,1.1697599850805078,1.1708662031324206,4748
2024-08-12 12:00:00,1.1708662031324206,1.1709628598112802,1.170033900445333,1.1703203023796067,175
2024-08-12 13:00:00,1.1703203023796067,1.1706226516872242,1.169339896439997,1.169781257426408,1560
2024-08-12 14:00:00,1.169781257426408,1.1699645940119283,1.1697170602325537,1.1698103185666604,7971
2024-08-12 15:00:00,1.1698103185666604,1.1705338783456534,1.1695291693114824,1.1704421609896636,7601
2024-08-12 16:00:00,1.1704421609896636,1.1718100207855575,1.1703825861650063,1.171727462016687,2098
2024-08-12 17:00:00,1.171727462016687,1.172216961045157,1.1712549370379772,1.1712745301843965,2690
2024-08-12 18:00:00,1.1712745301843965,1.1714761408793353,1.1711203229215683,1.171371512130047,5132
2024-08-12 19:00:00,1.171371512130047,1.1714001967675538,1.1704351849256618,1.1708075487775662,8490
2024-08-12 20:00:00,1.1708075487775662,1.1718964547108515,1.1706753211748986,1.1717112175355666,1197
2024-08-12 21:00:00,1.1717112175355666,1.1721157927670125,1.1713657806448845,1.1714290677815697,3594
2024-08-12 22:00:00,1.1714290677815697,1.171431874528346,1.1712159317161164,1.1713558482554158,4065
2024-08-12 23:00:00,1.1713558482554158,1.1733495871781516,1.1712585699016576,1.1726185698751308,2241
2024-08-13 00:00:00,1.1726185698751308,1.1726475163549146,1.171462107586948,1.1715329172886655,7120
2024-08-13 01:00:00,1.1715329172886655,1.1721993690074775,1.1714179679028405,1.1720720493319756,6603
2024-08-13 02:00:00,1.1720720493319756,1.17271306090866,1.1720139886782286,1.1726498056000219,7436
2024-08-13 03:00:00,1.1726498056000219,1.1726651907511776,1.171324565568556,1.1719112867097903,8588
2024-08-13 04:00:00,1.1719112867097903,1.1720205877005119,1.1714916340496822,1.1717120140442798,2872
2024-08-13 05:00:00,1.1717120140442798,1.1720022028248933,1.1714774932525311,1.171941465186958,417
2024-08-13 06:00:00,1.171941465186958,1.172232398045235,1.1713744338317593,1.1715157581829505,371
2024-08-13 07:00:00,1.1715157581829505,1.1722682126680068,1.171414518687622,1.1721733344549756,1467
2024-08-13 08:00:00,1.1721733344549756,1.1727641706051242,1.1718988616659225,1.172451187420292,7121
2024-08-13 09:00:00,1.172451187420292,1.1727719858575918,1.1720245344839797,1.1726741193824994,7350
2024-08-13 10:00:00,1.1726741193824994,1.1727740646370963,1.1720720606791766,1.1722396099242876,3411
2024-08-13 11:00:00,1.1722396099242876,1.1729009337820144,1.1722294263782198,1.1726391650136139,9950
2024-08-13 12:00:00,1.1726391650136139,1.1726946758076457,1.1725452403938805,1.1726111655001155,8734
2024-08-13 13:00:00,1.1726111655001155,1.1726646079048544,1.1720837856875828,1.1722237818676233,8900
2024-08-13 14:00:00,1.1722237818676233,1.1725105875711663,1.172209371697586,1.1724192540531855,1192
2024-08-13 15:00:00,1.1724192540531855,1.173405580565367,1.172359725545986,1.173299922898872,3884
2024-08-13 16:00:00,1.173299922898872,1.1733585841460754,1.173184712877781,1.1732439063923907,6712
2024-08-13 17:00:00,1.1732439063923907,1.1742473181269997,1.1726953470715167,1.1739058698999587,2957
2024-08-13 18:00:00,1.1739058698999587,1.1744643793980019,1.1737168270375087,1.1741834212296098,2044
2024-08-13 19:00:00,1.1741834212296098,1.1744383232714708,1.1737773607270976,1.1741753902818612,2971
2024-08-13 20:00:00,1.1741753902818612,1.1741951875792693,1.1735716244886696,1.173593112439637,9234
2024-08-13 21:00:00,1.173593112439637,1.1738958752757855,1.173528702998772,1.173705819419088,6704
2024-08-13 22:00:00,1.173705819419088,1.1739462222329333,1.1733917410510204,1.173853328506378,9749
2024-08-13 23:00:00,1.173853328506378,1.1743816921532588,1.1738390218699697,1.174358928088022,9656
2024-08-14 00:00:00,1.174358928088022,1.1761707307343505,1.1741835011641464,1.1758586573708496,7739
2024-08-14 01:00:00,1.1758586573708496,1.1760925913989295,1.1756760475340502,1.1760335454507085,2238
2024-08-14 02:00:00,1.1760335454507085,1.1768091984122198,1.1760257977288702,1.1764170293839262,8580
2024-08-14 03:00:00,1.1764170293839262,1.176710395878014,1.176148684935255,1.1766387861102428,7037
2024-08-14 04:00:00,1.1766387861102428,1.176638900443372,1.1764869485565053,1.1765549243527682,6215
2024-08-14 05:00:00,1.1765549243527682,1.1770153267887953,1.1760783671330277,1.176247569520712,3444
2024-08-14 06:00:00,1.176247569520712,1.1771303768700903,1.1761593935410646,1.1769423104325882,7800
2024-08-14 07:00:00,1.1769423104325882,1.1780620444386447,1.1769005869852607,1.1778161808344823,7248
2024-08-14 08:00:00,1.1778161808344823,1.1778769890543128,1.176794729355417,1.1769805942730653,7781
2024-08-14 09:00:00,1.1769805942730653,1.177023601435493,1.176271604046586,1.1765564001133502,4786
2024-08-14 10:00:00,1.1765564001133502,1.176806102077449,1.1764003006092125,1.1766620497727385,6799
2024-08-14 11:00:00,1.1766620497727385,1.1768294409806783,1.1763009990665971,1.176565751479164,2730
2024-08-14 12:00:00,1.176565751479164,1.176603273308093,1.1760240439490661,1.1762274228519136,8014
2024-08-14 13:00:00,1.1762274228519136,1.176887849369882,1.17565102017928,1.1765478349368863,323
2024-08-14 14:00:00,1.1765478349368863,1.176799382630387,1.1763822779515942,1.1765259976320637,1621
2024-08-14 15:00:00,1.1765259976320637,1.1767926840611536,1.175959141785619,1.1761489081599437,1754
2024-08-14 16:00:00,1.1761489081599437,1.1769655911968482,1.1758818788376115,1.1769109734251422,6148
2024-08-14 17:00:00,1.1769109734251422,1.1770795339633944,1.1761123798272664,1.1761640948074137,5244
2024-08-14 18:00:00,1.1761640948074137,1.1765233277392475,1.1758445658388135,1.1759506270752633,4872
2024-08-14 19:00:00,1.1759506270752633,1.1759581972134254,1.175519636207645,1.1758470017760756,6407
2024-08-14 20:00:00,1.1758470017760756,1.175970326764528,1.173675287887568,1.1738041391237302,836
2024-08-14 21:00:00,1.1738041391237302,1.1740868006514746,1.1736981368629218,1.173883916326818,8437
2024-08-14 22:00:00,1.173883916326818,1.1740026562122154,1.1728990835408477,1.172913986017867,7078
2024-08-14 23:00:00,1.172913986017867,1.1730529689800493,1.172371446120578,1.1724715970043162,1133
2024-08-15 00:00:00,1.1724715970043162,1.172524766934018,1.1718293057181843,1.1718950376178188,6763
2024-08-15 01:00:00,1.1718950376178188,1.17243530008454,1.1714167470852483,1.1724295543460457,2381
2024-08-15 02:00:00,1.1724295543460457,1.1726230212189812,1.1714487814698695,1.1714772987282887,7448
2024-08-15 03:00:00,1.1714772987282887,1.1722629819021801,1.171275796557162,1.1719881705919482,6133
2024-08-15 04:00:00,1.1719881705919482,1.173435891939783,1.1718620375099706,1.1731938341169368,4719
2024-08-15 05:00:00,1.1731938341169368,1.1735715579548802,1.1727602133275965,1.17296237606182,8677
2024-08-15 06:00:00,1.17296237606182,1.1737134745315476,1.1727989790331914,1.1736713324354324,5039
2024-08-15 07:00:00,1.1736713324354324,1.1744322464846952,1.1735831216128694,1.1742877797599252,6578
2024-08-15 08:00:00,1.1742877797599252,1.1749915030695937,1.174015346845541,1.1748184224155933,613
2024-08-15 09:00:00,1.1748184224155933,1.1749678216232644,1.1738145581305264,1.1738570204201224,8318
2024-08-15 10:00:00,1.1738570204201224,1.174137216590061,1.17335862994369,1.173597497776614,764
2024-08-15 11:00:00,1.173597497776614,1.1741387176419815,1.1735434657552914,1.1741008290864763,2287
2024-08-15 12:00:00,1.1741008290864763,1.1741922789053405,1.1738469847804056,1.17418975633847,5924
2024-08-15 13:00:00,1.17418975633847,1.1743693173947591,1.1738959166083207,1.174016840552424,6338
2024-08-15 14:00:00,1.174016840552424,1.1741915255164135,1.1734429603718288,1.173716711278948,6411
2024-08-15 15:00:00,1.173716711278948,1.1739220625960507,1.173316396129922,1.173857176079701,1640
2024-08-15 16:00:00,1.173857176079701,1.174158714998353,1.1736211712968814,1.1740149322309124,2731
2024-08-15 17:00:00,1.1740149322309124,1.174231641469402,1.1728952899814964,1.1732281265724105,7257
2024-08-15 18:00:00,1.1732281265724105,1.1736330826260017,1.1728332519413927,1.1734785791308648,8599
2024-08-15 19:00:00,1.1734785791308648,1.1735705187593597,1.1720217286361363,1.1720697800041031,2093
2024-08-15 20:00:00,1.1720697800041031,1.1723717788689896,1.1710933022384244,1.1711458994632453,803
2024-08-15 21:00:00,1.1711458994632453,1.1715055245262702,1.1709593191310235,1.1714476335364983,6738
2024-08-15 22:00:00,1.1714476335364983,1.17158684199918,1.1706554819109702,1.1709644413802471,454
2024-08-15 23:00:00,1.1709644413802471,1.1723644554354014,1.1704304077935728,1.172136727645464,646
2024-08-16 00:00:00,1.172136727645464,1.1728467388766954,1.1720485067485906,1.172798519386898,5236
2024-08-16 01:00:00,1.172798519386898,1.173116057980543,1.1727081206662229,1.1727849646752921,209
2024-08-16 02:00:00,1.1727849646752921,1.172898299414357,1.1724005168802294,1.1727929465709561,1598
2024-08-16 03:00:00,1.1727929465709561,1.1729700686274973,1.1725961569577796,1.172840991693146,3771
2024-08-16 04:00:00,1.172840991693146,1.1731645244540725,1.1726634552895503,1.1728260173874627,8854
2024-08-16 05:00:00,1.1728260173874627,1.1742454687091846,1.1724634393434745,1.174210349482252,9879
2024-08-16 06:00:00,1.174210349482252,1.1744085100534765,1.1738726854203592,1.1739528325800825,6992
2024-08-16 07:00:00,1.1739528325800825,1.1741401322427591,1.1725390144417982,1.172728219990996,8052
2024-08-16 08:00:00,1.172728219990996,1.1731598237931675,1.1724022137786534,1.1726137395647003,565
2024-08-16 09:00:00,1.1726137395647003,1.1736809215598893,1.172464535645753,1.173519566752747,276
2024-08-16 10:00:00,1.173519566752747,1.1735720123801936,1.1719946522910312,1.1722212479099694,5961
2024-08-16 11:00:00,1.1722212479099694,1.1736362027796936,1.1721143539748011,1.1731016020509168,5482
2024-08-16 12:00:00,1.1731016020509168,1.173166726307547,1.1722823419744062,1.1724034774169576,3027
2024-08-16 13:00:00,1.1724034774169576,1.1739227272712132,1.172255551607264,1.1733904635408616,5156
2024-08-16 14:00:00,1.1733904635408616,1.1737125604879262,1.1723635973427922,1.1725263353362003,9186
2024-08-16 15:00:00,1.1725263353362003,1.1735179955684127,1.17250324815472,1.1733960806804582,1582
2024-08-16 16:00:00,1.1733960806804582,1.1736368475772931,1.1731864639475438,1.1734428940216926,6509
2024-08-16 17:00:00,1.1734428940216926,1.1739952208147142,1.173050295640162,1.173836335476864,9500
2024-08-16 17:00:00,1.173836335476864,1.1740283515373244,1.173818810767613,1.1739857354581302,7332
2024-08-16 18:00:00,1.1739857354581302,1.1742700977510767,1.1738910055026475,1.174044193065186,526
2024-08-16 18:00:00,1.174044193065186,1.1742072564422275,1.1738529783210268,1.1738943102607255,1627
2024-08-16 19:00:00,1.1738943102607255,1.1740201267845738,1.1733279485235286,1.1734382632312925,5350
2024-08-16 19:00:00,1.1734382632312925,1.1739690732098287,1.1731907039305303,1.1737639093031682,6052
2024-08-16 20:00:00,1.1737639093031682,1.1742087222021096,1.173655121349774,1.1739971098586515,2894
2024-08-16 20:00:00,1.1739971098586515,1.1756757456589348,1.173973070189934,1.1752504572934295,186
2024-08-16 21:00:00,1.1752504572934295,1.17526889210944,1.1749248809870232,1.1750796111693966,3667
2024-08-16 21:00:00,1.1750796111693966,1.1752905913129161,1.1740997039837313,1.1745887002438646,6068
2024-08-16 22:00:00,1.1745887002438646,1.1747429461027548,1.1739919183146197,1.1742170638004945,8684
2024-08-16 22:00:00,1.1742170638004945,1.1745744232409345,1.1740265608487754,1.17439398362354,6757
2024-08-16 23:00:00,1.17439398362354,1.1750700926796962,1.174018438650758,1.1748935389840285,9047
2024-08-16 23:00:00,1.1748935389840285,1.1753157505797556,1.1745434206211975,1.174629313419103,6403
2024-08-17 00:00:00,1.174629313419103,1.1765443362140349,1.1745865066515409,1.1762657297536931,8043
2024-08-17 01:00:00,1.1762657297536931,1.1763946199852757,1.1756907786236628,1.1759253228596274,9736
2024-08-17 02:00:00,1.1759253228596274,1.1761800181955604,1.175879058394089,1.17614543287896,9074
2024-08-17 03:00:00,1.17614543287896,1.1762287516880905,1.1751959509475973,1.1752186498168424,4741
2024-08-17 04:00:00,1.1752186498168424,1.1753706039886676,1.174518274869785,1.1745923976641748,5880
2024-08-17 05:00:00,1.1745923976641748,1.174683029242912,1.17444885827445,1.1744614712803476,5740
2024-08-17 06:00:00,1.1744614712803476,1.1750631685274793,1.1744324443637433,1.1748286862059125,6283
2024-08-17 07:00:00,1.1748286862059125,1.174884813701775,1.1734446080033416,1.1739373448281227,8033
2024-08-17 08:00:00,1.1739373448281227,1.1744282100000565,1.173894238432164,1.174191830709502,590
2024-08-17 09:00:00,1.174191830709502,1.1750766094922842,1.1741916660717293,1.17505026607573,4089
2024-08-17 10:00:00,1.17505026607573,1.1750794055556744,1.1743689486328945,1.174570094742964,3568
2024-08-17 11:00:00,1.174570094742964,1.1746559495875386,1.174062136134241,1.1742437983424834,1148
2024-08-17 12:00:00,1.1742437983424834,1.174327029301906,1.1733392784062688,1.1737412642591625,298
2024-08-17 13:00:00,1.1737412642591625,1.1741797162869179,1.1736875305358807,1.174125251364919,8662
2024-08-17 14:00:00,1.174125251364919,1.1743814634362852,1.173852924055283,1.1743710507280454,8690
2024-08-17 15:00:00,1.1743710507280454,1.1749331138782881,1.174156002466653,1.174892008478645,559
2024-08-17 16:00:00,1.174892008478645,1.175590396405727,1.17477554590154,1.1753089542014314,2704
2024-08-17 17:00:00,1.1753089542014314,1.175556725408243,1.1745311677263435,1.1748306932995574,7032
2024-08-17 18:00:00,1.1748306932995574,1.175003735419628,1.1743123782334075,1.1744869540233913,7563
2024-08-17 19:00:00,1.1744869540233913,1.1746080566074384,1.1744333914737943,1.174465074720728,5561
2024-08-17 20:00:00,1.174465074720728,1.174552284935683,1.173510710475122,1.1736985124508263,4768
2024-08-17 21:00:00,1.1736985124508263,1.174014863282342,1.1733601565066618,1.1736119306179358,1393
2024-08-17 22:00:00,1.1736119306179358,1.174139505499613,1.1733642739757646,1.1741204755362933,1298
2024-08-17 23:00:00,1.1741204755362933,1.175586365406544,1.1739250789747608,1.1755396474600883,8761
2024-08-18 00:00:00,1.1755396474600883,1.1755401945713067,1.175074764707636,1.1751536846009838,5107
2024-08-18 01:00:00,1.1751536846009838,1.1753429304537775,1.1749810420490916,1.1753258952353232,5034
2024-08-18 02:00:00,1.1753258952353232,1.1765180408218472,1.1750464842306938,1.1763485064320043,7029
2024-08-18 03:00:00,1.1763485064320043,1.1765917447686964,1.1761026674415285,1.1763575582114723,2377
2024-08-18 04:00:00,1.1763575582114723,1.1766325549387147,1.1752404958429108,1.1752906047685754,6373
2024-08-18 05:00:00,1.1752906047685754,1.1755366999802108,1.1744765962692334,1.1745594496491916,9465
2024-08-18 06:00:00,1.1745594496491916,1.1749680386214185,1.1738836037270017,1.1739531212515908,8457
2024-08-18 07:00:00,1.1739531212515908,1.1741982795997472,1.1731867057381502,1.173530702644216,7516
2024-08-18 08:00:00,1.173530702644216,1.1744833463420619,1.173445548669661,1.174303887705777,1791
2024-08-18 09:00:00,1.174303887705777,1.1745118141716373,1.1740655058083396,1.1742728083344913,5492
2024-08-18 10:00:00,1.1742728083344913,1.175192902508895,1.174055465955356,1.1750913446107336,2515
2024-08-18 11:00:00,1.1750913446107336,1.1752960807805661,1.1745687275921677,1.1747935041465942,6942
2024-08-18 12:00:00,1.1747935041465942,1.175206338578776,1.1747729378453304,1.1750942136019011,8918
2024-08-18 13:00:00,1.1750942136019011,1.1753982855347158,1.1749438648889636,1.1753158542236775,2405
2024-08-18 14:00:00,1.1753158542236775,1.1756694704721549,1.1748481249083151,1.1750591524177016,8134
2024-08-18 15:00:00,1.1750591524177016,1.1761582368311643,1.1750026299396998,1.1761157644204026,6450
2024-08-18 16:00:00,1.1761157644204026,1.1762211501266107,1.1759210057019,1.175941167472752,1231
2024-08-18 17:00:00,1.175941167472752,1.1764329158574063,1.1752666484542535,1.1753494202941892,4055
2024-08-18 18:00:00,1.1753494202941892,1.1755883458148284,1.17449415488688,1.1744947195267865,1744
2024-08-18 19:00:00,1.1744947195267865,1.1756795103300095,1.1742996249356523,1.1753712387990072,2394
2024-08-18 20:00:00,1.1753712387990072,1.175523210100019,1.1752496348339347,1.1752968198041518,5362
2024-08-18 21:00:00,1.1752968198041518,1.1755026270706088,1.1751080997935928,1.1753760276641496,3317
2024-08-18 22:00:00,1.1753760276641496,1.1768015022453824,1.1753362178076279,1.1762440444603113,5296
2024-08-18 23:00:00,1.1762440444603113,1.1763113121726443,1.1760930176719855,1.1761883996575049,2185
2024-08-19 00:00:00,1.1761883996575049,1.1765248472085479,1.1758783838927127,1.176277477467077,6903
2024-08-19 01:00:00,1.176277477467077,1.1763596165298325,1.1751880604682163,1.175425504550165,9222
2024-08-19 02:00:00,1.175425504550165,1.1756797212660153,1.175029465281827,1.1755321999131199,4316
2024-08-19 03:00:00,1.1755321999131199,1.1755424486154504,1.1753944702751136,1.1754245879429952,436
2024-08-19 04:00:00,1.1754245879429952,1.1756109412847644,1.1752869196858537,1.175343363236848,1359
2024-08-19 05:00:00,1.175343363236848,1.175367138989476,1.1738182920406488,1.17427020270318,9350
2024-08-19 06:00:00,1.17427020270318,1.1744041202413595,1.1737472760197392,1.1740058378777247,7279
2024-08-19 07:00:00,1.1740058378777247,1.1744454657816206,1.1739351180642177,1.1739584084597592,3548
2024-08-19 08:00:00,1.1739584084597592,1.174004792140731,1.1731239675263607,1.1731379488572524,2516
2024-08-19 09:00:00,1.1731379488572524,1.1731392562267995,1.1726074500167019,1.1726893887946923,6031
2024-08-19 10:00:00,1.1726893887946923,1.1739944250096948,1.1724368636242224,1.1736690246251384,8345
2024-08-19 11:00:00,1.1736690246251384,1.173680175245837,1.1731884946927404,1.1733954599155116,9444
2024-08-19 12:00:00,1.1733954599155116,1.1736979856703371,1.1730172934614123,1.1731755388967418,4476
2024-08-19 13:00:00,1.1731755388967418,1.1732737421240516,1.1728819372468688,1.173114500647401,7264
2024-08-19 14:00:00,1.173114500647401,1.1737492654928683,1.1730602328143558,1.1736157582739095,1906
2024-08-19 15:00:00,1.1736157582739095,1.1739507186094966,1.1733147709468041,1.1735436119785356,686
2024-08-19 16:00:00,1.1735436119785356,1.1745700150152176,1.1732947394817057,1.1744660683540187,4552
2024-08-19 17:00:00,1.1744660683540187,1.1751383328279335,1.1743045845175422,1.1748856600109432,586
2024-08-19 18:00:00,1.1748856600109432,1.1749034601182649,1.1745112071517598,1.1746227856037406,7654
2024-08-19 19:00:00,1.1746227856037406,1.1746871980209883,1.1745309788227591,1.1746320088657696,1808
2024-08-19 20:00:00,1.1746320088657696,1.1749358912439445,1.1742620154970065,1.1744284957923585,4106
2024-08-19 21:00:00,1.1744284957923585,1.1746776408078792,1.1741928632051633,1.1743877430762235,4727
2024-08-19 22:00:00,1.1743877430762235,1.1755428057737425,1.1741978871748824,1.1752941850581728,7000
2024-08-19 23:00:00,1.1752941850581728,1.1759186860446407,1.1750802032295395,1.1757633436264687,3130
2024-08-20 00:00:00,1.1757633436264687,1.1761651390170837,1.1755791384408234,1.1761447637460762,4402
2024-08-20 01:00:00,1.1761447637460762,1.176222400204621,1.1751497917327496,1.1756674635654598,4480
2024-08-20 02:00:00,1.1756674635654598,1.1759479360961498,1.17483315723822,1.1754217077674212,1037
2024-08-20 03:00:00,1.1754217077674212,1.175445083161405,1.1745696212215866,1.1746107070874852,6339
2024-08-20 04:00:00,1.1746107070874852,1.1765362960772099,1.1744933682712426,1.1763632210830905,2131
2024-08-20 05:00:00,1.1763632210830905,1.1769111221770188,1.1760515751133769,1.1768628575363589,2971
2024-08-20 06:00:00,1.1768628575363589,1.1775533501981246,1.1767428262373572,1.1775331819286157,9174
2024-08-20 07:00:00,1.1775331819286157,1.1778830144889874,1.1770275755475046,1.1771854752994346,5999
2024-08-20 08:00:00,1.1771854752994346,1.1775498543626197,1.1756738569638678,1.175845474373737,3736
2024-08-20 09:00:00,1.175845474373737,1.1762163605538403,1.1755219781548072,1.1758285784705278,5829
2024-08-20 10:00:00,1.1758285784705278,1.1760155388030669,1.174634710021178,1.174962536446764,5021
2024-08-20 11:00:00,1.174962536446764,1.1751043432690698,1.174766827874702,1.1748340524552912,3963
2024-08-20 12:00:00,1.1748340524552912,1.1748562749981057,1.1739886356327751,1.1740516672940382,8352
2024-08-20 13:00:00,1.1740516672940382,1.1742284119536757,1.173842848000465,1.173930422429455,5348
2024-08-20 14:00:00,1.173930422429455,1.1748183097457097,1.1737788064273955,1.1747175755910173,2117
2024-08-20 15:00:00,1.1747175755910173,1.1750322113845644,1.1745795606722287,1.1748768093385233,3911
2024-08-20 16:00:00,1.1748768093385233,1.1762890134746793,1.1748035621878865,1.1761963503306023,169
2024-08-20 17:00:00,1.1761963503306023,1.1762921878367598,1.1759663477577547,1.1761109797802856,4880
2024-08-20 18:00:00,1.1761109797802856,1.176182222270311,1.17509076162302,1.1753553182179652,6636
2024-08-20 19:00:00,1.1753553182179652,1.1756116750569883,1.1743441681102897,1.1743562776743626,7724
2024-08-20 20:00:00,1.1743562776743626,1.1746914728485762,1.1742284432383068,1.1742543439810322,5371
2024-08-20 21:00:00,1.1742543439810322,1.1744930228683117,1.1728413551002095,1.172858542994709,9887
2024-08-20 22:00:00,1.172858542994709,1.1742898751903124,1.1728366265446213,1.1739222212434328,1354
2024-08-20 23:00:00,1.1739222212434328,1.174848423985975,1.173740676139491,1.1744844966716528,2613
2024-08-21 00:00:00,1.1744844966716528,1.1750224941484615,1.1741919211042913,1.1749888927871717,9313
2024-08-21 01:00:00,1.1749888927871717,1.175390247127261,1.1747235684592716,1.1751495156020786,4627
2024-08-21 02:00:00,1.1751495156020786,1.175537311543611,1.1750878527282367,1.175264145085853,5130
2024-08-21 03:00:00,1.175264145085853,1.175274355968405,1.174814857115579,1.1751946941797464,4469
2024-08-21 04:00:00,1.1751946941797464,1.1752507818359796,1.1739326701433286,1.1740905146431406,3276
2024-08-21 05:00:00,1.1740905146431406,1.174136300123681,1.1727924847214877,1.173085222163521,5567
2024-08-21 06:00:00,1.173085222163521,1.1732516046013255,1.1728084564027361,1.173152711303655,7525
2024-08-21 07:00:00,1.173152711303655,1.1740099459030198,1.172960736211398,1.1738572413694388,5576
2024-08-21 08:00:00,1.1738572413694388,1.1741422547244678,1.1732220518106047,1.1734960793591567,332
2024-08-21 09:00:00,1.1734960793591567,1.1754620927965478,1.173422036553035,1.175047359961461,1287
2024-08-21 10:00:00,1.175047359961461,1.175303370785393,1.1748981327573218,1.1753009316720742,5523
2024-08-21 11:00:00,1.1753009316720742,1.1755143036404065,1.1746382754335902,1.1748572481320636,5080
2024-08-21 12:00:00,1.1748572481320636,1.1752498390154489,1.174772265850047,1.1750623977613326,7099
2024-08-21 13:00:00,1.1750623977613326,1.1752248027362433,1.1747460730652821,1.1748776986103935,4998
2024-08-21 14:00:00,1.1748776986103935,1.1752321859190527,1.1741726208710324,1.1744479786360238,4905
2024-08-21 15:00:00,1.1744479786360238,1.1757895701868577,1.1738206414263594,1.1754761744173836,948
2024-08-21 16:00:00,1.1754761744173836,1.1769139258289238,1.1752389299650814,1.1766514265585988,9921
2024-08-21 17:00:00,1.1766514265585988,1.176774514408857,1.1758444498467153,1.1762714342248675,1750
2024-08-21 18:00:00,1.1762714342248675,1.1768684116519479,1.1761217597655833,1.1768430922628539,8205
2024-08-21 19:00:00,1.1768430922628539,1.1771102325418448,1.176099089079415,1.1761693866324556,8237
2024-08-21 20:00:00,1.1761693866324556,1.1764859413053268,1.1760175587926716,1.1764282433364734,6025
2024-08-21 21:00:00,1.1764282433364734,1.177339309975866,1.1764226264130657,1.177235533840725,791
2024-08-21 22:00:00,1.177235533840725,1.17739754412007,1.1763255115422913,1.176625876846074,107
2024-08-21 23:00:00,1.176625876846074,1.177348437665865,1.1764061320107178,1.1771847164849834,2182
2024-08-22 00:00:00,1.1771847164849834,1.1779017506294491,1.1769321013548781,1.1775839975848033,4997
2024-08-22 01:00:00,1.1775839975848033,1.1777343689335973,1.1772173041759162,1.1772185279087446,9453
2024-08-22 02:00:00,1.1772185279087446,1.1778864524304549,1.1769578334229882,1.177585219004278,1803
2024-08-22 03:00:00,1.177585219004278,1.1776712216802827,1.1774768047261377,1.1775630711634082,5327
2024-08-22 04:00:00,1.1775630711634082,1.1776653997761022,1.1766664928503903,1.176671173752539,8431
2024-08-22 05:00:00,1.176671173752539,1.1769281035406287,1.1765652477299986,1.1767817598454562,3532
2024-08-22 06:00:00,1.1767817598454562,1.1767884506694966,1.1755578157150113,1.175842447770441,758
2024-08-22 07:00:00,1.175842447770441,1.1764083627969693,1.175735206914333,1.176337670842912,4761
2024-08-22 08:00:00,1.176337670842912,1.1782059651085197,1.1763098682067004,1.1780530455344087,3537
2024-08-22 09:00:00,1.1780530455344087,1.1786890984483636,1.1780355995559249,1.178326163758821,2848
2024-08-22 10:00:00,1.178326163758821,1.1789549025968433,1.1781387839199602,1.1787169186536337,8693
2024-08-22 11:00:00,1.1787169186536337,1.1788145461984454,1.1783265274978734,1.1784904117393145,7614
2024-08-22 12:00:00,1.1784904117393145,1.1793150144380657,1.1782550190983025,1.1789375812257314,6627
2024-08-22 13:00:00,1.1789375812257314,1.179686122358792,1.1789293370770577,1.1794990523949371,951
2024-08-22 14:00:00,1.1794990523949371,1.18093514327532,1.1794150774703789,1.1808070404304487,2808
2024-08-22 15:00:00,1.1808070404304487,1.1814986364286286,1.1803120275026149,1.1814090258689076,3968
2024-08-22 16:00:00,1.1814090258689076,1.1815298030789183,1.181298349414233,1.181315483081904,9074
2024-08-22 17:00:00,1.181315483081904,1.1815726293842401,1.1811935188385585,1.1815591918491413,7609
2024-08-22 18:00:00,1.1815591918491413,1.1817874993811883,1.180641550411513,1.1809129103486113,8634
2024-08-22 19:00:00,1.1809129103486113,1.1809291450706747,1.1801231272137653,1.1805414603008193,1886
2024-08-22 20:00:00,1.1805414603008193,1.1815262824447519,1.180233346978551,1.1813337454613413,3003
2024-08-22 21:00:00,1.1813337454613413,1.1814394897879086,1.1804040014152422,1.1805214242946565,9073
2024-08-22 22:00:00,1.1805214242946565,1.1809927352026084,1.1802470338845206,1.180891357732635,3848
2024-08-22 23:00:00,1.180891357732635,1.181343133525242,1.180668332869536,1.1811040522254574,6746
2024-08-23 00:00:00,1.1811040522254574,1.1819633725764496,1.1810013319786625,1.1816150404436552,6809
2024-08-23 01:00:00,1.1816150404436552,1.181622496687259,1.1809286267454762,1.181398226972357,1438
2024-08-23 02:00:00,1.181398226972357,1.181951340166976,1.1812482082408595,1.1817200566126764,6883
2024-08-23 03:00:00,1.1817200566126764,1.1817960920901975,1.1808790143501589,1.180897780939236,5406
2024-08-23 04:00:00,1.180897780939236,1.180925564366631,1.1804692939309056,1.1805389750968065,3896
2024-08-23 05:00:00,1.1805389750968065,1.1813696871838393,1.180194198121522,1.1813140877594903,2970
2024-08-23 06:00:00,1.1813140877594903,1.181393905388692,1.1809878572564847,1.181360521121974,791
2024-08-23 07:00:00,1.181360521121974,1.1814886504714333,1.1813212187367736,1.1814606763996787,3978
2024-08-23 08:00:00,1.1814606763996787,1.1824822871071263,1.1811204113783873,1.182476671870903,4016
2024-08-23 09:00:00,1.182476671870903,1.1831210429618804,1.1823936691105437,1.1828449732911335,758
2024-08-23 10:00:00,1.1828449732911335,1.1835807874153061,1.1826260640961097,1.1833089598786457,8475
2024-08-23 11:00:00,1.1833089598786457,1.1835767197209617,1.1825131218363722,1.1826386855855628,9495
2024-08-23 12:00:00,1.1826386855855628,1.1833264310359224,1.1824768304016855,1.1831367602145981,5519
2024-08-23 13:00:00,1.1831367602145981,1.1832831879949923,1.1818349591633448,1.1821675654389872,6033
2024-08-23 14:00:00,1.1821675654389872,1.1824848209831607,1.1818686313949482,1.1823565984976518,1803
2024-08-23 15:00:00,1.1823565984976518,1.1824963790740568,1.1811350377904117,1.181334872158981,4531
2024-08-23 16:00:00,1.181334872158981,1.1818391944058586,1.1809478417053278,1.1817474679263982,5660
2024-08-23 17:00:00,1.1817474679263982,1.1817911839672157,1.1806334579343087,1.1807435981107022,502
2024-08-23 17:00:00,1.1807435981107022,1.1807887036761666,1.1802584779892322,1.1803368532946548,8264
2024-08-23 18:00:00,1.1803368532946548,1.1803945565896938,1.1789245953232277,1.179005014544127,8079
2024-08-23 18:00:00,1.179005014544127,1.1791095150125037,1.1788155520330694,1.1788580335178331,8527
2024-08-23 19:00:00,1.1788580335178331,1.1790614346563029,1.17878383737594,1.178901486626673,705
2024-08-23 19:00:00,1.178901486626673,1.1789064149400006,1.1782000744422336,1.1782205212842103,8514
2024-08-23 20:00:00,1.1782205212842103,1.178364483994409,1.1777768953593521,1.1778572404868974,8079
2024-08-23 20:00:00,1.1778572404868974,1.178844853667212,1.1778482506954933,1.178766061022465,4110
2024-08-23 21:00:00,1.178766061022465,1.1794552266572227,1.178758096907242,1.179414144117779,722
2024-08-23 21:00:00,1.179414144117779,1.1794335132499694,1.1786379692386553,1.1788948870049387,1933
2024-08-23 22:00:00,1.1788948870049387,1.1789636024793777,1.1787163541211516,1.1789439000351618,9544
2024-08-23 22:00:00,1.1789439000351618,1.179796669017135,1.1788835308563312,1.1797552038502963,8530
2024-08-23 23:00:00,1.1797552038502963,1.1799238339248157,1.178904468505818,1.1789461939619152,5945
2024-08-23 23:00:00,1.1789461939619152,1.1805323633967824,1.1787781255258698,1.180386120798875,5808
2024-08-24 00:00:00,1.180386120798875,1.1807418588793068,1.1801756356068265,1.1806445921038582,6801
2024-08-24 01:00:00,1.1806445921038582,1.180812642456782,1.179804181543315,1.179918703198436,6999
2024-08-24 02:00:00,1.179918703198436,1.1813335253693804,1.1796660005898694,1.1810674874662697,9865
2024-08-24 03:00:00,1.1810674874662697,1.1813983166723843,1.1808114658698645,1.1809162728733336,2532
2024-08-24 04:00:00,1.1809162728733336,1.1809677240827394,1.1798128616978838,1.179851063224743,5138
2024-08-24 05:00:00,1.179851063224743,1.1799292795266263,1.1795776567702796,1.1796196473270077,6606
2024-08-24 06:00:00,1.1796196473270077,1.1800954519805285,1.179594471461529,1.1799896965487466,9456
2024-08-24 07:00:00,1.1799896965487466,1.1804082042156747,1.1797429292314958,1.1803286217009512,9268
2024-08-24 08:00:00,1.1803286217009512,1.1809801711062442,1.180264993238012,1.1809203409116527,9251
2024-08-24 09:00:00,1.1809203409116527,1.181202107301614,1.1808295611554274,1.1811649202183863,5671
2024-08-24 10:00:00,1.1811649202183863,1.1818152216077642,1.1809437331259947,1.181637327418474,2434
2024-08-24 11:00:00,1.181637327418474,1.1816427584003184,1.1814966082037768,1.1815370082031884,3524
2024-08-24 12:00:00,1.1815370082031884,1.1816908494726879,1.1812105152197716,1.1813022257517978,6129
2024-08-24 13:00:00,1.1813022257517978,1.1815349999609066,1.181071787399618,1.1811232075231801,986
2024-08-24 14:00:00,1.1811232075231801,1.1811957534364934,1.1796921907779114,1.1798443271258887,8985
2024-08-24 15:00:00,1.1798443271258887,1.179952109559211,1.1795091503855155,1.1797752641554196,8472
2024-08-24 16:00:00,1.1797752641554196,1.1803366411273895,1.1795580768913387,1.1802689160958622,9480
2024-08-24 17:00:00,1.1802689160958622,1.180606464377487,1.179871190933926,1.1799194179228034,3267
2024-08-24 18:00:00,1.1799194179228034,1.1810559756604928,1.1797979360732682,1.1807582667326864,1612
2024-08-24 19:00:00,1.1807582667326864,1.1814848535480607,1.1806120796458661,1.181151717731958,8021
2024-08-24 20:00:00,1.181151717731958,1.1816088812733734,1.180936402668909,1.1813821893455634,4493
2024-08-24 21:00:00,1.1813821893455634,1.1821121821897855,1.1812927451196706,1.1818843449271155,6938
2024-08-24 22:00:00,1.1818843449271155,1.1819013935129434,1.1813708024031346,1.1814911585237944,1289
2024-08-24 23:00:00,1.1814911585237944,1.1823471664009457,1.1811772316228788,1.1823184904999777,4076
2024-08-25 00:00:00,1.1823184904999777,1.1826642701256556,1.182212874371957,1.1824732665849476,5104
2024-08-25 01:00:00,1.1824732665849476,1.1824889534863872,1.1820726998101567,1.1821285473610117,5561
2024-08-25 02:00:00,1.1821285473610117,1.182539687315803,1.1815851115714628,1.1816141128349351,4178
2024-08-25 03:00:00,1.1816141128349351,1.181907865421513,1.181491909964583,1.1818111797753834,5463
2024-08-25 04:00:00,1.1818111797753834,1.1824302312591939,1.1817982149956323,1.1823492904366617,6209
2024-08-25 05:00:00,1.1823492904366617,1.1834065450482534,1.1823295474261974,1.1832654603054529,1334
2024-08-25 06:00:00,1.1832654603054529,1.1833494142479262,1.1829771775780664,1.1831125397251756,9944
2024-08-25 07:00:00,1.1831125397251756,1.1834706864037299,1.183029548549349,1.1832578952347208,109
2024-08-25 08:00:00,1.1832578952347208,1.183583181386504,1.1818813398602837,1.181964474255103,5148
2024-08-25 09:00:00,1.181964474255103,1.182036941146758,1.1803236426449433,1.1806324327658955,3671
2024-08-25 10:00:00,1.1806324327658955,1.180748428081287,1.1797143308859643,1.1800111429966085,7386
2024-08-25 11:00:00,1.1800111429966085,1.1810378125683174,1.1797693184023292,1.1808649511565472,3802
2024-08-25 12:00:00,1.1808649511565472,1.1815769363434843,1.1807489991812024,1.1813856362855495,6200
2024-08-25 13:00:00,1.1813856362855495,1.1813994925096154,1.1811285266041835,1.1811926957830505,7865
2024-08-25 14:00:00,1.1811926957830505,1.1813062134540475,1.1803708663651997,1.1804195342782526,877
2024-08-25 15:00:00,1.1804195342782526,1.1805073244323523,1.1795657517132538,1.1798156110984008,5608
2024-08-25 16:00:00,1.1798156110984008,1.179856890909889,1.178599500073633,1.1786236991605057,4575
2024-08-25 17:00:00,1.1786236991605057,1.1790508177550134,1.1784120185788867,1.1788991131028175,2479
2024-08-25 18:00:00,1.1788991131028175,1.1789319441895163,1.178730183571249,1.1788053078175895,9217
2024-08-25 19:00:00,1.1788053078175895,1.1788273264133158,1.1786425397034594,1.1788258486393397,3740
2024-08-25 20:00:00,1.1788258486393397,1.1790205201232264,1.17751126542436,1.1777250491074076,8456
2024-08-25 21:00:00,1.1777250491074076,1.177935776430217,1.1776611079297188,1.1776742186747489,2997
2024-08-25 22:00:00,1.1776742186747489,1.1777547154113137,1.1766811708734668,1.1767701903250352,3367
2024-08-25 23:00:00,1.1767701903250352,1.177624579479791,1.176768857424957,1.1773069626567823,6206
2024-08-26 00:00:00,1.1773069626567823,1.1773101594101267,1.1766075435797465,1.1766576290232338,4434
2024-08-26 01:00:00,1.1766576290232338,1.1771047728677562,1.1764724765331425,1.1769949087616995,4189
2024-08-26 02:00:00,1.1769949087616995,1.177347558948098,1.1754902458572458,1.175672684511487,2217
2024-08-26 03:00:00,1.175672684511487,1.1759574280752279,1.1750630389422172,1.1755394279389004,4214
2024-08-26 04:00:00,1.1755394279389004,1.1755738683718162,1.1752252399265872,1.175330205750875,2385
2024-08-26 05:00:00,1.175330205750875,1.1763714326913053,1.1752281557929294,1.1761422191028836,5106
2024-08-26 06:00:00,1.1761422191028836,1.1769698964985564,1.1760391967119972,1.1767495129324281,3544
2024-08-26 07:00:00,1.1767495129324281,1.1779284975014948,1.176685168658025,1.1778841352718286,7683
2024-08-26 08:00:00,1.1778841352718286,1.178154981800954,1.1777264992699996,1.1781075735561815,2217
2024-08-26 09:00:00,1.1781075735561815,1.17892338193146,1.1779055075986622,1.1788230386666132,297
2024-08-26 10:00:00,1.1788230386666132,1.1791077649029769,1.1784165079631974,1.1788045940082992,3433
2024-08-26 11:00:00,1.1788045940082992,1.1789804489007154,1.1783214247595137,1.17848592868835,293
2024-08-26 12:00:00,1.17848592868835,1.1797389059049623,1.1784518334585536,1.179332541193698,7740
2024-08-26 13:00:00,1.179332541193698,1.1799532742912195,1.1789802606837108,1.1798894488226057,231
2024-08-26 14:00:00,1.1798894488226057,1.1805078698234788,1.179877852233288,1.1803785962894096,6618
2024-08-26 15:00:00,1.1803785962894096,1.1804026848619378,1.1799180056673708,1.1799895698798748,9385
2024-08-26 16:00:00,1.1799895698798748,1.1800994601430426,1.1797906395938806,1.1800199733482715,866
2024-08-26 17:00:00,1.1800199733482715,1.1801518881397528,1.1790925587604915,1.1794651378711143,9760
2024-08-26 18:00:00,1.1794651378711143,1.1803305907141541,1.1790625467012275,1.1800080205272012,2518
2024-08-26 19:00:00,1.1800080205272012,1.1803884563759544,1.1797865805676295,1.1803555171664628,5659
2024-08-26 20:00:00,1.1803555171664628,1.1807528138451593,1.1801538636148896,1.180555012957502,6088
2024-08-26 21:00:00,1.180555012957502,1.180558074272471,1.179506076021285,1.179723858123818,8521
2024-08-26 22:00:00,1.179723858123818,1.179782230386421,1.1788742555263927,1.1788854103939286,7409
2024-08-26 23:00:00,1.1788854103939286,1.1793754437521557,1.1788555043210198,1.1793234123962304,7890
2024-08-27 00:00:00,1.1793234123962304,1.1794343412178396,1.1788746334626903,1.1792447089996667,5657
2024-08-27 01:00:00,1.1792447089996667,1.1794147581035406,1.1790778506498285,1.1791720732545468,5685
2024-08-27 02:00:00,1.1791720732545468,1.1802033502468185,1.178841596443256,1.1799357809724553,7197
2024-08-27 03:00:00,1.1799357809724553,1.1807730001105012,1.1794839257381682,1.1805301872058866,8143
2024-08-27 04:00:00,1.1805301872058866,1.1806697254346958,1.1802370214322857,1.1804476704643125,7213
2024-08-27 05:00:00,1.1804476704643125,1.1808499842862092,1.180319330258228,1.1805713879626742,4760
2024-08-27 06:00:00,1.1805713879626742,1.1815046469481085,1.180441698735591,1.1814688213853528,9910
2024-08-27 07:00:00,1.1814688213853528,1.181640698611567,1.1810879261429408,1.1813039376380012,5903
2024-08-27 08:00:00,1.1813039376380012,1.181816285298971,1.181273603000841,1.1817533825502105,9105
2024-08-27 09:00:00,1.1817533825502105,1.182027667196838,1.1815903264843322,1.181931335706627,7646
2024-08-27 10:00:00,1.181931335706627,1.182004419250847,1.180385002138958,1.180705610035845,4646
2024-08-27 11:00:00,1.180705610035845,1.1807504459328158,1.1801760691191545,1.1802664364647952,586
2024-08-27 12:00:00,1.1802664364647952,1.1812262012008288,1.1802441432482393,1.1810310789455365,9982
2024-08-27 13:00:00,1.1810310789455365,1.1819154431180074,1.1810119868520248,1.1815409941055584,9559
2024-08-27 14:00:00,1.1815409941055584,1.1819298037643187,1.1809077469438238,1.1809699884626583,8269
2024-08-27 15:00:00,1.1809699884626583,1.1811081119670874,1.1807436812366783,1.1809615821285908,8970
2024-08-27 16:00:00,1.1809615821285908,1.1812944394802554,1.180918340745034,1.1811157218552757,2361
2024-08-27 17:00:00,1.1811157218552757,1.1812856970402992,1.1809108216626756,1.1810237518069764,9399
2024-08-27 18:00:00,1.1810237518069764,1.181146960686379,1.1803023439281681,1.1804431032721654,6270
2024-08-27 19:00:00,1.1804431032721654,1.1810848207747662,1.1802107466318943,1.1810306306400908,7063
2024-08-27 20:00:00,1.1810306306400908,1.18183354158284,1.1809823704357505,1.1814748485978646,4264
2024-08-27 21:00:00,1.1814748485978646,1.1818441719976909,1.1814357566663873,1.1816376091157892,2341
2024-08-27 22:00:00,1.1816376091157892,1.1817558956356533,1.1804052006304175,1.1805079304335073,656
2024-08-27 23:00:00,1.1805079304335073,1.181411321310011,1.1804030629763922,1.1810410904976072,1755
2024-08-28 00:00:00,1.1810410904976072,1.1819114741932784,1.1808081438891844,1.1818491954930628,1066
2024-08-28 01:00:00,1.1818491954930628,1.1823677645865238,1.1817415496306967,1.1823266336533378,8583
2024-08-28 02:00:00,1.1823266336533378,1.1826117148398123,1.1813114309445403,1.1816843136773123,5931
2024-08-28 03:00:00,1.1816843136773123,1.181912818241213,1.1807993764309064,1.1809060804295348,9467
2024-08-28 04:00:00,1.1809060804295348,1.1816790143905802,1.1808400864445368,1.1816308679582315,775
2024-08-28 05:00:00,1.1816308679582315,1.1816938861468747,1.1812357527497326,1.1814832948889624,3383
2024-08-28 06:00:00,1.1814832948889624,1.1815246366721646,1.1812908072558288,1.1813477401659158,6135
2024-08-28 07:00:00,1.1813477401659158,1.1817808336374191,1.1812224990535893,1.18151430453368,280
2024-08-28 08:00:00,1.18151430453368,1.1816041459725999,1.181369715030233,1.1815705256803475,460
2024-08-28 09:00:00,1.1815705256803475,1.182760577681428,1.1814653936168986,1.1824061857405812,2571
2024-08-28 10:00:00,1.1824061857405812,1.1824231997576586,1.181781313094112,1.181812908968653,8901
2024-08-28 11:00:00,1.181812908968653,1.181814401736478,1.1809790355554959,1.1812172943766728,6421
2024-08-28 12:00:00,1.1812172943766728,1.1821230087152892,1.1811775781119944,1.1820650612979187,8621
2024-08-28 13:00:00,1.1820650612979187,1.1828170966384703,1.1819676739864386,1.1824309149983663,7206
2024-08-28 14:00:00,1.1824309149983663,1.1827224891119565,1.181792789929508,1.1818195856243097,9541
2024-08-28 15:00:00,1.1818195856243097,1.182110146159628,1.1816357460708342,1.182009079370853,4358
2024-08-28 16:00:00,1.182009079370853,1.1820634847501788,1.1819361887342272,1.1819940331224106,1955
2024-08-28 17:00:00,1.1819940331224106,1.183310035579661,1.181757357961244,1.1831140172556216,9104
2024-08-28 18:00:00,1.1831140172556216,1.1835154220110902,1.1826756206826736,1.1831824884050366,592
2024-08-28 19:00:00,1.1831824884050366,1.1832759725448707,1.1828631955000766,1.1832019502241862,1929
2024-08-28 20:00:00,1.1832019502241862,1.1833082778582116,1.1818371165473853,1.1819205964028927,7121
2024-08-28 21:00:00,1.1819205964028927,1.1822046756891125,1.181320594961817,1.181623283956895,570
2024-08-28 22:00:00,1.181623283956895,1.1820547807227324,1.180732290985648,1.180780149008604,1480
2024-08-28 23:00:00,1.180780149008604,1.181211687898322,1.1806192404856652,1.181197506276906,4955
2024-08-29 00:00:00,1.181197506276906,1.1826301682347697,1.1811820060391485,1.1821867926993026,2732
2024-08-29 01:00:00,1.1821867926993026,1.1824127878734594,1.1810164723247434,1.1810924068958804,3430
2024-08-29 02:00:00,1.1810924068958804,1.181858510077344,1.1807407625699065,1.181856753767915,6978
2024-08-29 03:00:00,1.181856753767915,1.1820981129451993,1.1811161342471137,1.181232246058795,3393
2024-08-29 04:00:00,1.181232246058795,1.1816344274813442,1.1810741401461098,1.1815629289118899,1139
2024-08-29 05:00:00,1.1815629289118899,1.1817912397626364,1.181521529537793,1.1817223119747422,3968
2024-08-29 06:00:00,1.1817223119747422,1.1821683057652161,1.1816732244502264,1.1818490844621536,2865
2024-08-29 07:00:00,1.1818490844621536,1.1820177213060026,1.1816297797564146,1.1817713624242252,711
2024-08-29 08:00:00,1.1817713624242252,1.1819517560519008,1.1811707993735756,1.1812076318814841,7202
2024-08-29 09:00:00,1.1812076318814841,1.1820422725179072,1.1808554880188344,1.181923447795914,6801
2024-08-29 10:00:00,1.181923447795914,1.183186652514531,1.1817311101855281,1.1830274505205298,4171
2024-08-29 11:00:00,1.1830274505205298,1.1833251709089203,1.1829319179928799,1.1829678341707437,8393
2024-08-29 12:00:00,1.1829678341707437,1.1837606850750575,1.1829422003366903,1.183632098808573,8956
2024-08-29 13:00:00,1.183632098808573,1.1840511869379642,1.183398452288769,1.1838959863659773,3214
2024-08-29 14:00:00,1.1838959863659773,1.18453116102939,1.1837797564637629,1.1844419143560332,1690
2024-08-29 15:00:00,1.1844419143560332,1.184712150179678,1.1841661097078389,1.1847080099790546,7685
2024-08-29 16:00:00,1.1847080099790546,1.1856053265768942,1.1846833341969858,1.1855460986609274,2468
2024-08-29 17:00:00,1.1855460986609274,1.1861669255292524,1.1853029437096458,1.1860552690506503,4608
2024-08-29 18:00:00,1.1860552690506503,1.1861510570884368,1.185771153049225,1.1859653967318635,9219
2024-08-29 19:00:00,1.1859653967318635,1.1860147334053812,1.1852139188599498,1.1853043762931064,1950
2024-08-29 20:00:00,1.1853043762931064,1.18578921691792,1.1850980165421865,1.185490666682739,6993
2024-08-29 21:00:00,1.185490666682739,1.1855170628624851,1.1848986126047711,1.184931101385812,544
2024-08-29 22:00:00,1.184931101385812,1.1873239631575871,1.1847343201547453,1.1869972756753073,1954
2024-08-29 23:00:00,1.1869972756753073,1.1874769792662918,1.1867153267138677,1.187285526651056,1789
2024-08-30 00:00:00,1.187285526651056,1.187471056548798,1.1871220869925845,1.1871456865078134,816
2024-08-30 01:00:00,1.1871456865078134,1.1873469536216343,1.1865244527457859,1.1868451266441873,5487
2024-08-30 02:00:00,1.1868451266441873,1.1869196040812717,1.186071617848308,1.1863650723279464,7801
2024-08-30 03:00:00,1.1863650723279464,1.1866806229735065,1.1860076637679138,1.1861640118623586,9260
2024-08-30 04:00:00,1.1861640118623586,1.1864291886777494,1.1852531512791913,1.1853321793009166,4507
2024-08-30 05:00:00,1.1853321793009166,1.1854508870981963,1.184998839630028,1.1850508693453836,4201
2024-08-30 06:00:00,1.1850508693453836,1.1852182843428658,1.1846633064547964,1.1848259053866785,2695
2024-08-30 07:00:00,1.1848259053866785,1.184842050374341,1.1845603809450374,1.1846250867573496,8929
2024-08-30 08:00:00,1.1846250867573496,1.1846275828984467,1.1844127715237578,1.1844813683920297,5918
2024-08-30 09:00:00,1.1844813683920297,1.1844997263613921,1.1828765632530922,1.182979392634619,2718
2024-08-30 10:00:00,1.182979392634619,1.1835099467033963,1.1826616425646734,1.1832940722008682,3651
2024-08-30 11:00:00,1.1832940722008682,1.1834671366660778,1.1827290429508888,1.182915498621854,8087
2024-08-30 12:00:00,1.182915498621854,1.1830551049227822,1.1827093720023585,1.1828335563137362,219
2024-08-30 13:00:00,1.1828335563137362,1.1832231210603563,1.1821594078774236,1.1825357682439517,5159
2024-08-30 14:00:00,1.1825357682439517,1.1828379068304193,1.1819784756107226,1.1820079951244893,9139
2024-08-30 15:00:00,1.1820079951244893,1.1822959972317533,1.181079946652472,1.1811552856222072,974
2024-08-30 16:00:00,1.1811552856222072,1.1819910413364763,1.181015789404045,1.1818798972440463,3094
2024-08-30 17:00:00,1.1818798972440463,1.1818882575340635,1.1814978048661575,1.181579698477873,6084
2024-08-30 17:00:00,1.181579698477873,1.1823242491250485,1.1813611983170218,1.1822033425362284,3751
2024-08-30 18:00:00,1.1822033425362284,1.1823311466313222,1.1817569052057793,1.182056824425091,5885
2024-08-30 18:00:00,1.182056824425091,1.1825108392302355,1.1820308692786257,1.1822016784949703,1420
2024-08-30 19:00:00,1.1822016784949703,1.182603744555369,1.1821355614272786,1.1825819168383997,4120
2024-08-30 19:00:00,1.1825819168383997,1.1838032711066324,1.182578832244222,1.183628686710161,9225
2024-08-30 20:00:00,1.183628686710161,1.1839072732376787,1.182994569616272,1.1831136676976335,2775
2024-08-30 20:00:00,1.1831136676976335,1.183214944205331,1.1823504571803554,1.1825432093885377,2761
2024-08-30 21:00:00,1.1825432093885377,1.182978400220905,1.1809137908399718,1.1813094036683456,9663
2024-08-30 21:00:00,1.1813094036683456,1.1813794293026492,1.1811876820975789,1.1813084682833148,5656
2024-08-30 22:00:00,1.1813084682833148,1.1816743476201144,1.1811840400885747,1.1814027828187876,7739
2024-08-30 22:00:00,1.1814027828187876,1.1817243067040406,1.1813136169225926,1.1816359178272788,374
2024-08-30 23:00:00,1.1816359178272788,1.1817397243754972,1.1810946906867503,1.1811565407406608,3236
2024-08-30 23:00:00,1.1811565407406608,1.1815119536778302,1.1810880645695931,1.1811955774528786,168
2024-08-31 00:00:00,1.1811955774528786,1.181234348484138,1.1805594680873015,1.1806659156346717,2874
2024-08-31 01:00:00,1.1806659156346717,1.181781181249525,1.1806105329955117,1.1816771342703598,4504
2024-08-31 02:00:00,1.1816771342703598,1.1818711839732934,1.18099649522652,1.1811867092968678,2294
2024-08-31 03:00:00,1.1811867092968678,1.181316786035147,1.1805919548270318,1.1808147166040346,8869
2024-08-31 04:00:00,1.1808147166040346,1.1813005751975694,1.1807378391183068,1.1807698596010452,4371
2024-08-31 05:00:00,1.1807698596010452,1.1814625795264226,1.1806940893551983,1.180889158162985,3507
2024-08-31 06:00:00,1.180889158162985,1.1812243433379195,1.1807032623505662,1.1811360795370394,6956
2024-08-31 07:00:00,1.1811360795370394,1.181593633298325,1.1808232134717496,1.1814688092537515,5858
2024-08-31 08:00:00,1.1814688092537515,1.1815577491497005,1.1812223135413613,1.1812806589747749,9466
2024-08-31 09:00:00,1.1812806589747749,1.18149923091758,1.1812420809723978,1.181303866092405,1284
2024-08-31 10:00:00,1.181303866092405,1.1813368969170106,1.180080728189752,1.1803879917045157,329
2024-08-31 11:00:00,1.1803879917045157,1.1805475071171685,1.1791172767725115,1.1795772829095403,7198
2024-08-31 12:00:00,1.1795772829095403,1.1798106213487283,1.1788426566857244,1.1790707599526937,5829
2024-08-31 13:00:00,1.1790707599526937,1.179440547528168,1.1782593556244463,1.178436149992982,4084
2024-08-31 14:00:00,1.178436149992982,1.1797465357015857,1.1783147197848263,1.1794254706453149,9496
2024-08-31 15:00:00,1.1794254706453149,1.1794664861613116,1.1784054294783262,1.1784674661219479,9137
2024-08-31 16:00:00,1.1784674661219479,1.1791799868521584,1.1783604419201879,1.1787875009496127,3888
2024-08-31 17:00:00,1.1787875009496127,1.17910138043384,1.178225679632345,1.1785336840695297,8718
2024-08-31 18:00:00,1.1785336840695297,1.1796519591742531,1.1780302849590873,1.1795166991920063,6035
2024-08-31 19:00:00,1.1795166991920063,1.1801802215405748,1.1792917379306667,1.1801052890787604,9719
2024-08-31 20:00:00,1.1801052890787604,1.180682872533495,1.1800950955352405,1.1806758608499208,8769
2024-08-31 21:00:00,1.1806758608499208,1.1808666015965168,1.1804917426610269,1.1807814049721599,2054
2024-08-31 22:00:00,1.1807814049721599,1.1819045109342456,1.1807652858073538,1.1817668652819178,1156
2024-08-31 23:00:00,1.1817668652819178,1.1821280856340208,1.1816276205454053,1.1818035104371265,2740
2024-09-01 00:00:00,1.1818035104371265,1.1829377436486703,1.1815585655327445,1.1827850411352354,3014
2024-09-01 01:00:00,1.1827850411352354,1.183001495453153,1.1826557415421162,1.1828147641328672,3631
2024-09-01 02:00:00,1.1828147641328672,1.1828498697453866,1.1811805030647988,1.1815998859006438,613
2024-09-01 03:00:00,1.1815998859006438,1.1817136143628317,1.180548272296879,1.1807123599257117,4527
2024-09-01 04:00:00,1.1807123599257117,1.181639544377405,1.180581135834438,1.1815130429821927,9731
2024-09-01 05:00:00,1.1815130429821927,1.1818723347264268,1.1799476973199912,1.1800495252151255,632
2024-09-01 06:00:00,1.1800495252151255,1.1801590791703294,1.1785349878117843,1.1787585394014477,4026
2024-09-01 07:00:00,1.1787585394014477,1.1795885457704645,1.1786189390839457,1.1795123808312968,3011
2024-09-01 08:00:00,1.1795123808312968,1.1795143911457437,1.1793596643605453,1.1793621741494684,3368
2024-09-01 09:00:00,1.1793621741494684,1.1794295458193262,1.1784557589647757,1.1785341485462146,1377
2024-09-01 10:00:00,1.1785341485462146,1.1787685898697857,1.178374840527695,1.1784091423594734,966
2024-09-01 11:00:00,1.1784091423594734,1.1796688849647217,1.1782909862439985,1.1794256261877023,8029
2024-09-01 12:00:00,1.1794256261877023,1.1795750786950092,1.1793892750255464,1.179519903903846,5814
2024-09-01 13:00:00,1.179519903903846,1.1796185790893454,1.1788636708420477,1.179060149604268,6638
2024-09-01 14:00:00,1.179060149604268,1.179548664025578,1.1790273942300296,1.1795083767167944,5900
2024-09-01 15:00:00,1.1795083767167944,1.179642460159184,1.1792246973430915,1.1795813767151777,5243
2024-09-01 16:00:00,1.1795813767151777,1.1801338602256684,1.1795576125466318,1.1800444493384752,9998
2024-09-01 17:00:00,1.1800444493384752,1.1811043555197196,1.1799124943867467,1.1808297460107866,2256
2024-09-01 18:00:00,1.1808297460107866,1.1810124406057962,1.18061684241617,1.18097621043045,9517
2024-09-01 19:00:00,1.18097621043045,1.1811374003959914,1.1808939992689942,1.1811113725826152,9725
2024-09-01 20:00:00,1.1811113725826152,1.1816719114867449,1.181079248217599,1.181625726133937,7040
2024-09-01 21:00:00,1.181625726133937,1.182219157906599,1.1813787671836933,1.1818790029490909,2149
2024-09-01 22:00:00,1.1818790029490909,1.1822949205729494,1.1800910737535422,1.1802257077165061,2913
2024-09-01 23:00:00,1.1802257077165061,1.1811979400405146,1.180076615425557,1.1809866123975734,1234
2024-09-02 00:00:00,1.1809866123975734,1.1812122193724013,1.180835356047361,1.1810870947933314,7853
2024-09-02 01:00:00,1.1810870947933314,1.1832011484620057,1.1808689471817868,1.1830948072712066,6319
2024-09-02 02:00:00,1.1830948072712066,1.1833285434916376,1.182861063088893,1.1831154204396959,2076
2024-09-02 03:00:00,1.1831154204396959,1.183202691958378,1.1827280265950633,1.1827495274391548,9548
2024-09-02 04:00:00,1.1827495274391548,1.1836283167336656,1.1824087611721217,1.1833541950573676,3113
2024-09-02 05:00:00,1.1833541950573676,1.1834042655790578,1.1817467258675654,1.181981465629716,5083
2024-09-02 06:00:00,1.181981465629716,1.182071820706891,1.1812564662618077,1.1812644361226377,6594
2024-09-02 07:00:00,1.1812644361226377,1.1818538374307535,1.1811032978278533,1.181824670177505,6020
2024-09-02 08:00:00,1.181824670177505,1.1819346477138855,1.181396639163723,1.1815277986260169,2469
2024-09-02 09:00:00,1.1815277986260169,1.1819785059286796,1.1812058982012386,1.1815902223153023,306
2024-09-02 10:00:00,1.1815902223153023,1.1820234320502678,1.1815569346358281,1.181900167652446,9405
2024-09-02 11:00:00,1.181900167652446,1.1819103920101928,1.1817885257105365,1.1818282463005725,4260
2024-09-02 12:00:00,1.1818282463005725,1.1820492641179396,1.1813765257489814,1.1814900753922042,6659
2024-09-02 13:00:00,1.1814900753922042,1.1821673434664988,1.1814643211285336,1.182020447135303,1122
2024-09-02 14:00:00,1.182020447135303,1.1823753689943013,1.18197322767646,1.182132649481841,7865
2024-09-02 15:00:00,1.182132649481841,1.1826069251185183,1.182004582059655,1.1822927478237193,2624
2024-09-02 16:00:00,1.1822927478237193,1.1824986994512736,1.1821715070083103,1.182303117797419,9756
2024-09-02 17:00:00,1.182303117797419,1.1825411187120418,1.1809645241971538,1.1812827859593908,8661
2024-09-02 18:00:00,1.1812827859593908,1.181386692045894,1.1811899231048197,1.1812427929885925,4627
2024-09-02 19:00:00,1.1812427929885925,1.1817277364705212,1.1810981968859728,1.1815254628190832,4488
2024-09-02 20:00:00,1.1815254628190832,1.1823244609618904,1.1814286804306073,1.18193927549779,6480
2024-09-02 21:00:00,1.18193927549779,1.1819586898618197,1.1818006670550634,1.181823543007204,6888
2024-09-02 22:00:00,1.181823543007204,1.1818567030108245,1.1812512121680536,1.1812623963002382,1941
2024-09-02 23:00:00,1.1812623963002382,1.1813378655368543,1.1801771115136381,1.1801812883435632,5945
2024-09-03 00:00:00,1.1801812883435632,1.1816624632363184,1.17993440390915,1.1815267877963895,8616
2024-09-03 01:00:00,1.1815267877963895,1.181638579242477,1.181329322649299,1.1815419211431912,8136
2024-09-03 02:00:00,1.1815419211431912,1.1818924059439744,1.1813517721880757,1.1813635063087498,6665
2024-09-03 03:00:00,1.1813635063087498,1.1816627254070287,1.1805947116130788,1.1812937206575767,4625
2024-09-03 04:00:00,1.1812937206575767,1.1821616461733653,1.1810332294407782,1.1820788435849763,4549
2024-09-03 05:00:00,1.1820788435849763,1.1821863013871547,1.1816709421636882,1.18195335604985,9970
2024-09-03 06:00:00,1.18195335604985,1.1821921654465826,1.1813785512038806,1.1814548395089444,9811
2024-09-03 07:00:00,1.1814548395089444,1.1824816235539217,1.181381472535178,1.1823957536198233,4488
2024-09-03 08:00:00,1.1823957536198233,1.1828899948447533,1.1822049449375307,1.1826296200743787,2942
2024-09-03 09:00:00,1.1826296200743787,1.1835236108097196,1.1823180766510728,1.1834139356857927,9572
2024-09-03 10:00:00,1.1834139356857927,1.1837117331863203,1.1829896195234861,1.1829937658290892,5632
2024-09-03 11:00:00,1.1829937658290892,1.1830256249496016,1.1825511872919503,1.1826725142051948,4576
2024-09-03 12:00:00,1.1826725142051948,1.1828357415032051,1.1811246334340033,1.1813696949687063,5419
2024-09-03 13:00:00,1.1813696949687063,1.1814024435181645,1.1807286102125853,1.1807766924553191,324
2024-09-03 14:00:00,1.1807766924553191,1.1810489640295687,1.1802251445236487,1.1804475800033278,9194
2024-09-03 15:00:00,1.1804475800033278,1.1808054951233407,1.1801251018788963,1.180632015215043,4866
2024-09-03 16:00:00,1.180632015215043,1.1808385503208465,1.1801217523551675,1.1803725056215657,5513
2024-09-03 17:00:00,1.1803725056215657,1.180618981461569,1.1799481393932505,1.180240616539624,8898
2024-09-03 18:00:00,1.180240616539624,1.1804047062329783,1.1800716531724111,1.1801794755854615,8733
2024-09-03 19:00:00,1.1801794755854615,1.1803419072581718,1.1792489814965208,1.1796059874548435,2755
2024-09-03 20:00:00,1.1796059874548435,1.1796463701748996,1.1792237068914928,1.1792679903038377,5501
2024-09-03 21:00:00,1.1792679903038377,1.1793467807056364,1.1786698276155994,1.1788424290432,3077
2024-09-03 22:00:00,1.1788424290432,1.180032997266578,1.1788284537664808,1.1799116987413463,900
2024-09-03 23:00:00,1.1799116987413463,1.179989964822392,1.1782562695264236,1.178305524408707,2612
2024-09-04 00:00:00,1.178305524408707,1.1785952406180724,1.1773464249311945,1.1773701098403928,1092
2024-09-04 01:00:00,1.1773701098403928,1.177988052723063,1.1772207117647513,1.1777448423780175,6356
2024-09-04 02:00:00,1.1777448423780175,1.1779510684649537,1.177470161280831,1.1776453593573468,7584
2024-09-04 03:00:00,1.1776453593573468,1.178070544999997,1.1775672312943029,1.1777901448753114,9216
2024-09-04 04:00:00,1.1777901448753114,1.178808479816561,1.1775651993474274,1.1784978724306585,2125
2024-09-04 05:00:00,1.1784978724306585,1.1796635506810067,1.1781447061314236,1.1794167506568587,1874
2024-09-04 06:00:00,1.1794167506568587,1.17944791755486,1.1779107423083217,1.178401067382689,4877
2024-09-04 07:00:00,1.178401067382689,1.1786634526977553,1.1772525193636985,1.1774023369353586,3356
2024-09-04 08:00:00,1.1774023369353586,1.1776335188918434,1.1772175038857169,1.177271035039718,2282
2024-09-04 09:00:00,1.177271035039718,1.1779366291813034,1.1772330680141052,1.1778125940566004,4252
2024-09-04 10:00:00,1.1778125940566004,1.1779693499466621,1.1772152445719661,1.177341174174652,9081
2024-09-04 11:00:00,1.177341174174652,1.177476636680302,1.17650994065442,1.1767121506575504,5102
2024-09-04 12:00:00,1.1767121506575504,1.176756111198672,1.175997093679482,1.1760887881933217,6148
2024-09-04 13:00:00,1.1760887881933217,1.176205842871296,1.1758621513149319,1.1760596521945752,793
2024-09-04 14:00:00,1.1760596521945752,1.1762536693918106,1.175353355271819,1.1755335827499653,9975
2024-09-04 15:00:00,1.1755335827499653,1.175821693489637,1.1753157090921738,1.1756325600000601,8040
2024-09-04 16:00:00,1.1756325600000601,1.176383819547892,1.1754187859825125,1.176174090318673,7281
2024-09-04 17:00:00,1.176174090318673,1.1761887563043232,1.1757762946439698,1.175950026092117,3046
2024-09-04 18:00:00,1.175950026092117,1.176297917320373,1.1759474273563801,1.1762915024548615,1123
2024-09-04 19:00:00,1.1762915024548615,1.1765284535555436,1.1759075437966837,1.1759179381420268,9757
2024-09-04 20:00:00,1.1759179381420268,1.1760529806281095,1.1754494057502198,1.1756504272503874,8318
2024-09-04 21:00:00,1.1756504272503874,1.176178375332528,1.1755868968341507,1.176095872322663,871
2024-09-04 22:00:00,1.176095872322663,1.1762017206475202,1.1760835159580243,1.176199131851491,5603
2024-09-04 23:00:00,1.176199131851491,1.1765255291486811,1.17616868966129,1.1763047563106388,8230
2024-09-05 00:00:00,1.1763047563106388,1.1766936373452472,1.176180738992739,1.1765028872933683,6563
2024-09-05 01:00:00,1.1765028872933683,1.1765651546240576,1.1759391578512248,1.1759400275485503,4414
2024-09-05 02:00:00,1.1759400275485503,1.17619744266485,1.1756939185475086,1.1761619769922218,3903
2024-09-05 03:00:00,1.1761619769922218,1.1762554331162554,1.1758978472094752,1.1760186050236217,1977
2024-09-05 04:00:00,1.1760186050236217,1.1760207444650468,1.174412412200567,1.1746025966242712,1293
2024-09-05 05:00:00,1.1746025966242712,1.175513845439447,1.1745881430423175,1.1753016797020497,9728
2024-09-05 06:00:00,1.1753016797020497,1.175425461326974,1.174223217903605,1.1744068640797005,1715
2024-09-05 07:00:00,1.1744068640797005,1.1747068070418822,1.1739453191144946,1.1739495151059776,2566
2024-09-05 08:00:00,1.1739495151059776,1.173995721171126,1.172142978060528,1.172354381361339,3287
2024-09-05 09:00:00,1.172354381361339,1.1735672119231682,1.1722947725264998,1.1733638717326178,6849
2024-09-05 10:00:00,1.1733638717326178,1.174233837066858,1.173335207518905,1.173954941351238,2098
2024-09-05 11:00:00,1.173954941351238,1.1740761277701028,1.1737897992446455,1.1738525506336988,5506
2024-09-05 12:00:00,1.1738525506336988,1.1740033061254103,1.1731726299059335,1.173483285743472,7874
2024-09-05 13:00:00,1.173483285743472,1.1738964857178036,1.173220429374866,1.173850083100122,2608
2024-09-05 14:00:00,1.173850083100122,1.1741790394293652,1.172427368653886,1.172618603340998,1102
2024-09-05 15:00:00,1.172618603340998,1.1735086857525625,1.1724131704490603,1.1734012644694798,248
2024-09-05 16:00:00,1.1734012644694798,1.173503906679564,1.1730364524688561,1.1730497671587221,2001
2024-09-05 17:00:00,1.1730497671587221,1.1735983762884434,1.1728592298077405,1.1734059327481636,5954
2024-09-05 18:00:00,1.1734059327481636,1.1737397060982024,1.172858278377525,1.172884882525143,1840
2024-09-05 19:00:00,1.172884882525143,1.1729681750722352,1.1727830841270928,1.1727849894025366,4357
2024-09-05 20:00:00,1.1727849894025366,1.17306656058344,1.1727741879621527,1.1728321029529591,6176
2024-09-05 21:00:00,1.1728321029529591,1.1729203776756985,1.171762464739694,1.171789317874382,3123
2024-09-05 22:00:00,1.171789317874382,1.1718625865384997,1.170753410866517,1.1709395748915243,5677
2024-09-05 23:00:00,1.1709395748915243,1.1728813076449014,1.1707001873061906,1.172542977563222,8671
2024-09-06 00:00:00,1.172542977563222,1.1725600895300687,1.1722895741895112,1.1723034808554904,5919
2024-09-06 01:00:00,1.1723034808554904,1.1734848265531237,1.1719747156694726,1.173342120325881,7705
2024-09-06 02:00:00,1.173342120325881,1.1735490517998546,1.1730299652747864,1.1731272650781328,8156
2024-09-06 03:00:00,1.1731272650781328,1.1737566760755713,1.1730279924522335,1.1735780623642704,800
2024-09-06 04:00:00,1.1735780623642704,1.1738613791289394,1.1731110815202064,1.173171759995246,9441
2024-09-06 05:00:00,1.173171759995246,1.173429081820326,1.1726159324708723,1.1726956492037324,6995
2024-09-06 06:00:00,1.1726956492037324,1.172853322163888,1.1723744885897711,1.1724464948545927,7973
2024-09-06 07:00:00,1.1724464948545927,1.172500358302162,1.1722702124185982,1.1724126981365854,5419
2024-09-06 08:00:00,1.1724126981365854,1.172502781913899,1.1719404836166019,1.1719712199692371,5444
2024-09-06 09:00:00,1.1719712199692371,1.1721228254449891,1.170885062578214,1.1711347401406393,680
2024-09-06 10:00:00,1.1711347401406393,1.171160915790675,1.1709009379554667,1.171156950359922,9837
2024-09-06 11:00:00,1.171156950359922,1.1712951053790477,1.1710343591430887,1.1712839245724174,5998
2024-09-06 12:00:00,1.1712839245724174,1.1723126946803586,1.170992858785441,1.172156324608842,1369
2024-09-06 13:00:00,1.172156324608842,1.1730315290875044,1.1721065703768325,1.1728242426163553,8703
2024-09-06 14:00:00,1.1728242426163553,1.1737425995871253,1.1727374482002861,1.173687465971918,5743
2024-09-06 15:00:00,1.173687465971918,1.1739806545223586,1.1736371211037966,1.1739488880502422,6864
2024-09-06 16:00:00,1.1739488880502422,1.175274669513632,1.1738934045639562,1.1751600085291858,7357
2024-09-06 17:00:00,1.1751600085291858,1.1758255226468417,1.1748783187010654,1.1755291171104796,5184
2024-09-06 17:00:00,1.1755291171104796,1.1757652902984397,1.1737858178398826,1.1740628653158043,1585
2024-09-06 18:00:00,1.1740628653158043,1.174351547928408,1.1738871915917455,1.1739158168712398,9607
2024-09-06 18:00:00,1.1739158168712398,1.1743287157492086,1.1726412270660065,1.1727739877817478,3462
2024-09-06 19:00:00,1.1727739877817478,1.1730088981128484,1.172613852233172,1.1729045894772228,1395
2024-09-06 19:00:00,1.1729045894772228,1.1735808751208519,1.17284338282075,1.1735100508737164,2291
2024-09-06 20:00:00,1.1735100508737164,1.173571369778645,1.1730649859533309,1.1731977680188443,9868
2024-09-06 20:00:00,1.1731977680188443,1.1738061160181135,1.1730647008581576,1.1734639842835952,7344
2024-09-06 21:00:00,1.1734639842835952,1.1750312208224538,1.1734291730757267,1.1746770443809218,9625
2024-09-06 21:00:00,1.1746770443809218,1.1750207091425129,1.1745143358663808,1.1749537688489176,6333
2024-09-06 22:00:00,1.1749537688489176,1.1750589986139421,1.1743831323106917,1.1745042659870435,8168
2024-09-06 22:00:00,1.1745042659870435,1.174809200097749,1.1745011490725297,1.1746844614557137,3145
2024-09-06 23:00:00,1.1746844614557137,1.174883398142909,1.174683956123544,1.1747971671296256,3365
2024-09-06 23:00:00,1.1747971671296256,1.1751330034671374,1.174629833373941,1.1750490499410915,5802
2024-09-07 00:00:00,1.1750490499410915,1.17516207621545,1.1741859832333745,1.1744434194427158,6017
2024-09-07 01:00:00,1.1744434194427158,1.1745858570222565,1.1743653029801862,1.1744983573629748,6351
2024-09-07 02:00:00,1.1744983573629748,1.174692741101739,1.173309384796337,1.1735821574262704,6850
2024-09-07 03:00:00,1.1735821574262704,1.1737373262156843,1.1731596477722834,1.1732265181375463,610
2024-09-07 04:00:00,1.1732265181375463,1.1732870322045335,1.1731176076649554,1.1731202086177521,2468
2024-09-07 05:00:00,1.1731202086177521,1.1734351544924206,1.1726966955943203,1.1729204057862288,1599
2024-09-07 06:00:00,1.1729204057862288,1.1733749807086626,1.1726392601573452,1.1732421787531182,6529
2024-09-07 07:00:00,1.1732421787531182,1.1734197893239273,1.1718825010880682,1.1719939151267926,7058
2024-09-07 08:00:00,1.1719939151267926,1.1721523570147807,1.1719235649664308,1.172024583675575,7618
2024-09-07 09:00:00,1.172024583675575,1.172391383759231,1.1708581630958643,1.1712161399589744,955
2024-09-07 10:00:00,1.1712161399589744,1.17152169772165,1.1711527694912278,1.171460917361231,2050
2024-09-07 11:00:00,1.171460917361231,1.1716421846327014,1.171397722884158,1.1716005392602706,4127
2024-09-07 12:00:00,1.1716005392602706,1.1717604430300854,1.1707403857787182,1.1707466782236173,3416
2024-09-07 13:00:00,1.1707466782236173,1.1710429936669993,1.170698952280643,1.170831074165997,8878
2024-09-07 14:00:00,1.170831074165997,1.171072201487771,1.1697749567652387,1.1698589739662255,461
2024-09-07 15:00:00,1.1698589739662255,1.1701641044169602,1.1697846721211251,1.1700011074098793,5555
2024-09-07 16:00:00,1.1700011074098793,1.1703150656344399,1.1699061691649824,1.170176529698584,9964
2024-09-07 17:00:00,1.170176529698584,1.170380802345564,1.1698390647105368,1.170021307331296,9298
2024-09-07 18:00:00,1.170021307331296,1.1702468785805251,1.1697880335379045,1.1698781163701677,4768
2024-09-07 19:00:00,1.1698781163701677,1.1701654934975063,1.1694613021154372,1.1701060045465774,3433
2024-09-07 20:00:00,1.1701060045465774,1.170312344210531,1.169826895573563,1.1699277644084887,4496
2024-09-07 21:00:00,1.1699277644084887,1.170390963442011,1.1698995374303396,1.1702918985599025,5168
2024-09-07 22:00:00,1.1702918985599025,1.1712590573303168,1.1701807158606397,1.1710845892732566,2696
2024-09-07 23:00:00,1.1710845892732566,1.171189396962228,1.1708705189061839,1.171169388754682,5190
2024-09-08 00:00:00,1.171169388754682,1.171517862599932,1.1690766654044378,1.1693158286918186,7501
2024-09-08 01:00:00,1.1693158286918186,1.1711298820454503,1.1692997227618613,1.1709395690604387,4809
2024-09-08 02:00:00,1.1709395690604387,1.1711472287427926,1.1706072779809171,1.1707712468046292,4166
2024-09-08 03:00:00,1.1707712468046292,1.1708345361563457,1.1706287589916624,1.1706456830013412,4092
2024-09-08 04:00:00,1.1706456830013412,1.170837795272038,1.1697844245525093,1.1698909219717293,9182
2024-09-08 05:00:00,1.1698909219717293,1.1703631441437616,1.169583856425054,1.1703618345654179,7082
2024-09-08 06:00:00,1.1703618345654179,1.1707567650378623,1.1703069838030888,1.1703411926168736,8146
2024-09-08 07:00:00,1.1703411926168736,1.170602113157543,1.169514186616384,1.169769525456252,2946
2024-09-08 08:00:00,1.169769525456252,1.1708212771286748,1.1697597575780267,1.1706137157403693,1795
2024-09-08 09:00:00,1.1706137157403693,1.170940489796025,1.1702955726871593,1.1704996930817155,9107
2024-09-08 10:00:00,1.1704996930817155,1.1706909188028638,1.1696866851109293,1.16991344894968,7478
2024-09-08 11:00:00,1.16991344894968,1.170053614769645,1.169687481714518,1.1698470590788173,598
2024-09-08 12:00:00,1.1698470590788173,1.1704384478792718,1.1698343210877318,1.1702510197745355,1780
2024-09-08 13:00:00,1.1702510197745355,1.1703184999886005,1.1685744720529447,1.1689288230087511,7452
2024-09-08 14:00:00,1.1689288230087511,1.1691942487198512,1.1665984043961368,1.1666137561986893,9628
2024-09-08 15:00:00,1.1666137561986893,1.1667228672647088,1.166560063818716,1.1666419773282148,348
2024-09-08 16:00:00,1.1666419773282148,1.1667008065049926,1.1663455265826919,1.166500178826976,9988
2024-09-08 17:00:00,1.166500178826976,1.1665686813085758,1.16577960254249,1.1662391850490472,758
2024-09-08 18:00:00,1.1662391850490472,1.166365128793871,1.1659711478570094,1.1659892326771444,4870
2024-09-08 19:00:00,1.1659892326771444,1.1664888188502618,1.165915382988474,1.1663035140969935,788
2024-09-08 20:00:00,1.1663035140969935,1.1665885888062553,1.1661844664241825,1.1664029515661025,8259
2024-09-08 21:00:00,1.1664029515661025,1.1670750484010397,1.1662974617595174,1.1668609879178968,1799
2024-09-08 22:00:00,1.1668609879178968,1.1673915324075446,1.166748227225036,1.1670748345273219,323
2024-09-08 23:00:00,1.1670748345273219,1.1673350995841267,1.1667752518009618,1.1668187583566365,1859
2024-09-09 00:00:00,1.1668187583566365,1.1668423518734703,1.1661742166065139,1.166282450425871,3915
2024-09-09 01:00:00,1.166282450425871,1.1663004172502969,1.1661080399415558,1.1662697177090016,153
2024-09-09 02:00:00,1.1662697177090016,1.16631666125557,1.1659486266954477,1.1660320311319634,5784
2024-09-09 03:00:00,1.1660320311319634,1.1663125839940796,1.1652370176408233,1.1653745089203988,799
2024-09-09 04:00:00,1.1653745089203988,1.1654936069188968,1.1651375779647832,1.165204487170568,6725
2024-09-09 05:00:00,1.165204487170568,1.1654952640682776,1.1639861824172317,1.1643985694084324,685
2024-09-09 06:00:00,1.1643985694084324,1.1646631330622625,1.1637879428502578,1.1638386665460472,3471
2024-09-09 07:00:00,1.1638386665460472,1.1640651910376014,1.1628613740827232,1.1628652262339378,4484
2024-09-09 08:00:00,1.1628652262339378,1.1628958273085737,1.1625145561348667,1.1625482079553375,1551
2024-09-09 09:00:00,1.1625482079553375,1.1630225849090448,1.162224343540073,1.1629958529623923,410
2024-09-09 10:00:00,1.1629958529623923,1.1634770855381624,1.162801061623683,1.1634544305875067,2605
2024-09-09 11:00:00,1.1634544305875067,1.1636475290257065,1.163118342802931,1.163202839727318,1222
2024-09-09 12:00:00,1.163202839727318,1.1634142766350282,1.162600622588125,1.1626614166237037,441
2024-09-09 13:00:00,1.1626614166237037,1.162851017400948,1.1624578580262628,1.1627414423535491,9274
2024-09-09 14:00:00,1.1627414423535491,1.1629098739208252,1.1612065268071463,1.1615465845356059,9700
2024-09-09 15:00:00,1.1615465845356059,1.1618754605927462,1.1607212858144893,1.161124743609945,8748
2024-09-09 16:00:00,1.161124743609945,1.1616911542607395,1.1610267247179318,1.1616257527282092,5523
2024-09-09 17:00:00,1.1616257527282092,1.1618508085679804,1.1614632657480444,1.1618073587022968,9941
2024-09-09 18:00:00,1.1618073587022968,1.1630485198275144,1.1617040792053646,1.1630218229284315,6994
2024-09-09 19:00:00,1.1630218229284315,1.1630525128986569,1.1625991800328643,1.1628293206877978,7095
2024-09-09 20:00:00,1.1628293206877978,1.1629134804655632,1.1624039371776411,1.1624192443654948,1810
2024-09-09 21:00:00,1.1624192443654948,1.1625446411202491,1.1621748563890715,1.1623603746933062,1682
2024-09-09 22:00:00,1.1623603746933062,1.1626189705727004,1.1623000728253663,1.162418493043777,6269
2024-09-09 23:00:00,1.162418493043777,1.1625655003520452,1.1622405432352143,1.1625254652246855,6884
2024-09-10 00:00:00,1.1625254652246855,1.1629322041080234,1.1622780390831278,1.1629241398658756,8656
2024-09-10 01:00:00,1.1629241398658756,1.1633121438856726,1.162767837520751,1.1630546992495718,1268
2024-09-10 02:00:00,1.1630546992495718,1.163073361237184,1.1620381068408403,1.1621354459106061,8436
2024-09-10 03:00:00,1.1621354459106061,1.1623329360043508,1.1614547140277263,1.1615543669691655,6410
2024-09-10 04:00:00,1.1615543669691655,1.1618192225217914,1.161095022643472,1.16133900882347,1166
2024-09-10 05:00:00,1.16133900882347,1.1614620163490224,1.160951274688686,1.1609609074269136,1071
2024-09-10 06:00:00,1.1609609074269136,1.16113391432304,1.1602202687246979,1.1602638338876643,9868
2024-09-10 07:00:00,1.1602638338876643,1.1604449996402277,1.1597785455007676,1.1600784030524627,7282
2024-09-10 08:00:00,1.1600784030524627,1.1603745014829965,1.1585628495810723,1.158690998857272,4253
2024-09-10 09:00:00,1.158690998857272,1.1590331630207478,1.1586444668388771,1.1589437909974685,9539
2024-09-10 10:00:00,1.1589437909974685,1.1593454162618229,1.1585045963868892,1.1592442777615635,8424
2024-09-10 11:00:00,1.1592442777615635,1.1594916563990776,1.1590719106458975,1.1590822901232618,1366
2024-09-10 12:00:00,1.1590822901232618,1.1606210009428466,1.1590762818503575,1.1605122673940715,309
2024-09-10 13:00:00,1.1605122673940715,1.1605421556245943,1.159331746785157,1.159430637705721,4437
2024-09-10 14:00:00,1.159430637705721,1.1594470877230518,1.1586899709205634,1.1590034809949015,6626
2024-09-10 15:00:00,1.1590034809949015,1.1593211340235898,1.1572369850211737,1.1576107673024678,6458
2024-09-10 16:00:00,1.1576107673024678,1.1582913994707464,1.1575730861392377,1.1582383101951013,9105
2024-09-10 17:00:00,1.1582383101951013,1.1582644502604478,1.1575787189813893,1.1577302007125851,7357
2024-09-10 18:00:00,1.1577302007125851,1.1578114492871656,1.1569122464434418,1.1569601720195983,3620
2024-09-10 19:00:00,1.1569601720195983,1.1569758743605507,1.1566911165818432,1.1567372702895762,7423
2024-09-10 20:00:00,1.1567372702895762,1.157687459509679,1.156567723443611,1.157496541541577,3549
2024-09-10 21:00:00,1.157496541541577,1.1576308370758635,1.1573014465272011,1.1574371706507085,2231
2024-09-10 22:00:00,1.1574371706507085,1.1575677222194667,1.1574319114105354,1.1574715110746383,9740
2024-09-10 23:00:00,1.1574715110746383,1.1579079646365773,1.156487034878281,1.156527590950842,6227
2024-09-11 00:00:00,1.156527590950842,1.1575150493842228,1.1560207237124804,1.1573649010256901,1795
2024-09-11 01:00:00,1.1573649010256901,1.1577595399018232,1.157205047080774,1.1575919618828239,1609
2024-09-11 02:00:00,1.1575919618828239,1.1580488908363278,1.1575052974389526,1.1580160713861054,6325
2024-09-11 03:00:00,1.1580160713861054,1.158025674949537,1.157693996825406,1.1579114605011378,7044
2024-09-11 04:00:00,1.1579114605011378,1.1584313308577268,1.157810777652428,1.1581881054081924,6403
2024-09-11 05:00:00,1.1581881054081924,1.158392698985166,1.1574280330179205,1.1577493246915163,6805
2024-09-11 06:00:00,1.1577493246915163,1.1584566957550808,1.1574329271625756,1.1582037350314374,4374
2024-09-11 07:00:00,1.1582037350314374,1.1586508719677224,1.1574760333605911,1.1576901299407658,1328
2024-09-11 08:00:00,1.1576901299407658,1.1578713731146069,1.156089424204249,1.1562082626583567,9846
2024-09-11 09:00:00,1.1562082626583567,1.156420543507515,1.1561674333374552,1.1563889265819234,4311
2024-09-11 10:00:00,1.1563889265819234,1.1565902766857579,1.156340535501459,1.156557013273772,3518
2024-09-11 11:00:00,1.156557013273772,1.1573962913152887,1.1564210966438948,1.1567921761309228,2548
2024-09-11 12:00:00,1.1567921761309228,1.157459883830787,1.1566793141520948,1.1574062251869957,4494
2024-09-11 13:00:00,1.1574062251869957,1.1580112682806543,1.1569079755209941,1.1579999690123706,4864
2024-09-11 14:00:00,1.1579999690123706,1.158234839604834,1.1569832599853918,1.157159229170183,3983
2024-09-11 15:00:00,1.157159229170183,1.157285866558293,1.1557360341637262,1.1557892005976973,6295
2024-09-11 16:00:00,1.1557892005976973,1.1558253786886825,1.1552016793515034,1.1552501273833158,1107
2024-09-11 17:00:00,1.1552501273833158,1.1564199884565443,1.154830725001073,1.1563550731085874,8831
2024-09-11 18:00:00,1.1563550731085874,1.156406375856586,1.1562041457471623,1.1563112482561355,8503
2024-09-11 19:00:00,1.1563112482561355,1.156328540074144,1.155484589351699,1.1555566337059602,5328
2024-09-11 20:00:00,1.1555566337059602,1.1568043749685637,1.1554714460837705,1.1566762199137464,8197
2024-09-11 21:00:00,1.1566762199137464,1.157138002904928,1.1566739861902904,1.1569334472567305,4170
2024-09-11 22:00:00,1.1569334472567305,1.157006136574966,1.1568682351922401,1.1569439811392084,3993
2024-09-11 23:00:00,1.1569439811392084,1.1576640840369388,1.1564563012701743,1.157567893491001,7013
2024-09-12 00:00:00,1.157567893491001,1.1592968809664606,1.1571662958697069,1.1591723842995483,1493
2024-09-12 01:00:00,1.1591723842995483,1.1592775787114291,1.1585221846992684,1.1587227732598864,9555
2024-09-12 02:00:00,1.1587227732598864,1.1589458078935346,1.15872028698945,1.1589056399257984,3573
2024-09-12 03:00:00,1.1589056399257984,1.1597185538104529,1.1587211381664775,1.159594543436925,9304
2024-09-12 04:00:00,1.159594543436925,1.159957319931019,1.158734654748114,1.1591512167461557,895
2024-09-12 05:00:00,1.1591512167461557,1.1592003493944312,1.1585265128638957,1.1586365934595617,1303
2024-09-12 06:00:00,1.1586365934595617,1.1599537092624748,1.158474406814634,1.1596535619859432,3443
2024-09-12 07:00:00,1.1596535619859432,1.1601172246542906,1.1594347641447529,1.1600897229054044,5124
2024-09-12 08:00:00,1.1600897229054044,1.1602809192886265,1.1589192083353004,1.1591047710710147,5992
2024-09-12 09:00:00,1.1591047710710147,1.159378276221798,1.1587602040845153,1.1590572631208718,3472
2024-09-12 10:00:00,1.1590572631208718,1.1591197680840364,1.158487609474184,1.1587083089744386,520
2024-09-12 11:00:00,1.1587083089744386,1.1593131588814034,1.1586420937962405,1.159252477947284,2357
2024-09-12 12:00:00,1.159252477947284,1.1593021725908834,1.1582625902571757,1.1583543004289327,6179
2024-09-12 13:00:00,1.1583543004289327,1.1584012069474363,1.1569926266963104,1.1573860999185288,161
2024-09-12 14:00:00,1.1573860999185288,1.1577030478471377,1.157318599677749,1.1573276929829956,4200
2024-09-12 15:00:00,1.1573276929829956,1.1573666910414155,1.1569485991437523,1.1571204199397904,4691
2024-09-12 16:00:00,1.1571204199397904,1.1573071080214241,1.156840238861342,1.156904796901605,3278
2024-09-12 17:00:00,1.156904796901605,1.1571394490225428,1.156844931506946,1.1571049516457081,1646
2024-09-12 18:00:00,1.1571049516457081,1.1576387281973528,1.156368566383621,1.1564078067156367,6073
2024-09-12 19:00:00,1.1564078067156367,1.1578260990627955,1.1563341207539497,1.1577893826048968,9022
2024-09-12 20:00:00,1.1577893826048968,1.1580997772073465,1.1572870567226965,1.1572968264160775,7654
2024-09-12 21:00:00,1.1572968264160775,1.157763089103628,1.156906640616664,1.157715774515889,8470
2024-09-12 22:00:00,1.157715774515889,1.158213523736736,1.1576031161367348,1.1581122388373464,5709
2024-09-12 23:00:00,1.1581122388373464,1.1584507815239626,1.157995469640219,1.158024435139031,7333
2024-09-13 00:00:00,1.158024435139031,1.1583484574600322,1.1575792194304058,1.157750289671806,8820
2024-09-13 01:00:00,1.157750289671806,1.1587132044417112,1.1576655008639918,1.1587053405703556,1510
2024-09-13 02:00:00,1.1587053405703556,1.1595212778496389,1.1586321744589423,1.1592475424509676,8627
2024-09-13 03:00:00,1.1592475424509676,1.15950200345362,1.157996337068705,1.1581681716208398,4953
2024-09-13 04:00:00,1.1581681716208398,1.1589216864778464,1.157948397463271,1.158812950298071,9366
2024-09-13 05:00:00,1.158812950298071,1.1590455549586625,1.158457703261669,1.1588097197811766,6550
2024-09-13 06:00:00,1.1588097197811766,1.159002017620989,1.158118368263222,1.1583191526667622,310
2024-09-13 07:00:00,1.1583191526667622,1.1587911103755033,1.1582499173768435,1.158562110079799,9959
2024-09-13 08:00:00,1.158562110079799,1.1587384450813925,1.1584174961107958,1.1585660793111052,1554
2024-09-13 09:00:00,1.1585660793111052,1.159266423180703,1.1584446167949716,1.1590299278674132,5130
2024-09-13 10:00:00,1.1590299278674132,1.159134423832032,1.1582410584426097,1.158325644164312,4244
2024-09-13 11:00:00,1.158325644164312,1.1585948867175344,1.1579045998336912,1.1579249157514357,540
2024-09-13 12:00:00,1.1579249157514357,1.1580734717455825,1.1573906649046188,1.1575804821102758,6220
2024-09-13 13:00:00,1.1575804821102758,1.1577629305606727,1.1569789143311437,1.1571401966835961,8842
2024-09-13 14:00:00,1.1571401966835961,1.1576880683248763,1.1567946844760688,1.1575171664293302,8743
2024-09-13 15:00:00,1.1575171664293302,1.1583620761340678,1.1568740915900877,1.1582558787681954,8946
2024-09-13 16:00:00,1.1582558787681954,1.158969223363565,1.1581702892800776,1.1585381508293533,6604
2024-09-13 17:00:00,1.1585381508293533,1.1585655066027651,1.1584887525029905,1.158502372617859,767
2024-09-13 17:00:00,1.158502372617859,1.15920672545816,1.1584685098730882,1.1591325530525989,6259
2024-09-13 18:00:00,1.1591325530525989,1.159214376895745,1.1590765709379647,1.1591790241557507,4476
2024-09-13 18:00:00,1.1591790241557507,1.1592409394104666,1.1581433465053714,1.158155494636749,3722
2024-09-13 19:00:00,1.158155494636749,1.1583268432719178,1.157690731493078,1.157976872692606,4340
2024-09-13 19:00:00,1.157976872692606,1.159083307933371,1.1576081952597916,1.158854851431626,2610
2024-09-13 20:00:00,1.158854851431626,1.1589962318877514,1.1580808638759579,1.1582321720333955,8151
2024-09-13 20:00:00,1.1582321720333955,1.1585539901426127,1.1577252655196741,1.1584326038171417,1493
2024-09-13 21:00:00,1.1584326038171417,1.1585753151153295,1.1583128091616102,1.1583617432314244,7574
2024-09-13 21:00:00,1.1583617432314244,1.1585552726643276,1.1580090357309358,1.15847892733497,7669
2024-09-13 22:00:00,1.15847892733497,1.1586084970254802,1.1580984170547415,1.1581573567269066,6737
2024-09-13 22:00:00,1.1581573567269066,1.1584492614017177,1.1576341784313313,1.1576537373878952,1655
2024-09-13 23:00:00,1.1576537373878952,1.15865066696698,1.1575638005632358,1.1585567664707421,3514
2024-09-13 23:00:00,1.1585567664707421,1.1588158921386364,1.1569771845288024,1.1573527929358922,6376
2024-09-14 00:00:00,1.1573527929358922,1.1575447648569228,1.1571538423083216,1.1573250638764003,7779
2024-09-14 01:00:00,1.1573250638764003,1.1574436065253435,1.1570355705929456,1.157437617835932,3489
2024-09-14 02:00:00,1.157437617835932,1.158505125719825,1.1571755889584052,1.1583869586578401,1994
2024-09-14 03:00:00,1.1583869586578401,1.1587185203392405,1.1581936206360552,1.1584722469540216,6836
2024-09-14 04:00:00,1.1584722469540216,1.158510459317478,1.157928028577307,1.1579577595030333,6913
2024-09-14 05:00:00,1.1579577595030333,1.158016386724278,1.1573220855356778,1.1575781892630452,6467
2024-09-14 06:00:00,1.1575781892630452,1.1575947894734557,1.1572051631561056,1.1574288041280574,9203
2024-09-14 07:00:00,1.1574288041280574,1.1575130485759444,1.1574171951168166,1.1574229312559563,1071
2024-09-14 08:00:00,1.1574229312559563,1.1578271535518017,1.157336869343055,1.1577227444445528,7508
2024-09-14 09:00:00,1.1577227444445528,1.157779405480429,1.1573136304509044,1.1573493780748423,8408
2024-09-14 10:00:00,1.1573493780748423,1.1577123608772637,1.1573230433183512,1.157658296628095,3947
2024-09-14 11:00:00,1.157658296628095,1.157699843777565,1.1571906886266956,1.1574852899184376,536
2024-09-14 12:00:00,1.1574852899184376,1.157729409939883,1.1566692031704466,1.1567250800691267,3387
2024-09-14 13:00:00,1.1567250800691267,1.1571164137605698,1.1566011834992338,1.1566371183029258,1684
2024-09-14 14:00:00,1.1566371183029258,1.1572273955033838,1.1566333005528786,1.1571810876187603,7256
2024-09-14 15:00:00,1.1571810876187603,1.1588012732587272,1.1571367592001658,1.1584108759723895,4412
2024-09-14 16:00:00,1.1584108759723895,1.1586484316107493,1.157604609311906,1.157758018137681,1695
2024-09-14 17:00:00,1.157758018137681,1.158250773277347,1.1562516830342406,1.1563658032619384,3290
2024-09-14 18:00:00,1.1563658032619384,1.156862123809939,1.1561384820846317,1.1566204735197796,7697
2024-09-14 19:00:00,1.1566204735197796,1.1569616170720551,1.1556449414290701,1.1558295608184828,1442
2024-09-14 20:00:00,1.1558295608184828,1.1566166930986594,1.1555831292135332,1.156496872772044,9954
2024-09-14 21:00:00,1.156496872772044,1.1567746608758565,1.1561651390668324,1.156247329732974,5541
2024-09-14 22:00:00,1.156247329732974,1.1568344563371642,1.1560196996039576,1.1567920537586973,8960
2024-09-14 23:00:00,1.1567920537586973,1.1572264648953532,1.156683018523571,1.1570681593480077,7444
2024-09-15 00:00:00,1.1570681593480077,1.1572272402426558,1.156330462400869,1.1564928621873123,7616
2024-09-15 01:00:00,1.1564928621873123,1.1567263116060014,1.1561817141745665,1.1562537039075291,6010
2024-09-15 02:00:00,1.1562537039075291,1.1568551424987743,1.1559312414795244,1.156645635942567,5983
2024-09-15 03:00:00,1.156645635942567,1.156923797076122,1.15621860804035,1.1564766081999973,3251
2024-09-15 04:00:00,1.1564766081999973,1.1570539791896979,1.156187117233528,1.156937046813963,4239
2024-09-15 05:00:00,1.156937046813963,1.1570316890516532,1.1562034163983317,1.1564596139830792,7159
2024-09-15 06:00:00,1.1564596139830792,1.1568403747565754,1.1553629714618243,1.1556655306755872,8744
2024-09-15 07:00:00,1.1556655306755872,1.155709882224874,1.1553905930437764,1.1555576891225048,9299
2024-09-15 08:00:00,1.1555576891225048,1.15559560909784,1.1549297506279144,1.1550475532357773,9514
2024-09-15 09:00:00,1.1550475532357773,1.1553784516216883,1.1531206960656182,1.1534210837753778,8180
2024-09-15 10:00:00,1.1534210837753778,1.1537797659347955,1.153331127251789,1.1534777711372002,8485
2024-09-15 11:00:00,1.1534777711372002,1.1543194314319318,1.1532381389470507,1.1540180339950066,1135
2024-09-15 12:00:00,1.1540180339950066,1.1542941204114552,1.153919548837528,1.153954618120517,7197
2024-09-15 13:00:00,1.153954618120517,1.1542702423079472,1.1537525729347065,1.1541353080008256,7656
2024-09-15 14:00:00,1.1541353080008256,1.1547939872466784,1.154025279021156,1.1545755393582982,8115
2024-09-15 15:00:00,1.1545755393582982,1.1547961499568375,1.1544406395186113,1.1547566084686958,1249
2024-09-15 16:00:00,1.1547566084686958,1.1553551932116854,1.1545037174169106,1.1552622692196164,7339
2024-09-15 17:00:00,1.1552622692196164,1.1554841217151979,1.155172888463624,1.1552308564421596,8731
2024-09-15 18:00:00,1.1552308564421596,1.1556425999937605,1.1549693946183652,1.1554313950447324,9023
2024-09-15 19:00:00,1.1554313950447324,1.1558321477346398,1.1552779499520025,1.1558130859280047,4497
2024-09-15 20:00:00,1.1558130859280047,1.1565141985064096,1.1557038492553162,1.1560838019930086,3755
2024-09-15 21:00:00,1.1560838019930086,1.1566257385573986,1.1557964883226632,1.1564630152501083,4316
2024-09-15 22:00:00,1.1564630152501083,1.156606098058357,1.1553661987046158,1.1554165914254413,885
2024-09-15 23:00:00,1.1554165914254413,1.1559092999955725,1.15494298230701,1.1556904504303,5519
2024-09-16 00:00:00,1.1556904504303,1.1558198183657171,1.1551030176761607,1.155558190314165,2702
2024-09-16 01:00:00,1.155558190314165,1.1557765038220098,1.15440899473007,1.1545303683332788,6717
2024-09-16 02:00:00,1.1545303683332788,1.154549175413022,1.1537298433071335,1.1538731350104057,4409
2024-09-16 03:00:00,1.1538731350104057,1.154672751373717,1.1537030884000383,1.154558386216572,1458
2024-09-16 04:00:00,1.154558386216572,1.1548711199960267,1.1545441689900149,1.1545785930152803,9465
2024-09-16 05:00:00,1.1545785930152803,1.1553846868068538,1.1541229712906032,1.1552343080808731,312
2024-09-16 06:00:00,1.1552343080808731,1.1554033477036902,1.1547533663051623,1.1550375661380057,7842
2024-09-16 07:00:00,1.1550375661380057,1.1557999917073614,1.1548046440832604,1.1557700081667497,4693
2024-09-16 08:00:00,1.1557700081667497,1.1563682995651583,1.1554995996930166,1.1561993513429336,8320
2024-09-16 09:00:00,1.1561993513429336,1.1569405384965545,1.1561457575830916,1.1565710105549494,3044
2024-09-16 10:00:00,1.1565710105549494,1.1567196081354838,1.1563015221839537,1.156454638942501,7780
2024-09-16 11:00:00,1.156454638942501,1.1567272836446736,1.1561566517125306,1.1566617698093034,6316
2024-09-16 12:00:00,1.1566617698093034,1.1571976418005625,1.1566584645264764,1.1569738569451673,9080
2024-09-16 13:00:00,1.1569738569451673,1.157135389122703,1.1553942227735299,1.1554560796321924,2353
2024-09-16 14:00:00,1.1554560796321924,1.1567729581151927,1.1552407832222134,1.1566668389822148,3839
2024-09-16 15:00:00,1.1566668389822148,1.156879927330125,1.1560653221659365,1.1561981007911557,6295
2024-09-16 16:00:00,1.1561981007911557,1.1570100690086051,1.1561319547841362,1.15684445556996,9294
2024-09-16 17:00:00,1.15684445556996,1.1571040856050874,1.1559813925533178,1.1562054843498055,9541
2024-09-16 18:00:00,1.1562054843498055,1.1563657063977066,1.1559834587616091,1.1563511566780162,9915
2024-09-16 19:00:00,1.1563511566780162,1.1567264285431804,1.1563297601236253,1.1564297747450907,6262
2024-09-16 20:00:00,1.1564297747450907,1.1566654176721733,1.1558197450373462,1.1561311504677882,7977
2024-09-16 21:00:00,1.1561311504677882,1.1575435157709595,1.156114904882969,1.157166094574369,6766
2024-09-16 22:00:00,1.157166094574369,1.1572794276954508,1.1564106255329523,1.156552463787455,8285
2024-09-16 23:00:00,1.156552463787455,1.1567029057243183,1.1564906827970238,1.1565397632755412,2803
2024-09-17 00:00:00,1.1565397632755412,1.1575178625168037,1.1564791230582754,1.1571972777341655,8023
2024-09-17 01:00:00,1.1571972777341655,1.1572212188807736,1.1566835972651193,1.1567131963870272,184
2024-09-17 02:00:00,1.1567131963870272,1.1572244527127988,1.1563107903815129,1.1570482628307994,5758
2024-09-17 03:00:00,1.1570482628307994,1.157928979748853,1.1569993409964374,1.1577280134974508,8057
2024-09-17 04:00:00,1.1577280134974508,1.1585009388410683,1.1576009678016925,1.1585005893490135,4966
2024-09-17 05:00:00,1.1585005893490135,1.1600660138558996,1.1583972669772982,1.1599474443362476,3214
2024-09-17 06:00:00,1.1599474443362476,1.1609621057751427,1.159900127519447,1.16070235938726,7977
2024-09-17 07:00:00,1.16070235938726,1.1617251735497707,1.1604259695229533,1.1615949872252707,3772
2024-09-17 08:00:00,1.1615949872252707,1.162434230030886,1.1612953249165208,1.1623563463242297,6024
2024-09-17 09:00:00,1.1623563463242297,1.1630331082659733,1.1618387802246777,1.1628128933885946,1473
2024-09-17 10:00:00,1.1628128933885946,1.1633499544503618,1.1617758306474604,1.1618611696159213,9755
2024-09-17 11:00:00,1.1618611696159213,1.162181788350083,1.1613389201541593,1.1619401011498887,9866
2024-09-17 12:00:00,1.1619401011498887,1.1620102465756021,1.1613815740437423,1.1615281470391061,5111
2024-09-17 13:00:00,1.1615281470391061,1.1629645089376006,1.1610242804808575,1.1628111652810766,6052
2024-09-17 14:00:00,1.1628111652810766,1.16310503413974,1.1621695890399661,1.1621941555038855,7430
2024-09-17 15:00:00,1.1621941555038855,1.1622452872347049,1.1611634286088226,1.1612926782564041,2752
2024-09-17 16:00:00,1.1612926782564041,1.1615055849404765,1.1605124280418326,1.1606394542496288,2190
2024-09-17 17:00:00,1.1606394542496288,1.1607433562272504,1.1595330700071367,1.1595511782550862,396
2024-09-17 18:00:00,1.1595511782550862,1.159856709934337,1.159485171325836,1.159716492034062,1230
2024-09-17 19:00:00,1.159716492034062,1.1606427295480648,1.1595553348546672,1.1602140563515164,3084
2024-09-17 20:00:00,1.1602140563515164,1.160500228068303,1.1598991866575974,1.160035799199877,9008
2024-09-17 21:00:00,1.160035799199877,1.1601107559586397,1.1585763759097543,1.1587562759022496,7697
2024-09-17 22:00:00,1.1587562759022496,1.158908848614487,1.1580025964320606,1.1582569344603644,4083
2024-09-17 23:00:00,1.1582569344603644,1.1588114050015577,1.1582046359674492,1.1586812864775649,6620
2024-09-18 00:00:00,1.1586812864775649,1.1589146846334073,1.1584586344646444,1.1586919454977302,9599
2024-09-18 01:00:00,1.1586919454977302,1.1590502097803803,1.1584215382123166,1.1588504504053792,4526
2024-09-18 02:00:00,1.1588504504053792,1.1590629759048567,1.1584256306537513,1.1586101162038749,4431
2024-09-18 03:00:00,1.1586101162038749,1.1593279645126195,1.1583946488264192,1.1591392672768566,9153
2024-09-18 04:00:00,1.1591392672768566,1.1591419365698106,1.1587208653784205,1.159120522713728,7918
2024-09-18 05:00:00,1.159120522713728,1.159924788600449,1.1590462707980491,1.1598334725895512,4911
2024-09-18 06:00:00,1.1598334725895512,1.1603064182241702,1.1588190456535796,1.1590793707812057,5276
2024-09-18 07:00:00,1.1590793707812057,1.1595292644399826,1.1587659317183518,1.159255184079755,2584
2024-09-18 08:00:00,1.159255184079755,1.1594725605410738,1.1582378739246317,1.1583271648700624,9389
2024-09-18 09:00:00,1.1583271648700624,1.1583675004755647,1.1565368537658225,1.15679573796014,6239
2024-09-18 10:00:00,1.15679573796014,1.1568669952698019,1.1559474640351484,1.1561256285687485,6362
2024-09-18 11:00:00,1.1561256285687485,1.1563596671387442,1.1559952257439772,1.1563502899669404,670
2024-09-18 12:00:00,1.1563502899669404,1.1564763511502318,1.1559749850645535,1.1561761313951657,1414
2024-09-18 13:00:00,1.1561761313951657,1.1562742633313108,1.155712216279497,1.1560791539495876,9239
2024-09-18 14:00:00,1.1560791539495876,1.156170067234096,1.154990480640804,1.155166419776698,8071
2024-09-18 15:00:00,1.155166419776698,1.155673697934333,1.1546716679452755,1.1553951249963827,5552
2024-09-18 16:00:00,1.1553951249963827,1.1554242301720241,1.1547220573712058,1.1547248969851587,4695
2024-09-18 17:00:00,1.1547248969851587,1.154772978107542,1.153600012030191,1.1537890820448524,9022
2024-09-18 18:00:00,1.1537890820448524,1.1538324143228769,1.1535984219507656,1.1538040827422527,4677
2024-09-18 19:00:00,1.1538040827422527,1.153836221863984,1.1533303650263482,1.1535982442508361,5688
2024-09-18 20:00:00,1.1535982442508361,1.1540318645188228,1.1533175325819414,1.1538684232153233,425
2024-09-18 21:00:00,1.1538684232153233,1.1546789106599156,1.1537190412178722,1.1545029784604417,7330
2024-09-18 22:00:00,1.1545029784604417,1.1546025410137244,1.1539618944423684,1.154339890171249,7447
2024-09-18 23:00:00,1.154339890171249,1.1545251263775032,1.1539912191169788,1.1544221738719196,6047
2024-09-19 00:00:00,1.1544221738719196,1.154474585508431,1.1538665797213083,1.1541512003434848,3335
2024-09-19 01:00:00,1.1541512003434848,1.1543561597737855,1.1537792373082574,1.154221057838687,9675
2024-09-19 02:00:00,1.154221057838687,1.1545886174663165,1.1537481547647157,1.1545516152908168,4173
2024-09-19 03:00:00,1.1545516152908168,1.1557896135366965,1.1544765749758334,1.155483321451392,8846
2024-09-19 04:00:00,1.155483321451392,1.1561763421293851,1.1554809222376043,1.156114404375527,8494
2024-09-19 05:00:00,1.156114404375527,1.1562711024438619,1.15577989604243,1.155958494145846,4885
2024-09-19 06:00:00,1.155958494145846,1.1562789203895538,1.1551170214328375,1.1555024747783857,4979
2024-09-19 07:00:00,1.1555024747783857,1.1555697931861661,1.154671606343815,1.1547680268474088,1687
2024-09-19 08:00:00,1.1547680268474088,1.1552907545734525,1.1547452281295305,1.155181851928967,552
2024-09-19 09:00:00,1.155181851928967,1.155357558440662,1.154865348793764,1.154882718497575,3174
2024-09-19 10:00:00,1.154882718497575,1.1551115594571557,1.1544358744596277,1.1546447837752563,1212
2024-09-19 11:00:00,1.1546447837752563,1.1549276279097944,1.1541462692862992,1.1543729834505085,1174
2024-09-19 12:00:00,1.1543729834505085,1.1548922082360045,1.1543602941047755,1.1545365926606541,3624
2024-09-19 13:00:00,1.1545365926606541,1.1552584600152138,1.1544897407692138,1.155008754278749,4867
2024-09-19 14:00:00,1.155008754278749,1.155160415764004,1.1549497783342786,1.1549917690478406,8771
2024-09-19 15:00:00,1.1549917690478406,1.15516827645967,1.1539172610946429,1.1539895805709781,3418
2024-09-19 16:00:00,1.1539895805709781,1.1556228487532823,1.1538740232448517,1.1555077500662636,3033
2024-09-19 17:00:00,1.1555077500662636,1.1556289051492432,1.1547526485778161,1.1550975173138953,7950
2024-09-19 18:00:00,1.1550975173138953,1.1553947639051347,1.154879958971608,1.1552605635560724,3894
2024-09-19 19:00:00,1.1552605635560724,1.155365864179694,1.1544875822235727,1.1547961186215672,2543
2024-09-19 20:00:00,1.1547961186215672,1.155386453376096,1.1545384925164013,1.1551885961608173,4354
2024-09-19 21:00:00,1.1551885961608173,1.1555354107146192,1.1549017816281502,1.1552852443733224,2612
2024-09-19 22:00:00,1.1552852443733224,1.1560037530653642,1.1552588279430145,1.155883908706458,9465
2024-09-19 23:00:00,1.155883908706458,1.1568744875470736,1.1557563314949728,1.1567867863159318,6814
2024-09-20 00:00:00,1.1567867863159318,1.1570483551688713,1.1567867740668063,1.1570041501226411,4754
2024-09-20 01:00:00,1.1570041501226411,1.1577498349677757,1.1568983752455366,1.1575736919615542,1996
2024-09-20 02:00:00,1.1575736919615542,1.1579582809099322,1.1574113438988007,1.1579374395272093,7225
2024-09-20 03:00:00,1.1579374395272093,1.158252963668912,1.1578599887163894,1.158161669365722,6786
2024-09-20 04:00:00,1.158161669365722,1.1588445129428153,1.158048380368366,1.1584033564038656,2394
2024-09-20 05:00:00,1.1584033564038656,1.158807188086512,1.158218753440019,1.1587110520045167,7502
2024-09-20 06:00:00,1.1587110520045167,1.1597619491212898,1.1584665053536891,1.15967378721502,1455
2024-09-20 07:00:00,1.15967378721502,1.1600072295351904,1.1587913535803889,1.1592303559862145,1294
2024-09-20 08:00:00,1.1592303559862145,1.159511711697292,1.1590654179161723,1.159441730131197,1598
2024-09-20 09:00:00,1.159441730131197,1.1615676084317998,1.1592170696249742,1.1613400131092786,2989
2024-09-20 10:00:00,1.1613400131092786,1.1619624985748271,1.161335850291413,1.161815188930319,9320
2024-09-20 11:00:00,1.161815188930319,1.1618457790761922,1.1613970458369844,1.1615622323079027,615
2024-09-20 12:00:00,1.1615622323079027,1.1620334987475909,1.1614222282493156,1.1619678546811947,4682
2024-09-20 13:00:00,1.1619678546811947,1.1624067558358786,1.1617124031475068,1.16231158776051,6898
2024-09-20 14:00:00,1.16231158776051,1.1623626591667733,1.1620499953912822,1.1620958487595012,9189
2024-09-20 15:00:00,1.1620958487595012,1.162128659424119,1.1619622964927014,1.1619686232959372,5652
2024-09-20 16:00:00,1.1619686232959372,1.1622135138441696,1.161949945901907,1.1620675957599726,1771
2024-09-20 17:00:00,1.1620675957599726,1.1622780841452955,1.162028735512998,1.1620595412991443,2871
2024-09-20 17:00:00,1.1620595412991443,1.1630877100670383,1.1618965932939807,1.1629242112787952,5499
2024-09-20 18:00:00,1.1629242112787952,1.163060816528239,1.1628535499908297,1.1629870573552599,4958
2024-09-20 18:00:00,1.1629870573552599,1.163300310428679,1.1624194945953403,1.1625219095591726,3142
2024-09-20 19:00:00,1.1625219095591726,1.162949242597878,1.1623694595525078,1.1628941764856517,793
2024-09-20 19:00:00,1.1628941764856517,1.163968173498147,1.1627877516873817,1.163810526005113,6452
2024-09-20 20:00:00,1.163810526005113,1.1642231524241475,1.1637037033234707,1.1641639452862986,6961
2024-09-20 20:00:00,1.1641639452862986,1.1643619002878725,1.162553775251924,1.1629130385248891,7758
2024-09-20 21:00:00,1.1629130385248891,1.1629816606575754,1.162696324802142,1.162858661481093,8095
2024-09-20 21:00:00,1.162858661481093,1.1629052299712404,1.1624628103105397,1.1624631769106586,8450
2024-09-20 22:00:00,1.1624631769106586,1.1626469184058883,1.1620258468204643,1.1621381621972475,7267
2024-09-20 22:00:00,1.1621381621972475,1.1624904531186366,1.1621112147845993,1.1624380491233888,6297
2024-09-20 23:00:00,1.1624380491233888,1.163388548941378,1.1623389481037698,1.1630815596865718,4588
2024-09-20 23:00:00,1.1630815596865718,1.1634887167437,1.162997794349431,1.1633233498001254,8535
2024-09-21 00:00:00,1.1633233498001254,1.1635667269005368,1.1629205637940474,1.1635174852549859,3845
2024-09-21 01:00:00,1.1635174852549859,1.163825839610925,1.1634572478633702,1.1635490115861156,5935
2024-09-21 02:00:00,1.1635490115861156,1.1636810551471428,1.1631173663563752,1.1632160284329665,4939
2024-09-21 03:00:00,1.1632160284329665,1.1633038351999054,1.1624857285412755,1.1627928037959907,5555
2024-09-21 04:00:00,1.1627928037959907,1.1632697080713832,1.1627582280038038,1.1630205742975153,7411
2024-09-21 05:00:00,1.1630205742975153,1.1633516047495933,1.1621908599158233,1.1625209577525322,7081
2024-09-21 06:00:00,1.1625209577525322,1.162913238114629,1.1622986452840345,1.1628077053175998,3049
2024-09-21 07:00:00,1.1628077053175998,1.1632511900642886,1.162785737931759,1.1631876561815295,8582
2024-09-21 08:00:00,1.1631876561815295,1.163285821018125,1.1622197821839078,1.1623988703620973,5836
2024-09-21 09:00:00,1.1623988703620973,1.162484228641177,1.1610064185920992,1.1611515432758266,8422
2024-09-21 10:00:00,1.1611515432758266,1.1612291141805884,1.1607533789890454,1.1607629778953652,5496
2024-09-21 11:00:00,1.1607629778953652,1.1616337830039156,1.160385365847116,1.161581473573145,1514
2024-09-21 12:00:00,1.161581473573145,1.1621582050770682,1.1615536118912977,1.1617719035301228,8193
2024-09-21 13:00:00,1.1617719035301228,1.1618942321077639,1.160959238545803,1.1610141249511974,6170
2024-09-21 14:00:00,1.1610141249511974,1.1618090143983844,1.1608385806951331,1.1617489210339231,4028
2024-09-21 15:00:00,1.1617489210339231,1.1619018423652434,1.161703914580131,1.1618382095765487,6310
2024-09-21 16:00:00,1.1618382095765487,1.1621797469199793,1.161399032446397,1.1615793028349217,5965
2024-09-21 17:00:00,1.1615793028349217,1.1633898460959653,1.1615176163587357,1.1631159754224498,8684
2024-09-21 18:00:00,1.1631159754224498,1.1635870646973505,1.1629628126596658,1.1634534559157808,4172
2024-09-21 19:00:00,1.1634534559157808,1.1640827096276165,1.163366361106173,1.163582187849495,2184
2024-09-21 20:00:00,1.163582187849495,1.1636204215552084,1.1629541768973664,1.1630798370061997,8888
2024-09-21 21:00:00,1.1630798370061997,1.165198633826255,1.1626393939772632,1.1649874593979839,9851
2024-09-21 22:00:00,1.1649874593979839,1.165371300415033,1.164794478846233,1.1651937211446945,5087
2024-09-21 23:00:00,1.1651937211446945,1.165627946020206,1.1639554289598726,1.1639751976615504,3297
2024-09-22 00:00:00,1.1639751976615504,1.164765878457601,1.1635822322732186,1.1645782565858067,9707
2024-09-22 01:00:00,1.1645782565858067,1.1655265648670596,1.1643884235732687,1.1654840308758256,7764
2024-09-22 02:00:00,1.1654840308758256,1.165910910653848,1.165189740615312,1.1657025686141396,7724
2024-09-22 03:00:00,1.1657025686141396,1.1657946481020647,1.164964346718391,1.1653037506810557,1129
2024-09-22 04:00:00,1.1653037506810557,1.165779195539558,1.1651194072169444,1.1651831169393327,948
2024-09-22 05:00:00,1.1651831169393327,1.1655192410987565,1.1651659517713302,1.1652508229178036,3097
2024-09-22 06:00:00,1.1652508229178036,1.1654881720406893,1.1648842969751756,1.1649806111117291,5584
2024-09-22 07:00:00,1.1649806111117291,1.1651907862016595,1.1648091139677723,1.1648669684181732,6900
2024-09-22 08:00:00,1.1648669684181732,1.1653442552015472,1.1647480002139268,1.1652316586587719,9622
2024-09-22 09:00:00,1.1652316586587719,1.1654389075297722,1.1646427309883336,1.1647134325921868,1125
2024-09-22 10:00:00,1.1647134325921868,1.1648624046480138,1.163699751140303,1.1641034642827797,9109
2024-09-22 11:00:00,1.1641034642827797,1.1641067314352505,1.1630821025759364,1.1631461979338187,6471
2024-09-22 12:00:00,1.1631461979338187,1.163483419026313,1.162325215626218,1.162344701385457,1322
2024-09-22 13:00:00,1.162344701385457,1.1625116648171907,1.161624928450362,1.1616720496990347,8031
2024-09-22 14:00:00,1.1616720496990347,1.1623862505950884,1.1614303981507106,1.1621322598972974,9715
2024-09-22 15:00:00,1.1621322598972974,1.1627560693735814,1.1619024097934594,1.1626804444575076,3610
2024-09-22 16:00:00,1.1626804444575076,1.1628234074778487,1.1622948783029141,1.1627198461604533,3633
2024-09-22 17:00:00,1.1627198461604533,1.1639271643027371,1.1625672995512268,1.163783363347292,3216
2024-09-22 18:00:00,1.163783363347292,1.164131617758536,1.1629229210000758,1.163044489441361,5655
2024-09-22 19:00:00,1.163044489441361,1.164268536954001,1.1627910890461368,1.1640535887039567,1668
2024-09-22 20:00:00,1.1640535887039567,1.1645307391946382,1.1637225886240112,1.1643130398231325,507
2024-09-22 21:00:00,1.1643130398231325,1.1650127047472993,1.1641359557519135,1.1646146813998495,1208
2024-09-22 22:00:00,1.1646146813998495,1.1647245248167826,1.1632645834456792,1.1633036565608088,3003
2024-09-22 23:00:00,1.1633036565608088,1.163527746659111,1.1630440168466507,1.163047780782323,6272
2024-09-23 00:00:00,1.163047780782323,1.1636022229930307,1.1630020712283486,1.1634039538434922,1171
2024-09-23 01:00:00,1.1634039538434922,1.1635988011057523,1.1633085292093663,1.1634683264296004,3317
2024-09-23 02:00:00,1.1634683264296004,1.1635730359611747,1.1632141084594296,1.1633718026674322,9331
2024-09-23 03:00:00,1.1633718026674322,1.16393951567486,1.1630141098774869,1.163807810482374,8638
2024-09-23 04:00:00,1.163807810482374,1.163857165108668,1.1633786940309199,1.1634115291954794,6530
2024-09-23 05:00:00,1.1634115291954794,1.164087940516484,1.1632377833489211,1.164080486994566,3455
2024-09-23 06:00:00,1.164080486994566,1.1646247090256063,1.1638960827189049,1.1645091326582058,7243
2024-09-23 07:00:00,1.1645091326582058,1.166151056342442,1.1643678153691472,1.1660143178745201,3734
2024-09-23 08:00:00,1.1660143178745201,1.1661109285888505,1.1654427610322111,1.1656133852260262,5758
2024-09-23 09:00:00,1.1656133852260262,1.1667689366673195,1.1655915158224217,1.1667135605824144,476
2024-09-23 10:00:00,1.1667135605824144,1.167738504779959,1.1664863870791353,1.1673140828885125,3551
2024-09-23 11:00:00,1.1673140828885125,1.167343460509293,1.1671832759755745,1.167279050969585,9223
2024-09-23 12:00:00,1.167279050969585,1.1674738824379405,1.1671327890824075,1.1672602342220166,1951
2024-09-23 13:00:00,1.1672602342220166,1.1674212214954507,1.1668410369921165,1.1672010323062003,9055
2024-09-23 14:00:00,1.1672010323062003,1.1679026100733418,1.1670500605955598,1.1676889085469115,4940
2024-09-23 15:00:00,1.1676889085469115,1.1684942452713127,1.1675995248744544,1.1684695716502373,4252
2024-09-23 16:00:00,1.1684695716502373,1.1687297933316387,1.1673063922951978,1.167497568550334,4882
2024-09-23 17:00:00,1.167497568550334,1.1685763034445515,1.1673257965011048,1.1684345212995535,4309
2024-09-23 18:00:00,1.1684345212995535,1.1697868930487216,1.168211782996536,1.1697099400443673,5949
2024-09-23 19:00:00,1.1697099400443673,1.1707998701986668,1.1694813480969837,1.1707137351729677,7335
2024-09-23 20:00:00,1.1707137351729677,1.1707217956928675,1.1701435509374258,1.17029982069774,2451
2024-09-23 21:00:00,1.17029982069774,1.1704053678119135,1.1680067505745453,1.168237879596404,3145
2024-09-23 22:00:00,1.168237879596404,1.1684056244783643,1.1679912156491303,1.1683099392381975,9391
2024-09-23 23:00:00,1.1683099392381975,1.1688704941302157,1.1680624867211649,1.1684021880483375,5842
2024-09-24 00:00:00,1.1684021880483375,1.1686394564348226,1.1682441353846613,1.168526538054581,1747
2024-09-24 01:00:00,1.168526538054581,1.1692102073214254,1.1682702700497423,1.1691853962378578,2881
2024-09-24 02:00:00,1.1691853962378578,1.1693025479498902,1.1685808872440078,1.1690036159268848,8156
2024-09-24 03:00:00,1.1690036159268848,1.1704931596221997,1.1687716615344093,1.1702535262885752,9791
2024-09-24 04:00:00,1.1702535262885752,1.1704994543065292,1.1698257539711578,1.1701753622215,101
2024-09-24 05:00:00,1.1701753622215,1.170226171278091,1.1697513613598,1.170019445196121,8114
2024-09-24 06:00:00,1.170019445196121,1.1701101964196432,1.1689914105576698,1.1690092979295184,5259
2024-09-24 07:00:00,1.1690092979295184,1.1698711689180674,1.1689202322970833,1.1697194644099145,7950
2024-09-24 08:00:00,1.1697194644099145,1.1697724079835372,1.1691746701708372,1.1691914486947064,2204
2024-09-24 09:00:00,1.1691914486947064,1.1697415256012793,1.16914554881795,1.1696820572922562,6255
2024-09-24 10:00:00,1.1696820572922562,1.1699099830431794,1.169418415976092,1.1696610219418837,8749
2024-09-24 11:00:00,1.1696610219418837,1.1698580797885059,1.169353063526255,1.1694923336164766,7591
2024-09-24 12:00:00,1.1694923336164766,1.1697320744628121,1.168940626927898,1.1690343675213477,4886
2024-09-24 13:00:00,1.1690343675213477,1.169313539860838,1.1678964445637743,1.1683386364060289,8832
2024-09-24 14:00:00,1.1683386364060289,1.1688645507802007,1.1680263499540993,1.168511846913637,1920
2024-09-24 15:00:00,1.168511846913637,1.1688966544824049,1.1681791608274863,1.1683616926549967,2486
2024-09-24 16:00:00,1.1683616926549967,1.1685621311857572,1.1676614316039053,1.1677681033953493,3542
2024-09-24 17:00:00,1.1677681033953493,1.1678819549663941,1.1673255823099482,1.1674233213390977,8220
2024-09-24 18:00:00,1.1674233213390977,1.1675342705007463,1.1669204106499897,1.1670684155005457,7365
2024-09-24 19:00:00,1.1670684155005457,1.1670810912743188,1.1668890044460927,1.1669186385270436,9374
2024-09-24 20:00:00,1.1669186385270436,1.167681499263339,1.1666822663915497,1.1674665091355982,475
2024-09-24 21:00:00,1.1674665091355982,1.168497686628333,1.1673648197148387,1.1684674510936626,5255
2024-09-24 22:00:00,1.1684674510936626,1.1685438423511683,1.1683165067351484,1.1684666687829188,9828
2024-09-24 23:00:00,1.1684666687829188,1.1687884930326597,1.1682379344145228,1.1685274985444898,7101
2024-09-25 00:00:00,1.1685274985444898,1.1696964156163128,1.1684633659349373,1.169660975401519,8678
2024-09-25 01:00:00,1.169660975401519,1.1701667086602237,1.1696199943237806,1.1698244678544212,9103
2024-09-25 02:00:00,1.1698244678544212,1.1699710458166273,1.1686497027802545,1.1686895260279442,282
2024-09-25 03:00:00,1.1686895260279442,1.1692496096306157,1.1686417098868198,1.1690283283673375,9762
2024-09-25 04:00:00,1.1690283283673375,1.169462100336478,1.167682718259292,1.1679732624397985,7861
2024-09-25 05:00:00,1.1679732624397985,1.1680822726006816,1.1669046846607325,1.1671130982254387,3399
2024-09-25 06:00:00,1.1671130982254387,1.1672487271347172,1.1663948938638706,1.1668410473945001,2976
2024-09-25 07:00:00,1.1668410473945001,1.1670180409199586,1.166103249329829,1.1662453178260994,7316
2024-09-25 08:00:00,1.1662453178260994,1.1663345685280908,1.1653592849168548,1.1655892730829767,2959
2024-09-25 09:00:00,1.1655892730829767,1.165812270983456,1.1650432638781538,1.165052753584281,5143
2024-09-25 10:00:00,1.165052753584281,1.1652493049228492,1.1645234811154426,1.164804597932058,1922
2024-09-25 11:00:00,1.164804597932058,1.166120375161555,1.1648033476973412,1.1659919508037815,3092
2024-09-25 12:00:00,1.1659919508037815,1.1662298899381118,1.1656890529121746,1.166005800766297,4497
2024-09-25 13:00:00,1.166005800766297,1.1664928889132598,1.1658587286009685,1.166305232733568,6859
2024-09-25 14:00:00,1.166305232733568,1.1664582381725987,1.166100419894868,1.1662385882088393,1188
2024-09-25 15:00:00,1.1662385882088393,1.1684118779984345,1.1661255487676718,1.1682738952451235,1592
2024-09-25 16:00:00,1.1682738952451235,1.1688236047926355,1.1681392109637052,1.1687096389411173,5696
2024-09-25 17:00:00,1.1687096389411173,1.1687410053744245,1.1682543264120673,1.1684255644329857,1453
2024-09-25 18:00:00,1.1684255644329857,1.1689231952687527,1.1684082549034622,1.168906721178622,2156
2024-09-25 19:00:00,1.168906721178622,1.1693347731899868,1.1688366689690286,1.1692686050967707,1527
2024-09-25 20:00:00,1.1692686050967707,1.1694028349183858,1.1682896181672742,1.168383570705201,742
2024-09-25 21:00:00,1.168383570705201,1.168576817862158,1.1683077982886525,1.168438663864241,5023
2024-09-25 22:00:00,1.168438663864241,1.1686026056244863,1.167621594003784,1.1679149558968625,5060
2024-09-25 23:00:00,1.1679149558968625,1.1680140204932592,1.167678033593024,1.1677035517291496,7573
2024-09-26 00:00:00,1.1677035517291496,1.1686579778430035,1.1674504510312695,1.1686470361487526,8939
2024-09-26 01:00:00,1.1686470361487526,1.1687855360916135,1.1681173439599692,1.1681379046169733,1013
2024-09-26 02:00:00,1.1681379046169733,1.168259774796089,1.1673459423913783,1.1674723582680846,3969
2024-09-26 03:00:00,1.1674723582680846,1.1678019257416596,1.1674333172192142,1.1676159561990567,6340
2024-09-26 04:00:00,1.1676159561990567,1.1683714003460837,1.1676093287066187,1.1680751034967067,2425
2024-09-26 05:00:00,1.1680751034967067,1.1685621044424621,1.1678052524447458,1.1683182584149436,9197
2024-09-26 06:00:00,1.1683182584149436,1.1689500467718614,1.1675116637681002,1.1675639574806085,1092
2024-09-26 07:00:00,1.1675639574806085,1.167913426459009,1.1675300004573175,1.1677180406784462,4691
2024-09-26 08:00:00,1.1677180406784462,1.168141397311307,1.1674855432883302,1.1679881796263585,3658
2024-09-26 09:00:00,1.1679881796263585,1.168252687212682,1.167398617895835,1.167560806056904,9524
2024-09-26 10:00:00,1.167560806056904,1.1678001591900247,1.1674838062190562,1.1677343471900359,6252
2024-09-26 11:00:00,1.1677343471900359,1.1684268851486885,1.167655824643619,1.167916517129774,1426
2024-09-26 12:00:00,1.167916517129774,1.1683727073522652,1.1677858669407057,1.1683449682670133,7926
2024-09-26 13:00:00,1.1683449682670133,1.1687314873295767,1.168304635017516,1.168468178175052,4112
2024-09-26 14:00:00,1.168468178175052,1.1691316524979463,1.1684171894067674,1.169108409822515,5694
2024-09-26 15:00:00,1.169108409822515,1.169263748731929,1.1689394098406967,1.1691740157909203,2820
2024-09-26 16:00:00,1.1691740157909203,1.1694336297411718,1.1685494674458294,1.1689146123552632,1890
2024-09-26 17:00:00,1.1689146123552632,1.1691608955890764,1.1671537209146403,1.1675017323684798,509
2024-09-26 18:00:00,1.1675017323684798,1.1677933708653432,1.166074733110195,1.166129558949613,1754
2024-09-26 19:00:00,1.166129558949613,1.166500785709494,1.1654759211485282,1.1657157362120556,7378
2024-09-26 20:00:00,1.1657157362120556,1.165979222181509,1.1656184182158063,1.1657831803290946,5637
2024-09-26 21:00:00,1.1657831803290946,1.1658047801793996,1.1652795298726757,1.1656896361177889,5922
2024-09-26 22:00:00,1.1656896361177889,1.1672188869451388,1.1655100457074155,1.1671835361087517,6143
2024-09-26 23:00:00,1.1671835361087517,1.1687667248314448,1.1671397999857076,1.1687329657491268,5945
2024-09-27 00:00:00,1.1687329657491268,1.1687911909248654,1.1677647684328356,1.1681077568103455,5297
2024-09-27 01:00:00,1.1681077568103455,1.1682070939342064,1.1675199473058946,1.1676533870655934,3689
2024-09-27 02:00:00,1.1676533870655934,1.1678607118978308,1.1670311991849711,1.1671787310359438,1169
2024-09-27 03:00:00,1.1671787310359438,1.1672026380620049,1.1668617919531465,1.166983221294892,6151
2024-09-27 04:00:00,1.166983221294892,1.16713979680553,1.1669377825993112,1.1669420371692374,2772
2024-09-27 05:00:00,1.1669420371692374,1.1671293274209145,1.1667821368375462,1.1670319255690798,7795
2024-09-27 06:00:00,1.1670319255690798,1.1677202225883103,1.166934369962778,1.1676676113207325,6494
2024-09-27 07:00:00,1.1676676113207325,1.1682543748733851,1.1675906973673376,1.1681145962542192,4651
2024-09-27 08:00:00,1.1681145962542192,1.1681856780353352,1.1677939703289095,1.1680080868628446,1040
2024-09-27 09:00:00,1.1680080868628446,1.168231421746373,1.1678296209321652,1.1680140679534654,5469
2024-09-27 10:00:00,1.1680140679534654,1.1681950207338112,1.1675321122279916,1.1677200061254485,6215
2024-09-27 11:00:00,1.1677200061254485,1.1677735428643552,1.1673850842887512,1.1676584644267547,7827
2024-09-27 12:00:00,1.1676584644267547,1.168748992215083,1.167603497745445,1.1685332583598704,7892
2024-09-27 13:00:00,1.1685332583598704,1.1689570543419177,1.1682825697952548,1.1689092814636817,2757
2024-09-27 14:00:00,1.1689092814636817,1.1690055722848443,1.168098602756104,1.1684122320972183,7227
2024-09-27 15:00:00,1.1684122320972183,1.1687250687776862,1.1673392428649778,1.1673988351762108,8952
2024-09-27 16:00:00,1.1673988351762108,1.1674013035663384,1.1657536161894986,1.1662434896386478,6029
2024-09-27 17:00:00,1.1662434896386478,1.166543325582228,1.165462713156521,1.1656231500443646,6718
2024-09-27 17:00:00,1.1656231500443646,1.1658624554017012,1.1650999070173857,1.165172792387708,3043
2024-09-27 18:00:00,1.165172792387708,1.1653944298092958,1.1644315796415239,1.1646893280206478,405
2024-09-27 18:00:00,1.1646893280206478,1.1650157262220704,1.1631370345166288,1.1632751187237014,9148
2024-09-27 19:00:00,1.1632751187237014,1.1635932016310535,1.1613559925432972,1.1613678895312967,3041
2024-09-27 19:00:00,1.1613678895312967,1.1613760347470456,1.16129333260733,1.161367874668254,548
2024-09-27 20:00:00,1.161367874668254,1.1615716595860812,1.1601423077691355,1.1605050423858945,7548
2024-09-27 20:00:00,1.1605050423858945,1.1606051278217122,1.1600317634540314,1.1603304117659259,2894
2024-09-27 21:00:00,1.1603304117659259,1.1604949756190308,1.1602320092333371,1.1602979790313903,1330
2024-09-27 21:00:00,1.1602979790313903,1.1605253574727659,1.1601070224120513,1.1604203285283623,5598
2024-09-27 22:00:00,1.1604203285283623,1.1613167508793656,1.160352107822779,1.1611470629500749,581
2024-09-27 22:00:00,1.1611470629500749,1.1630912862955256,1.1610905936755993,1.1624801445056967,6517
2024-09-27 23:00:00,1.1624801445056967,1.1625836281602866,1.162260350506533,1.162493391097247,6524
2024-09-27 23:00:00,1.162493391097247,1.1625214657643692,1.1623225089444378,1.1624776156332928,3168
2024-09-28 00:00:00,1.1624776156332928,1.1624925026793946,1.16226661552626,1.162321076676458,3527
2024-09-28 01:00:00,1.162321076676458,1.1630284748927306,1.1619341900589346,1.1629563778473893,5153
2024-09-28 02:00:00,1.1629563778473893,1.1643031271812476,1.1628161979231477,1.1639073391464883,9452
2024-09-28 03:00:00,1.1639073391464883,1.1643535689069522,1.1639037740707017,1.1643526241542617,1292
2024-09-28 04:00:00,1.1643526241542617,1.1647625256178984,1.1627828168491852,1.1629765503047265,8130
2024-09-28 05:00:00,1.1629765503047265,1.1632118267484244,1.16295357086203,1.1630323872379698,7545
2024-09-28 06:00:00,1.1630323872379698,1.1631990550524782,1.1620621733729037,1.1622110999822235,4425
2024-09-28 07:00:00,1.1622110999822235,1.162583949353589,1.162185784120879,1.1622683436370447,1617
2024-09-28 08:00:00,1.1622683436370447,1.1626203758520757,1.1598982045789024,1.160187218044677,2124
2024-09-28 09:00:00,1.160187218044677,1.1609754790257443,1.1600390845973472,1.1605854448688393,8780
2024-09-28 10:00:00,1.1605854448688393,1.1606554935358209,1.1599124439654873,1.1601722888503565,1399
2024-09-28 11:00:00,1.1601722888503565,1.1603201951076934,1.1594640339109596,1.1597479290546802,4192
2024-09-28 12:00:00,1.1597479290546802,1.1597590474839905,1.1589436590386886,1.1590126514521872,7132
2024-09-28 13:00:00,1.1590126514521872,1.1592268175042302,1.1584866702144525,1.1586084987992946,3823
2024-09-28 14:00:00,1.1586084987992946,1.1588588940068534,1.1584754503677448,1.1586365685407571,1185
2024-09-28 15:00:00,1.1586365685407571,1.1587874422859437,1.1583864882657753,1.1584725901236939,3304
2024-09-28 16:00:00,1.1584725901236939,1.1590654119942922,1.1582823303643945,1.1590440414722756,2959
2024-09-28 17:00:00,1.1590440414722756,1.1591734315968936,1.1590332533836885,1.1591691755208622,9472
2024-09-28 18:00:00,1.1591691755208622,1.1593335908598545,1.1585989829921688,1.1589223702796427,5508
2024-09-28 19:00:00,1.1589223702796427,1.1595990918280066,1.1588955248028558,1.159573469408983,8122
2024-09-28 20:00:00,1.159573469408983,1.1609217756497667,1.1595420688752915,1.160889806165849,5575
2024-09-28 21:00:00,1.160889806165849,1.1612446011517779,1.1595844048716928,1.1597435738635975,7061
2024-09-28 22:00:00,1.1597435738635975,1.1598281931123962,1.158864787360876,1.1589151154638129,3630
2024-09-28 23:00:00,1.1589151154638129,1.1593581535016941,1.1585283568077525,1.1591941572906213,3678
2024-09-29 00:00:00,1.1591941572906213,1.1593729246142275,1.1589936420105063,1.1593697854915723,9893
2024-09-29 01:00:00,1.1593697854915723,1.1602397775320858,1.1591890154423636,1.1601629300448315,2375
2024-09-29 02:00:00,1.1601629300448315,1.161106279859452,1.1600815594303788,1.1610902228690785,4625
2024-09-29 03:00:00,1.1610902228690785,1.1620167877244214,1.1610194312410826,1.1618646008089386,244
2024-09-29 04:00:00,1.1618646008089386,1.1621382389638195,1.1616724049967693,1.1620691757249044,2308
2024-09-29 05:00:00,1.1620691757249044,1.1622506673053818,1.1612270553251962,1.1615549394348974,8580
2024-09-29 06:00:00,1.1615549394348974,1.1616528689673324,1.1604812247664722,1.160540358593471,5571
2024-09-29 07:00:00,1.160540358593471,1.161560009956675,1.160337400255733,1.161362909919959,4279
2024-09-29 08:00:00,1.161362909919959,1.1619267752560711,1.1610473233060452,1.1618980917454806,633
2024-09-29 09:00:00,1.1618980917454806,1.1619678207636641,1.1615158377962458,1.1615394292568864,6368
2024-09-29 10:00:00,1.1615394292568864,1.1618307644150616,1.1614348546942115,1.1617479158838813,280
2024-09-29 11:00:00,1.1617479158838813,1.162528434704357,1.161746808612048,1.1622323812129771,3132
2024-09-29 12:00:00,1.1622323812129771,1.1622452597012651,1.161856353439872,1.1620995103280287,9359
2024-09-29 13:00:00,1.1620995103280287,1.1623780571517797,1.160790888410116,1.1608620542355965,1029
2024-09-29 14:00:00,1.1608620542355965,1.161070516282134,1.1602890560464845,1.1605165049522608,8063
2024-09-29 15:00:00,1.1605165049522608,1.162149640427065,1.1603030340102776,1.1620312276926086,4614
2024-09-29 16:00:00,1.1620312276926086,1.1622168540713786,1.1614436572992837,1.1617538772591232,1063
2024-09-29 17:00:00,1.1617538772591232,1.1618681496943055,1.1614125684407153,1.161728731421974,7020
2024-09-29 18:00:00,1.161728731421974,1.162117687854197,1.1614507406584378,1.161838681226173,3449
2024-09-29 19:00:00,1.161838681226173,1.1618549236281233,1.1609489337835515,1.1612090297077582,7484
2024-09-29 20:00:00,1.1612090297077582,1.1614255716624668,1.1609566484332514,1.161070670916495,3256
2024-09-29 21:00:00,1.161070670916495,1.1611073445171614,1.1605500278917822,1.1605558548698662,2940
2024-09-29 22:00:00,1.1605558548698662,1.1616553886405112,1.160465898548661,1.1615030179317092,7604
2024-09-29 23:00:00,1.1615030179317092,1.1616187364386923,1.1602766052788087,1.160355042140817,2226
2024-09-30 00:00:00,1.160355042140817,1.1614061453060456,1.160182350245556,1.1612512503470604,5738
2024-09-30 01:00:00,1.1612512503470604,1.1614441656459944,1.1597128099016194,1.1599464516488605,3998
2024-09-30 02:00:00,1.1599464516488605,1.1602776110627715,1.1598726923872689,1.1601890403640038,1859
2024-09-30 03:00:00,1.1601890403640038,1.1609006206834414,1.1600876492569232,1.1606080350419632,1579
2024-09-30 04:00:00,1.1606080350419632,1.1608839820841805,1.1601703941266408,1.1602771616665903,4902
2024-09-30 05:00:00,1.1602771616665903,1.1603899720749395,1.1590876161149155,1.1592005688026756,7751
2024-09-30 06:00:00,1.1592005688026756,1.1594261961521,1.1588303798230124,1.159039540513286,1076
2024-09-30 07:00:00,1.159039540513286,1.1596099760853347,1.1589843509687252,1.1594224865823044,9252
2024-09-30 08:00:00,1.1594224865823044,1.1594886129418116,1.1592856750541882,1.1594251043904078,3527
2024-09-30 09:00:00,1.1594251043904078,1.1598295393621736,1.1589346257498332,1.1589354454373233,180
2024-09-30 10:00:00,1.1589354454373233,1.1595293539889768,1.158716135984066,1.1592862817924554,7389
2024-09-30 11:00:00,1.1592862817924554,1.1596415964965119,1.1590787537895029,1.1595790647505089,4765
2024-09-30 12:00:00,1.1595790647505089,1.1596377861823084,1.1573251592452738,1.1577313158448987,2959
2024-09-30 13:00:00,1.1577313158448987,1.1583946630504576,1.157728124118926,1.1581964975204857,9948
2024-09-30 14:00:00,1.1581964975204857,1.1584511953237326,1.157874444657085,1.1579414623169297,1171
2024-09-30 15:00:00,1.1579414623169297,1.1581213539603543,1.1578460200677987,1.1579434950032672,9952
2024-09-30 16:00:00,1.1579434950032672,1.1579724597742271,1.157811238383775,1.1578726668856227,2556
2024-09-30 17:00:00,1.1578726668856227,1.15892216258598,1.1577021666304317,1.1587883517990367,9116
2024-09-30 18:00:00,1.1587883517990367,1.1589074705792077,1.158722062507115,1.1588377726386538,3184
2024-09-30 19:00:00,1.1588377726386538,1.159773670329853,1.1587391182944278,1.1596283138341408,1968
2024-09-30 20:00:00,1.1596283138341408,1.160356752327855,1.1596052828733732,1.160284536974805,3951
2024-09-30 21:00:00,1.160284536974805,1.1603514255532046,1.1590236610735252,1.1592358289353155,6467
2024-09-30 22:00:00,1.1592358289353155,1.1598766704787538,1.1591984616878093,1.1597193107603303,4422
2024-09-30 23:00:00,1.1597193107603303,1.1607150618376938,1.1596800697809657,1.1602629417783084,1087
2024-10-01 00:00:00,1.1602629417783084,1.16050188812506,1.1589586893655204,1.158962136872521,5583
2024-10-01 01:00:00,1.158962136872521,1.1590049060421093,1.1587972849128632,1.1588622325838074,8482
2024-10-01 02:00:00,1.1588622325838074,1.158945928290796,1.158480837460215,1.1586510881997278,8283
2024-10-01 03:00:00,1.1586510881997278,1.1590925995554417,1.1585652071837098,1.1590158942321724,6945
2024-10-01 04:00:00,1.1590158942321724,1.1591668906209946,1.1587911030585143,1.158898637126482,8151
2024-10-01 05:00:00,1.158898637126482,1.1589799832645862,1.1588201322211296,1.1588604916417298,1123
2024-10-01 06:00:00,1.1588604916417298,1.1590389120498192,1.157966488576152,1.1581417628141188,7706
2024-10-01 07:00:00,1.1581417628141188,1.1586807910705168,1.1580785213070663,1.1582996101596108,3394
2024-10-01 08:00:00,1.1582996101596108,1.1585512395052473,1.1579042551742533,1.15792247938012,7227
2024-10-01 09:00:00,1.15792247938012,1.1581762478832396,1.1577293130507482,1.1580566719457803,8151
2024-10-01 10:00:00,1.1580566719457803,1.1581604340022154,1.1576491401091855,1.1577000162051108,3213
2024-10-01 11:00:00,1.1577000162051108,1.1578422991989517,1.157571555824025,1.1575725520848128,3763
2024-10-01 12:00:00,1.1575725520848128,1.1576150866561508,1.1565782224074141,1.1571200777371085,5845
2024-10-01 13:00:00,1.1571200777371085,1.1575229698853113,1.1567162206336927,1.1574334055100117,7631
2024-10-01 14:00:00,1.1574334055100117,1.159345100295431,1.1573759237080465,1.1589272536006623,1256
2024-10-01 15:00:00,1.1589272536006623,1.1596004027732572,1.158850677176143,1.159179207638424,8454
2024-10-01 16:00:00,1.159179207638424,1.160578820124712,1.1591135605251919,1.1604885353609529,4499
2024-10-01 17:00:00,1.1604885353609529,1.161221945049661,1.1602423760397016,1.1610582876979088,2894
2024-10-01 18:00:00,1.1610582876979088,1.1610758800096324,1.1606168354378867,1.1606800513877675,8345
2024-10-01 19:00:00,1.1606800513877675,1.1613860952939885,1.1604085946238252,1.1610398321068263,8665
2024-10-01 20:00:00,1.1610398321068263,1.1613675448843095,1.1609808746061767,1.1612879760012054,9168
2024-10-01 21:00:00,1.1612879760012054,1.1622477635127009,1.1609083525980417,1.1616948938094775,5646
2024-10-01 22:00:00,1.1616948938094775,1.1623213590396393,1.161147187266243,1.161362957458509,6993
2024-10-01 23:00:00,1.161362957458509,1.1613634250380718,1.1609998095493408,1.1613475518934469,5261
2024-10-02 00:00:00,1.1613475518934469,1.1616347497182806,1.161015374111152,1.161306567119639,7882
2024-10-02 01:00:00,1.161306567119639,1.1617374438609072,1.1604098734780186,1.1605777438696772,8218
2024-10-02 02:00:00,1.1605777438696772,1.160699747626367,1.160319262489495,1.1606916292591145,2965
2024-10-02 03:00:00,1.1606916292591145,1.1608367243224982,1.160532294703249,1.1606909893170687,6585
2024-10-02 04:00:00,1.1606909893170687,1.1607434060000088,1.1596044420387224,1.1597599046161795,2808
2024-10-02 05:00:00,1.1597599046161795,1.1606334269570333,1.1595615392733118,1.1605982214296977,3388
2024-10-02 06:00:00,1.1605982214296977,1.1607417604637351,1.1600847283307776,1.1601025579283417,8331
2024-10-02 07:00:00,1.1601025579283417,1.1608753458661507,1.1598876903528064,1.1607167432007928,1754
2024-10-02 08:00:00,1.1607167432007928,1.1609730654230979,1.1603607006012864,1.1604376195689694,897
2024-10-02 09:00:00,1.1604376195689694,1.1614258908313624,1.1602702684307489,1.1612555020756832,9001
2024-10-02 10:00:00,1.1612555020756832,1.1615977621787452,1.1604953257658268,1.1608981254301438,5712
2024-10-02 11:00:00,1.1608981254301438,1.1610330655131842,1.159991671174988,1.160376460364174,124
2024-10-02 12:00:00,1.160376460364174,1.1620716168660445,1.1601162235376683,1.1617960288307327,5160
2024-10-02 13:00:00,1.1617960288307327,1.1620014133057894,1.1611778916979507,1.1613282242488117,7552
2024-10-02 14:00:00,1.1613282242488117,1.1615548634514057,1.1611858263963428,1.161265534146941,5214
2024-10-02 15:00:00,1.161265534146941,1.161629505172155,1.1611214781501167,1.1614493772225594,7483
2024-10-02 16:00:00,1.1614493772225594,1.1623608924143352,1.1613555531515865,1.16207514752091,9748
2024-10-02 17:00:00,1.16207514752091,1.1624136002540542,1.1620201940020347,1.1623601176928764,9365
2024-10-02 18:00:00,1.1623601176928764,1.1624024094818868,1.1614939294462647,1.1616493372995385,9527
2024-10-02 19:00:00,1.1616493372995385,1.161820513600814,1.1597059096358708,1.1600061821368348,4797
2024-10-02 20:00:00,1.1600061821368348,1.1605390714214125,1.1599267404748086,1.1604526848275443,4584
2024-10-02 21:00:00,1.1604526848275443,1.1605683575049417,1.159434856436171,1.1598881543671673,7536
2024-10-02 22:00:00,1.1598881543671673,1.1614173511920804,1.1597153229447106,1.1611192889876496,3466
2024-10-02 23:00:00,1.1611192889876496,1.1617276474738454,1.161117945454442,1.16166316845482,4624
2024-10-03 00:00:00,1.16166316845482,1.1618166491092536,1.16110378753164,1.1611784546393806,2164
2024-10-03 01:00:00,1.1611784546393806,1.1616651222015837,1.1608582561504455,1.1616569608256109,4638
2024-10-03 02:00:00,1.1616569608256109,1.1630318870636684,1.1615755995880848,1.162901466539955,3526
2024-10-03 03:00:00,1.162901466539955,1.1637147564430008,1.1626891625827038,1.1635321241317356,1116
2024-10-03 04:00:00,1.1635321241317356,1.1638090301191033,1.16319430550552,1.163702758142788,2117
2024-10-03 05:00:00,1.163702758142788,1.1644576831889655,1.1635714292378805,1.1642258738804596,5790
2024-10-03 06:00:00,1.1642258738804596,1.1643712386724958,1.1624299487159808,1.1627168377499078,7748
2024-10-03 07:00:00,1.1627168377499078,1.163059007481157,1.162348470329779,1.162387427003602,2525
2024-10-03 08:00:00,1.162387427003602,1.1630194037862491,1.1622566214817331,1.1629486868236434,4326
2024-10-03 09:00:00,1.1629486868236434,1.1632122279083152,1.1626848551033009,1.1631833076006908,4596
2024-10-03 10:00:00,1.1631833076006908,1.1635172823775621,1.1630118562933585,1.1633236783226175,4318
2024-10-03 11:00:00,1.1633236783226175,1.1638055049153984,1.1632017671288184,1.1637908540926478,9211
2024-10-03 12:00:00,1.1637908540926478,1.1640232376268904,1.1621974389217609,1.1623322710142105,3934
2024-10-03 13:00:00,1.1623322710142105,1.1627882482773928,1.162191172507794,1.1626419487940034,7459
2024-10-03 14:00:00,1.1626419487940034,1.1629585404094462,1.1622046072052348,1.1623579995265911,4269
2024-10-03 15:00:00,1.1623579995265911,1.1624900616077234,1.1616729483941954,1.1621152619096184,7646
2024-10-03 16:00:00,1.1621152619096184,1.162456105526018,1.1618562573644267,1.16223624927599,3643
2024-10-03 17:00:00,1.16223624927599,1.1626247252114197,1.1609740987772468,1.1614510477006805,8402
2024-10-03 18:00:00,1.1614510477006805,1.1616061235015078,1.1611929649034103,1.1612353912508688,2324
2024-10-03 19:00:00,1.1612353912508688,1.1615367228645088,1.1607651464625992,1.1613129474616868,3191
2024-10-03 20:00:00,1.1613129474616868,1.1613365323375966,1.160551971889157,1.1607023984707534,2352
2024-10-03 21:00:00,1.1607023984707534,1.1608786212109705,1.1606253327156228,1.1607808045122114,2090
2024-10-03 22:00:00,1.1607808045122114,1.1625021457097715,1.160612648637743,1.162123808329936,5252
2024-10-03 23:00:00,1.162123808329936,1.1621641122641657,1.1617280922106745,1.1617402660451177,2227
2024-10-04 00:00:00,1.1617402660451177,1.1621507585866329,1.161369614773891,1.161621782737198,9859
2024-10-04 01:00:00,1.161621782737198,1.1617181352790127,1.1609372530214204,1.1611084202551416,2273
2024-10-04 02:00:00,1.1611084202551416,1.1619545972871983,1.1610762369098107,1.1617506699890645,4703
2024-10-04 03:00:00,1.1617506699890645,1.1618951812067566,1.1612976479540071,1.1613010939668493,2522
2024-10-04 04:00:00,1.1613010939668493,1.16152985091761,1.1608790507210427,1.1609008019394944,7232
2024-10-04 05:00:00,1.1609008019394944,1.1610669161421787,1.159905638299924,1.1602600568500891,4729
2024-10-04 06:00:00,1.1602600568500891,1.1605866331595494,1.1599519710597517,1.1605765872226315,4413
2024-10-04 07:00:00,1.1605765872226315,1.1608662038642603,1.1598399633337115,1.160176770859198,4477
2024-10-04 08:00:00,1.160176770859198,1.161057376151582,1.1601554847572817,1.1607117633918538,4500
2024-10-04 09:00:00,1.1607117633918538,1.160747795185183,1.160290555200407,1.1603708685931242,4857
2024-10-04 10:00:00,1.1603708685931242,1.1605929644174755,1.159128195568942,1.159238525110227,1318
2024-10-04 11:00:00,1.159238525110227,1.1601478172439488,1.159067943696799,1.1600793422260234,1549
2024-10-04 12:00:00,1.1600793422260234,1.1606004229773592,1.1600555449417445,1.1604831758624792,1687
2024-10-04 13:00:00,1.1604831758624792,1.1611566234207074,1.1603613439401295,1.1609863137936545,4084
2024-10-04 14:00:00,1.1609863137936545,1.1610173164794393,1.1600260532496092,1.1600587846717232,4849
2024-10-04 15:00:00,1.1600587846717232,1.1600723881693042,1.1585593206341842,1.1587821917898222,6947
2024-10-04 16:00:00,1.1587821917898222,1.1591384101888795,1.1582504372079403,1.1583098016857738,7937
2024-10-04 17:00:00,1.1583098016857738,1.1585789027150546,1.158089591049055,1.158203950673738,496
2024-10-04 17:00:00,1.158203950673738,1.1582928252666216,1.1574356942171278,1.1578242057349348,843
2024-10-04 18:00:00,1.1578242057349348,1.1579979503861697,1.157242922614763,1.1573705655693187,5379
2024-10-04 18:00:00,1.1573705655693187,1.158449884745605,1.1573222716098917,1.1582968905037625,9745
2024-10-04 19:00:00,1.1582968905037625,1.1588796000353208,1.1582636295381121,1.1587257416831775,2117
2024-10-04 19:00:00,1.1587257416831775,1.1587585423819056,1.1586198892064323,1.1587151574595684,3711
2024-10-04 20:00:00,1.1587151574595684,1.158769048738008,1.1577472967496767,1.1578344562049507,2422
2024-10-04 20:00:00,1.1578344562049507,1.1579793874608895,1.1566815814994194,1.1567832111179426,2731
2024-10-04 21:00:00,1.1567832111179426,1.1578873496133144,1.1567002495925085,1.1577797721913963,461
2024-10-04 21:00:00,1.1577797721913963,1.1589844779575997,1.1576871529182478,1.1584315881580427,499
2024-10-04 22:00:00,1.1584315881580427,1.159007551598773,1.1581988173775741,1.1590027930296092,3754
2024-10-04 22:00:00,1.1590027930296092,1.1597825816655607,1.1586986537521338,1.1597189776843595,9086
2024-10-04 23:00:00,1.1597189776843595,1.1603740956444097,1.1594929936313605,1.160226542098279,662
2024-10-04 23:00:00,1.160226542098279,1.1602864703357676,1.1598930147707858,1.1600617248526195,7902
2024-10-05 00:00:00,1.1600617248526195,1.1605033857781002,1.1599443210046605,1.1602535108812053,2164
2024-10-05 01:00:00,1.1602535108812053,1.1608608119079444,1.159937207857459,1.1607594302678859,8511
2024-10-05 02:00:00,1.1607594302678859,1.1610348799462968,1.1606119180730543,1.1608267092382842,2731
2024-10-05 03:00:00,1.1608267092382842,1.1609079416909809,1.1603016317743557,1.1603649359771564,2116
2024-10-05 04:00:00,1.1603649359771564,1.1606455426626618,1.159512927279114,1.1598454270322707,725
2024-10-05 05:00:00,1.1598454270322707,1.1613677621468255,1.159558969913884,1.1612745078948707,9956
2024-10-05 06:00:00,1.1612745078948707,1.1620129562778232,1.1609716789999163,1.1619258319620727,3441
2024-10-05 07:00:00,1.1619258319620727,1.1620539290748064,1.1607798528644542,1.1610331038036898,9194
2024-10-05 08:00:00,1.1610331038036898,1.1617765436419842,1.16075599095091,1.161442978139101,163
2024-10-05 09:00:00,1.161442978139101,1.162008343267731,1.1613151932457513,1.1617370274940126,2027
2024-10-05 10:00:00,1.1617370274940126,1.1618571729830702,1.1607519313266763,1.1611267781264158,9241
2024-10-05 11:00:00,1.1611267781264158,1.161257716741165,1.160893632473804,1.1609933878841545,8730
2024-10-05 12:00:00,1.1609933878841545,1.1611052861099962,1.160263285373984,1.1604800380360363,996
2024-10-05 13:00:00,1.1604800380360363,1.1605358187575041,1.1592557282266427,1.1593129824734163,5958
2024-10-05 14:00:00,1.1593129824734163,1.1611754457653574,1.159278416882281,1.1611638134230164,7467
2024-10-05 15:00:00,1.1611638134230164,1.1611796424282705,1.1606462369492647,1.1606618996859506,2179
2024-10-05 16:00:00,1.1606618996859506,1.1611504258080863,1.1604944950846763,1.1608025746789028,100
2024-10-05 17:00:00,1.1608025746789028,1.1610597556630358,1.1599161821786088,1.160272071897063,4901
2024-10-05 18:00:00,1.160272071897063,1.1603266545340962,1.159003415746669,1.1593049217519074,4109
2024-10-05 19:00:00,1.1593049217519074,1.1598582470861254,1.159121411168239,1.1598194151669865,6124
2024-10-05 20:00:00,1.1598194151669865,1.1603848076178027,1.1597166279867939,1.1603593480410574,2863
2024-10-05 21:00:00,1.1603593480410574,1.1603691075167335,1.160010951287368,1.160191915711192,2733
2024-10-05 22:00:00,1.160191915711192,1.1602637929266562,1.1594025920028295,1.1594980979734293,3532
2024-10-05 23:00:00,1.1594980979734293,1.1600948625166434,1.1592952345640832,1.1599638998757704,1782
2024-10-06 00:00:00,1.1599638998757704,1.1602079746063856,1.1596403492705105,1.1598125708461247,662
2024-10-06 01:00:00,1.1598125708461247,1.1600529426088004,1.159558262796069,1.159938754528902,7092
2024-10-06 02:00:00,1.159938754528902,1.1601324202370376,1.1599065098357326,1.1600340096346355,357
2024-10-06 03:00:00,1.1600340096346355,1.160959346323741,1.1597972738777316,1.1608425002823664,6765
2024-10-06 04:00:00,1.1608425002823664,1.1629962786275565,1.1606096379274868,1.1628928729149184,9256
2024-10-06 05:00:00,1.1628928729149184,1.1633168279811363,1.1625567170597064,1.163277973820209,4841
2024-10-06 06:00:00,1.163277973820209,1.163479220755263,1.1625808218674754,1.1627178027514344,4773
2024-10-06 07:00:00,1.1627178027514344,1.1631637874841445,1.1626600237227214,1.1630824460810714,5031
2024-10-06 08:00:00,1.1630824460810714,1.1638127553482094,1.1630394322283082,1.1635707049442268,7106
2024-10-06 09:00:00,1.1635707049442268,1.1635918993998786,1.1629892543453424,1.1630056603587977,3975
2024-10-06 10:00:00,1.1630056603587977,1.164326406075967,1.162698786955958,1.1640402178782427,4193
2024-10-06 11:00:00,1.1640402178782427,1.164097678980954,1.1631667987691536,1.163204712316484,2754
2024-10-06 12:00:00,1.163204712316484,1.1633131667240606,1.1631780332787165,1.1633131140838073,4084
2024-10-06 13:00:00,1.1633131140838073,1.1644724929936372,1.1631649793009402,1.164280732222763,3915
2024-10-06 14:00:00,1.164280732222763,1.1645627045288804,1.1642492177025185,1.164404276843608,1969
2024-10-06 15:00:00,1.164404276843608,1.1648899004549984,1.1640918260607003,1.1641971659272872,477
2024-10-06 16:00:00,1.1641971659272872,1.1648704112078583,1.1640042396762487,1.1646133739218871,2492
2024-10-06 17:00:00,1.1646133739218871,1.1650545764142213,1.16381096623409,1.1640216007529876,6306
2024-10-06 18:00:00,1.1640216007529876,1.1643008896045415,1.163841164560314,1.1642737242376267,948
2024-10-06 19:00:00,1.1642737242376267,1.1643547823466536,1.1635146483078018,1.1637435781966456,879
2024-10-06 20:00:00,1.1637435781966456,1.1645613175116116,1.1636302232603981,1.1645076481781242,3511
2024-10-06 21:00:00,1.1645076481781242,1.1646115841182274,1.1634942271689397,1.1635110727214224,965
2024-10-06 22:00:00,1.1635110727214224,1.1635354621161167,1.1633204499682115,1.1633441591465299,3739
2024-10-06 23:00:00,1.1633441591465299,1.1636841721359135,1.1628538379949611,1.1628906856110806,7191
2024-10-07 00:00:00,1.1628906856110806,1.1642984612503346,1.1627112002760909,1.1641636014011272,2030
2024-10-07 01:00:00,1.1641636014011272,1.1658517851490402,1.1640686487527643,1.1656830671444611,638
2024-10-07 02:00:00,1.1656830671444611,1.167304313872435,1.1654823249905162,1.167051376665417,4129
2024-10-07 03:00:00,1.167051376665417,1.1670551856974587,1.1659791252549092,1.166216273957715,9397
2024-10-07 04:00:00,1.166216273957715,1.166332628098714,1.165102803003989,1.1654307921937397,6161
2024-10-07 05:00:00,1.1654307921937397,1.165758265295643,1.1652765570326729,1.1656387742814809,7641
2024-10-07 06:00:00,1.1656387742814809,1.1659042930416292,1.1655741551972174,1.1657461873278185,8525
2024-10-07 07:00:00,1.1657461873278185,1.1660407318760937,1.1651476065738378,1.1652571126193365,6322
2024-10-07 08:00:00,1.1652571126193365,1.1655413435088702,1.1652073972858663,1.1655041478394534,5516
2024-10-07 09:00:00,1.1655041478394534,1.165940062005776,1.1653456188406173,1.1659340117317136,7807
2024-10-07 10:00:00,1.1659340117317136,1.1666861849104464,1.1655069527816977,1.1663980176346922,7243
2024-10-07 11:00:00,1.1663980176346922,1.1664842300605716,1.1661353175716966,1.1662904412334694,8179
2024-10-07 12:00:00,1.1662904412334694,1.166640825395524,1.166054586613264,1.1662446497448278,7314
2024-10-07 13:00:00,1.1662446497448278,1.167212115122049,1.1662263197293075,1.167047642934226,996
2024-10-07 14:00:00,1.167047642934226,1.1681682254025088,1.1666479186291752,1.1678887275344365,7682
2024-10-07 15:00:00,1.1678887275344365,1.1691483875452786,1.167590797965978,1.1690395361752703,6588
2024-10-07 16:00:00,1.1690395361752703,1.1690867501411935,1.167808809576719,1.1679572646233602,3695
2024-10-07 17:00:00,1.1679572646233602,1.1681993343535597,1.1669109068095471,1.1671407904248015,8567
2024-10-07 18:00:00,1.1671407904248015,1.167267690054947,1.166383350822035,1.166523139903682,8694
2024-10-07 19:00:00,1.166523139903682,1.166534501383025,1.1648846664179955,1.1649841321040686,2401
2024-10-07 20:00:00,1.1649841321040686,1.1653482709003609,1.164675071395875,1.1650257033951594,3148
2024-10-07 21:00:00,1.1650257033951594,1.1669322534784734,1.1648937584610126,1.1667784591000936,2684
2024-10-07 22:00:00,1.1667784591000936,1.167041328322837,1.166567421366646,1.166647977919935,4358
2024-10-07 23:00:00,1.166647977919935,1.167063567241467,1.1665875133704489,1.166905034228099,5327
2024-10-08 00:00:00,1.166905034228099,1.1669277485765195,1.1664636399712494,1.1666795465120054,342
2024-10-08 01:00:00,1.1666795465120054,1.1671771140812053,1.1666334786041854,1.166696210404284,2450
2024-10-08 02:00:00,1.166696210404284,1.166823642352994,1.1661084837902975,1.1661937517538306,9254
2024-10-08 03:00:00,1.1661937517538306,1.166775575627064,1.16588689435877,1.1667296324591816,9431
2024-10-08 04:00:00,1.1667296324591816,1.1668756583903854,1.1665609671885364,1.1668306185045487,1145
2024-10-08 05:00:00,1.1668306185045487,1.1669875300780266,1.1659290911566644,1.1662496449522795,9778
2024-10-08 06:00:00,1.1662496449522795,1.1669088167554513,1.1662447997800673,1.166741486081082,9256
2024-10-08 07:00:00,1.166741486081082,1.1668120476811488,1.1666749158924945,1.1667019107502046,6733
2024-10-08 08:00:00,1.1667019107502046,1.1668100931724066,1.1653725208057284,1.1655235201093537,2765
2024-10-08 09:00:00,1.1655235201093537,1.1664207578165504,1.165425366144553,1.1662650235470224,2111
2024-10-08 10:00:00,1.1662650235470224,1.1664800894279663,1.1657162534354464,1.1658790396575658,6626
2024-10-08 11:00:00,1.1658790396575658,1.1664301847727878,1.1658785150941027,1.1663997172634797,7397
2024-10-08 12:00:00,1.1663997172634797,1.1665031382312212,1.1662203062296514,1.166308938226821,5345
2024-10-08 13:00:00,1.166308938226821,1.1666101021066893,1.1652281812431868,1.165355296683878,8661
2024-10-08 14:00:00,1.165355296683878,1.165621383935356,1.1649330086244536,1.165598032144289,1494
2024-10-08 15:00:00,1.165598032144289,1.1666521172226976,1.1653007233162216,1.16642210017035,9120
2024-10-08 16:00:00,1.16642210017035,1.1667179610592338,1.1657289972457296,1.1660279128199356,6504
2024-10-08 17:00:00,1.1660279128199356,1.166199005192774,1.1653311596658964,1.1658099478791653,2175
2024-10-08 18:00:00,1.1658099478791653,1.167021312723282,1.165797900431627,1.1668380938428786,2996
2024-10-08 19:00:00,1.1668380938428786,1.1669150703174387,1.1661520243808812,1.1663215766231498,8474
2024-10-08 20:00:00,1.1663215766231498,1.1663338616019252,1.165762461342851,1.1659262098080232,475
2024-10-08 21:00:00,1.1659262098080232,1.1660499503324047,1.1646528546655337,1.1648754575543208,4090
2024-10-08 22:00:00,1.1648754575543208,1.165757630638564,1.1647088232802365,1.1656041562063186,8501
2024-10-08 23:00:00,1.1656041562063186,1.165821304670512,1.1648484852969496,1.1649539559456417,9177
2024-10-09 00:00:00,1.1649539559456417,1.1657773616784277,1.164630872556788,1.1655562940108257,6359
2024-10-09 01:00:00,1.1655562940108257,1.1657062143810966,1.1655449111781437,1.1655599958145775,3806
2024-10-09 02:00:00,1.1655599958145775,1.1659425454557477,1.1646497868111818,1.164978348927339,4567
2024-10-09 03:00:00,1.164978348927339,1.16632858909073,1.1649689763649664,1.166270466873785,1094
2024-10-09 04:00:00,1.166270466873785,1.1669850231868955,1.166173376149508,1.16691037955102,2589
2024-10-09 05:00:00,1.16691037955102,1.166928762915434,1.1659991973083514,1.1660867665441739,2761
2024-10-09 06:00:00,1.1660867665441739,1.1662104419282753,1.1650202948594022,1.165196627589084,5590
2024-10-09 07:00:00,1.165196627589084,1.1653673571984067,1.1646764952130968,1.1648638592218117,3615
2024-10-09 08:00:00,1.1648638592218117,1.165091157323031,1.1648023188977048,1.1650194632970123,4162
2024-10-09 09:00:00,1.1650194632970123,1.165245040403542,1.163856325737302,1.1640014626002722,5934
2024-10-09 10:00:00,1.1640014626002722,1.1642446759040574,1.1632216494338858,1.1633754824332916,9646
2024-10-09 11:00:00,1.1633754824332916,1.1647016064570472,1.163158907074381,1.1645962486827626,5110
2024-10-09 12:00:00,1.1645962486827626,1.1654320770170465,1.1643906163349094,1.1649897309469672,7924
2024-10-09 13:00:00,1.1649897309469672,1.1653012194044032,1.1646225312741723,1.1652982051605467,5735
2024-10-09 14:00:00,1.1652982051605467,1.1654335633689128,1.1642343833464075,1.1645931176329354,5615
2024-10-09 15:00:00,1.1645931176329354,1.165572037184418,1.1642146949357541,1.1654095685943278,8020
2024-10-09 16:00:00,1.1654095685943278,1.1666193474996642,1.165256521243572,1.1661713980621267,2026
2024-10-09 17:00:00,1.1661713980621267,1.1664366617054986,1.1644594284481802,1.1646608382577026,5176
2024-10-09 18:00:00,1.1646608382577026,1.164721885912153,1.164562649663307,1.1645986827380528,328
2024-10-09 19:00:00,1.1645986827380528,1.1646567152112972,1.164575857523181,1.164611448328019,6685
2024-10-09 20:00:00,1.164611448328019,1.1646742169344,1.1640705644311802,1.164450141598717,6152
2024-10-09 21:00:00,1.164450141598717,1.1644979064639043,1.163979943279242,1.164172830408105,5787
2024-10-09 22:00:00,1.164172830408105,1.164674395615316,1.1635282986970643,1.1635826050804088,8137
2024-10-09 23:00:00,1.1635826050804088,1.1639975918269223,1.163476823965532,1.1639622243038652,2739
2024-10-10 00:00:00,1.1639622243038652,1.1641712760418343,1.1637517054856221,1.1638102985443948,8066
2024-10-10 01:00:00,1.1638102985443948,1.1638414355957862,1.1635143387417861,1.1637013283092796,1394
2024-10-10 02:00:00,1.1637013283092796,1.163769249409918,1.1635043164174739,1.1635548707494054,4325
2024-10-10 03:00:00,1.1635548707494054,1.164451248942225,1.1634439325397075,1.1642602462442027,1648
2024-10-10 04:00:00,1.1642602462442027,1.1646766797099932,1.1641890121623422,1.1644724985332882,5979
2024-10-10 05:00:00,1.1644724985332882,1.164563193814217,1.163077980660716,1.1633993058044587,616
2024-10-10 06:00:00,1.1633993058044587,1.1635566492254006,1.1621293712862097,1.1624639438136122,3588
2024-10-10 07:00:00,1.1624639438136122,1.1626375247972662,1.1621531844243242,1.1625364209240863,4707
2024-10-10 08:00:00,1.1625364209240863,1.162604574653971,1.1620743513563592,1.1620894248043672,3109
2024-10-10 09:00:00,1.1620894248043672,1.1637352236935312,1.1618585253589886,1.1635642815630098,8263
2024-10-10 10:00:00,1.1635642815630098,1.1641348339232611,1.1634283432971582,1.1640021165314214,2080
2024-10-10 11:00:00,1.1640021165314214,1.164128265504774,1.1634001634663327,1.1634852485941805,5657
2024-10-10 12:00:00,1.1634852485941805,1.1640290137267122,1.1633480118828796,1.1639753839899236,8516
2024-10-10 13:00:00,1.1639753839899236,1.1641167624245476,1.1625574199168345,1.1625905380178019,2350
2024-10-10 14:00:00,1.1625905380178019,1.162997853677569,1.1617214546413301,1.161731803310972,8011
2024-10-10 15:00:00,1.161731803310972,1.1627225039604205,1.1617269297424728,1.1626502368830822,8427
2024-10-10 16:00:00,1.1626502368830822,1.1643750474701289,1.1626446161023019,1.1641883324197888,5252
2024-10-10 17:00:00,1.1641883324197888,1.1643401597442573,1.1638583686006558,1.1640219303600847,9344
2024-10-10 18:00:00,1.1640219303600847,1.1640383615319827,1.1631779468648418,1.1631781512452823,9666
2024-10-10 19:00:00,1.1631781512452823,1.1634038405773561,1.1624361062477997,1.1625243233707998,3137
2024-10-10 20:00:00,1.1625243233707998,1.1627072066512223,1.1612654359738637,1.1612968957882956,9643
2024-10-10 21:00:00,1.1612968957882956,1.1614147278760818,1.1606771939703426,1.1606917354828898,6688
2024-10-10 22:00:00,1.1606917354828898,1.1611683333009861,1.1606467634101132,1.1611559458966827,4029
2024-10-10 23:00:00,1.1611559458966827,1.1613350223501728,1.1607468899131494,1.161186541936604,1493
2024-10-11 00:00:00,1.161186541936604,1.16155734331323,1.1609959528844618,1.161376413051408,7959
2024-10-11 01:00:00,1.161376413051408,1.1615283958501865,1.1611244607638638,1.1611942924406213,470
2024-10-11 02:00:00,1.1611942924406213,1.1614410267717232,1.1608051017616345,1.160859693227536,4833
2024-10-11 03:00:00,1.160859693227536,1.1609388539943681,1.1607054723963344,1.1607893243858085,1759
2024-10-11 04:00:00,1.1607893243858085,1.160990928798142,1.1604674763981724,1.1605391862981,9213
2024-10-11 05:00:00,1.1605391862981,1.160724029236683,1.159900619694116,1.1599675143778023,3543
2024-10-11 06:00:00,1.1599675143778023,1.1603818415487248,1.158897678927474,1.159383092406585,7757
2024-10-11 07:00:00,1.159383092406585,1.1594014550833327,1.1590454012503852,1.1593661551689478,1376
2024-10-11 08:00:00,1.1593661551689478,1.1601046191825122,1.1591904339742625,1.1596047652745884,6729
2024-10-11 09:00:00,1.1596047652745884,1.159937748581772,1.1594590109688532,1.1596947818389844,8893
2024-10-11 10:00:00,1.1596947818389844,1.1597215277837292,1.1592958835601346,1.1595434742664323,8510
2024-10-11 11:00:00,1.1595434742664323,1.1602967007822,1.1593790917111488,1.1598926704923644,9493
2024-10-11 12:00:00,1.1598926704923644,1.1611374158756624,1.159770502314493,1.160884520633753,308
2024-10-11 13:00:00,1.160884520633753,1.1609319828602422,1.1608082181435528,1.1609118442570434,3306
2024-10-11 14:00:00,1.1609118442570434,1.1610890185799214,1.1599436311305864,1.1600500947588788,310
2024-10-11 15:00:00,1.1600500947588788,1.1603045789252566,1.1599531753383772,1.1602871106340515,372
2024-10-11 16:00:00,1.1602871106340515,1.1602905645392527,1.1599638564400747,1.159990012862113,7427
2024-10-11 17:00:00,1.159990012862113,1.1604760007297978,1.159954760099079,1.1600679185567682,6387
2024-10-11 17:00:00,1.1600679185567682,1.160225359528125,1.1598921640810516,1.1602197553479798,3679
2024-10-11 18:00:00,1.1602197553479798,1.1602355626369025,1.1596216731728655,1.1598656361086994,7601
2024-10-11 18:00:00,1.1598656361086994,1.1601930445515636,1.1597047649905878,1.1597643881221136,8793
2024-10-11 19:00:00,1.1597643881221136,1.160376504803721,1.1594892400447383,1.1602090078586589,6687
2024-10-11 19:00:00,1.1602090078586589,1.161339091928663,1.1598835839737809,1.1612312067163713,3925
2024-10-11 20:00:00,1.1612312067163713,1.1620161234738329,1.1609670082786614,1.1617307547099098,4044
2024-10-11 20:00:00,1.1617307547099098,1.161846113207495,1.1616254177097287,1.1616311637157062,1209
2024-10-11 21:00:00,1.1616311637157062,1.1619028162727982,1.1604068084866908,1.1605053933472955,3164
2024-10-11 21:00:00,1.1605053933472955,1.1608717741125505,1.159608641239408,1.1598941952763904,3251
2024-10-11 22:00:00,1.1598941952763904,1.1600494985612264,1.1581588699647585,1.1583926747026023,8243
2024-10-11 22:00:00,1.1583926747026023,1.1585336948124856,1.1572492384304383,1.1574400452381828,1449
2024-10-11 23:00:00,1.1574400452381828,1.1575111806872078,1.1570583604194562,1.157080057531824,8300
2024-10-11 23:00:00,1.157080057531824,1.157782690148475,1.1567087302694934,1.1577074292637721,3599
2024-10-12 00:00:00,1.1577074292637721,1.158417395673899,1.1573241109300283,1.158345883944753,4387
2024-10-12 01:00:00,1.158345883944753,1.1584129171864286,1.1577431252882093,1.1583831967719191,9405
2024-10-12 02:00:00,1.1583831967719191,1.158487843262361,1.1581761508430672,1.1583118786416007,4687
2024-10-12 03:00:00,1.1583118786416007,1.1589054629817226,1.1579196861169163,1.1587304143382073,7974
2024-10-12 04:00:00,1.1587304143382073,1.1589407255749695,1.1584497593028964,1.1587290899360834,5484
2024-10-12 05:00:00,1.1587290899360834,1.1588641745904515,1.158042532794393,1.158068939196476,7023
2024-10-12 06:00:00,1.158068939196476,1.1582032371396174,1.157646349328934,1.1577132264801133,7211
2024-10-12 07:00:00,1.1577132264801133,1.1579322739652957,1.1574581021577215,1.1575575150790471,7510
2024-10-12 08:00:00,1.1575575150790471,1.1576423176652975,1.1570795177344444,1.157097083760563,7261
2024-10-12 09:00:00,1.157097083760563,1.1579379491345634,1.1570551517580234,1.1576887686645416,776
2024-10-12 10:00:00,1.1576887686645416,1.157756349729814,1.157019507100256,1.1575616204245718,2872
2024-10-12 11:00:00,1.1575616204245718,1.1597745706511768,1.1572533384301724,1.1597567323491151,1483
2024-10-12 12:00:00,1.1597567323491151,1.1598239666155774,1.1587440965771527,1.1588845194049882,598
2024-10-12 13:00:00,1.1588845194049882,1.1593854127268042,1.1585987904056976,1.1586188348755733,6811
2024-10-12 14:00:00,1.1586188348755733,1.1587844465203945,1.1575645754252006,1.1578796907750366,9932
2024-10-12 15:00:00,1.1578796907750366,1.1579065085121534,1.1575692924831222,1.1577560873475259,7480
2024-10-12 16:00:00,1.1577560873475259,1.1585400369939705,1.157708652347522,1.1581564597288518,1954
2024-10-12 17:00:00,1.1581564597288518,1.1589564339905793,1.1580690110853322,1.1588475487160823,1169
2024-10-12 18:00:00,1.1588475487160823,1.1591255677987322,1.1574898515239906,1.157966324995743,4376
2024-10-12 19:00:00,1.157966324995743,1.1583293862996418,1.1578164334011707,1.1580767208478182,9887
2024-10-12 20:00:00,1.1580767208478182,1.1585422343249052,1.1580094388739595,1.1584502288246845,4421
2024-10-12 21:00:00,1.1584502288246845,1.1586070056651365,1.1576139348538637,1.157614528916328,8638
2024-10-12 22:00:00,1.157614528916328,1.1576416337758337,1.1562641256664914,1.156289660675374,6689
2024-10-12 23:00:00,1.156289660675374,1.1568968445458547,1.156264312988576,1.1563930545044772,928
2024-10-13 00:00:00,1.1563930545044772,1.1565970455129793,1.1562080702530964,1.1562179959309717,9921
2024-10-13 01:00:00,1.1562179959309717,1.1568183407436008,1.1561958207711953,1.1567602576282323,6119
2024-10-13 02:00:00,1.1567602576282323,1.15797564653934,1.1566963555428058,1.1577784423345059,1786
2024-10-13 03:00:00,1.1577784423345059,1.1580408548032624,1.1563430235768708,1.1566113047304976,7564
2024-10-13 04:00:00,1.1566113047304976,1.1572670985123792,1.1563553444960424,1.1570488707857398,4447
2024-10-13 05:00:00,1.1570488707857398,1.1573499838227588,1.1559526937884341,1.1561523602157486,9767
2024-10-13 06:00:00,1.1561523602157486,1.156836161852319,1.1559665368947882,1.1566908946374712,9736
2024-10-13 07:00:00,1.1566908946374712,1.157968913503651,1.1564748612822482,1.1577910538797924,2798
2024-10-13 08:00:00,1.1577910538797924,1.1584906639468038,1.1576659611717832,1.1583684186927747,6151
2024-10-13 09:00:00,1.1583684186927747,1.1588322538554408,1.1580055485774967,1.1584209936534022,6727
2024-10-13 10:00:00,1.1584209936534022,1.1589960381620024,1.1581109943281984,1.1589300809167502,4006
2024-10-13 11:00:00,1.1589300809167502,1.159154333014295,1.1588682110823498,1.1590391306770473,723
2024-10-13 12:00:00,1.1590391306770473,1.159223495935349,1.1569404265076393,1.1572866658879672,257
2024-10-13 13:00:00,1.1572866658879672,1.1575063423538468,1.1567092873983105,1.1568133304034893,8860
2024-10-13 14:00:00,1.1568133304034893,1.157439891267306,1.1565568402555555,1.157201810869621,5921
2024-10-13 15:00:00,1.157201810869621,1.157221052089601,1.1566575468543985,1.1566688116336972,5862
2024-10-13 16:00:00,1.1566688116336972,1.1569618493861933,1.1565687900120913,1.156687962263869,4704
2024-10-13 17:00:00,1.156687962263869,1.1569417714061399,1.1562199214979847,1.1563740049473445,4739
2024-10-13 18:00:00,1.1563740049473445,1.156855231507665,1.1562032159159878,1.1567683938165219,2736
2024-10-13 19:00:00,1.1567683938165219,1.1567769782141941,1.1556130314657065,1.155844028305743,4290
2024-10-13 20:00:00,1.155844028305743,1.1559630956566658,1.1556117217255006,1.1558836359743572,9592
2024-10-13 21:00:00,1.1558836359743572,1.156354123463483,1.1542898271165332,1.154337539651119,5754
2024-10-13 22:00:00,1.154337539651119,1.1545821511678973,1.1539789485358405,1.1543186085021826,5168
2024-10-13 23:00:00,1.1543186085021826,1.1543743394482608,1.154172784609051,1.1542463789369481,3069
2024-10-14 00:00:00,1.1542463789369481,1.1543008470729745,1.1538485511168262,1.1540854838241816,3132
2024-10-14 01:00:00,1.1540854838241816,1.1543666694048762,1.1532461149762547,1.1533883588307914,4312
2024-10-14 02:00:00,1.1533883588307914,1.1542055973569032,1.1533422166519631,1.1539151886378634,1579
2024-10-14 03:00:00,1.1539151886378634,1.1541057379570572,1.1532151280088752,1.1535619228985685,4555
2024-10-14 04:00:00,1.1535619228985685,1.1537000315247503,1.1532300156826416,1.1532909888782863,5249
2024-10-14 05:00:00,1.1532909888782863,1.1538203058175063,1.1531931808452982,1.1538043675573104,2472
2024-10-14 06:00:00,1.1538043675573104,1.154835435767976,1.1535564716685611,1.1544899767322427,2043
2024-10-14 07:00:00,1.1544899767322427,1.1545599125532,1.1541606543843312,1.1544206313673258,8365
2024-10-14 08:00:00,1.1544206313673258,1.1544875607990526,1.154292983278935,1.1543830761789096,5174
2024-10-14 09:00:00,1.1543830761789096,1.1547679670982822,1.1535718573975307,1.153578073301178,4003
2024-10-14 10:00:00,1.153578073301178,1.1535792971020955,1.1524862097583513,1.152566878751887,1542
2024-10-14 11:00:00,1.152566878751887,1.1537570866885514,1.1525552375412604,1.1534350781686762,4089
2024-10-14 12:00:00,1.1534350781686762,1.1548113669105557,1.1534191379433882,1.1546450972824955,5002
2024-10-14 13:00:00,1.1546450972824955,1.154818918120137,1.1539082828514668,1.1540251533631218,9578
2024-10-14 14:00:00,1.1540251533631218,1.1541384460929582,1.1529115829395704,1.1532319014424754,650
2024-10-14 15:00:00,1.1532319014424754,1.153243587393164,1.151895583788694,1.1519871743887347,2861
2024-10-14 16:00:00,1.1519871743887347,1.1521366813831038,1.151236971252429,1.1513083104718835,8070
2024-10-14 17:00:00,1.1513083104718835,1.1521357456901589,1.1512386944951438,1.1518152342520225,5480
2024-10-14 18:00:00,1.1518152342520225,1.1520648494425405,1.1515136015816896,1.151574838608939,923
2024-10-14 19:00:00,1.151574838608939,1.15212481577106,1.1510280605234344,1.1520427833264937,1206
2024-10-14 20:00:00,1.1520427833264937,1.1522854367648954,1.1512511489386135,1.1513725743993835,2319
2024-10-14 21:00:00,1.1513725743993835,1.1514512437025888,1.1510306190055715,1.151354422254771,461
2024-10-14 22:00:00,1.151354422254771,1.1520450930714086,1.1508948849714158,1.1509717968835436,6517
2024-10-14 23:00:00,1.1509717968835436,1.1511336124081462,1.1502028620799583,1.1503790438767976,4695
2024-10-15 00:00:00,1.1503790438767976,1.1505342910744942,1.1496002815984063,1.1497150103570337,7720
2024-10-15 01:00:00,1.1497150103570337,1.1497908347379275,1.1484494805080658,1.1486599809811529,3057
2024-10-15 02:00:00,1.1486599809811529,1.1491169461475637,1.148304727054289,1.1489190838611836,7186
2024-10-15 03:00:00,1.1489190838611836,1.1493952073299507,1.1485005124763665,1.1489794463273424,9368
2024-10-15 04:00:00,1.1489794463273424,1.150166689891377,1.1489658256024269,1.149973684249864,9712
2024-10-15 05:00:00,1.149973684249864,1.1500860068958747,1.1497916074799017,1.150049912049627,6437
2024-10-15 06:00:00,1.150049912049627,1.1504008659755514,1.1491254626136027,1.1493142319647185,563
2024-10-15 07:00:00,1.1493142319647185,1.1494543897852196,1.1491852788867802,1.149210388565046,1478
2024-10-15 08:00:00,1.149210388565046,1.149460520866603,1.1484115747174217,1.1486416203530703,7607
2024-10-15 09:00:00,1.1486416203530703,1.1492014129217385,1.1483981157865883,1.1490863021839568,5649
2024-10-15 10:00:00,1.1490863021839568,1.149116313065401,1.1480614632452684,1.1481821651724997,7924
2024-10-15 11:00:00,1.1481821651724997,1.148198963217164,1.1478431293472309,1.1479384848855185,7735
2024-10-15 12:00:00,1.1479384848855185,1.1479948998274672,1.147594504490512,1.1478399852939816,1895
2024-10-15 13:00:00,1.1478399852939816,1.147874154094741,1.1470059416290572,1.1471192767470446,894
2024-10-15 14:00:00,1.1471192767470446,1.1483556357906384,1.1471181513059958,1.1480534067762496,3167
2024-10-15 15:00:00,1.1480534067762496,1.148241073753837,1.1479715372701997,1.1481278550187775,9591
2024-10-15 16:00:00,1.1481278550187775,1.1486637412906646,1.1478605708333767,1.1485884056332738,824
2024-10-15 17:00:00,1.1485884056332738,1.1489800987063545,1.1483687218296121,1.1484272432779132,1332
2024-10-15 18:00:00,1.1484272432779132,1.1487480894486433,1.1482944472219716,1.148664765211429,9882
2024-10-15 19:00:00,1.148664765211429,1.1487807778209032,1.1476258321426236,1.1480862748785345,7618
2024-10-15 20:00:00,1.1480862748785345,1.148124441938096,1.1478126378861548,1.1478815374434554,639
2024-10-15 21:00:00,1.1478815374434554,1.1479126515148155,1.1468408052736234,1.1468583952926785,7099
2024-10-15 22:00:00,1.1468583952926785,1.1470721208988077,1.1461017094626782,1.146377318927229,208
2024-10-15 23:00:00,1.146377318927229,1.1466745460909307,1.14603622023846,1.146664195443072,2171
2024-10-16 00:00:00,1.146664195443072,1.1472403222123335,1.1465571141913231,1.1468719542974186,9988
2024-10-16 01:00:00,1.1468719542974186,1.1470521526769328,1.1457597315523336,1.1458359133190619,4694
2024-10-16 02:00:00,1.1458359133190619,1.1463966946116544,1.145768215758641,1.1463858790417942,2519
2024-10-16 03:00:00,1.1463858790417942,1.1465528315287323,1.1454472480138767,1.145695899024586,1288
2024-10-16 04:00:00,1.145695899024586,1.1463491065103995,1.1454675733899007,1.1461542877995023,6640
2024-10-16 05:00:00,1.1461542877995023,1.1474225790951331,1.1459817744992529,1.147191694305085,7694
2024-10-16 06:00:00,1.147191694305085,1.14767078068574,1.1471112252754,1.1473980137096993,7340
2024-10-16 07:00:00,1.1473980137096993,1.1475877854711198,1.1467351496884317,1.1468288528315087,8341
2024-10-16 08:00:00,1.1468288528315087,1.1476261028367087,1.1466788378561907,1.1475818603699508,3794
2024-10-16 09:00:00,1.1475818603699508,1.1484533665295633,1.1475585646149447,1.1480589441805154,170
2024-10-16 10:00:00,1.1480589441805154,1.148364459780956,1.1479620738402208,1.1482873219479837,8783
2024-10-16 11:00:00,1.1482873219479837,1.1484760589419445,1.1480073092255352,1.1480202851721293,573
2024-10-16 12:00:00,1.1480202851721293,1.1480339931793948,1.1471982337345468,1.147600633728168,5420
2024-10-16 13:00:00,1.147600633728168,1.1477540398870647,1.1471355822338896,1.14733541422258,8760
2024-10-16 14:00:00,1.14733541422258,1.1481924664600385,1.1470260036382354,1.1480643176868954,1560
2024-10-16 15:00:00,1.1480643176868954,1.14822811740159,1.1476445645992177,1.1478292319875583,4409
2024-10-16 16:00:00,1.1478292319875583,1.148718392460239,1.1477412581950766,1.148570908512236,4342
2024-10-16 17:00:00,1.148570908512236,1.1490376710756944,1.1484933581293308,1.148931557509757,6625
2024-10-16 18:00:00,1.148931557509757,1.1502650387338222,1.1487503349351524,1.1500678588872324,1539
2024-10-16 19:00:00,1.1500678588872324,1.1502281111964396,1.1491683194338624,1.149413368075419,1128
2024-10-16 20:00:00,1.149413368075419,1.1494774660884268,1.1486427303537055,1.148952175152361,9135
2024-10-16 21:00:00,1.148952175152361,1.14912725885325,1.1488221160527734,1.1488407124252145,9163
2024-10-16 22:00:00,1.1488407124252145,1.1489533766561317,1.147804493717595,1.148048828014352,2997
2024-10-16 23:00:00,1.148048828014352,1.1489971210680376,1.1480055913215133,1.1488032133255905,5226
2024-10-17 00:00:00,1.1488032133255905,1.1490826318708693,1.147955072671129,1.1482123295584024,822
2024-10-17 01:00:00,1.1482123295584024,1.148481412293279,1.1479115638287323,1.1480433293841603,3500
2024-10-17 02:00:00,1.1480433293841603,1.148414516566867,1.1475640804584055,1.1478149177852692,3411
2024-10-17 03:00:00,1.1478149177852692,1.1490268793889882,1.1475994916212229,1.148355964711155,2974
2024-10-17 04:00:00,1.148355964711155,1.1483960174829952,1.148194120841136,1.1482867310324822,2151
2024-10-17 05:00:00,1.1482867310324822,1.148932125561896,1.1481414890015298,1.1487537537478199,6349
2024-10-17 06:00:00,1.1487537537478199,1.1489426635996698,1.1485707724268317,1.1488706032959177,6790
2024-10-17 07:00:00,1.1488706032959177,1.1493260886084935,1.1486134922624793,1.1491721194277789,8251
2024-10-17 08:00:00,1.1491721194277789,1.1496337598378028,1.1489314656698502,1.149231224775005,6799
2024-10-17 09:00:00,1.149231224775005,1.1492799332250792,1.1489586974746009,1.1490352486969144,9578
2024-10-17 10:00:00,1.1490352486969144,1.1492720040942113,1.1476877481330605,1.147894993758431,7546
2024-10-17 11:00:00,1.147894993758431,1.1485853355651892,1.1476708348109326,1.148404384383576,8868
2024-10-17 12:00:00,1.148404384383576,1.148624967277529,1.1479728356907812,1.1480464486783306,6587
2024-10-17 13:00:00,1.1480464486783306,1.148862052242732,1.1480040918129215,1.1485322521562902,9079
2024-10-17 14:00:00,1.1485322521562902,1.1487358784531272,1.1476951520695617,1.1477208438927098,9859
2024-10-17 15:00:00,1.1477208438927098,1.1477697782995793,1.1471003769443298,1.147202731782029,7746
2024-10-17 16:00:00,1.147202731782029,1.14742109448876,1.145937559092318,1.1463908047496019,1988
2024-10-17 17:00:00,1.1463908047496019,1.1465447052609055,1.1461021941392866,1.1462948206116996,8455
2024-10-17 18:00:00,1.1462948206116996,1.1463535568496916,1.1459099935433592,1.1459466138217358,8693
2024-10-17 19:00:00,1.1459466138217358,1.1462382453800073,1.1448168596672328,1.144934509147496,2632
2024-10-17 20:00:00,1.144934509147496,1.1459342700773836,1.1448204410450094,1.1458914803474853,8644
2024-10-17 21:00:00,1.1458914803474853,1.146836996932813,1.145752183753902,1.1466098596344512,772
2024-10-17 22:00:00,1.1466098596344512,1.1467147999577372,1.1465214276366809,1.1466947549118232,3253
2024-10-17 23:00:00,1.1466947549118232,1.1470796683702522,1.1465895059029751,1.1469785253979403,364
2024-10-18 00:00:00,1.1469785253979403,1.147027702350387,1.1468157836991726,1.1468353640663576,1165
2024-10-18 01:00:00,1.1468353640663576,1.1468483451694762,1.145526433875671,1.1457966320827488,7234
2024-10-18 02:00:00,1.1457966320827488,1.1464961354983434,1.1457198693002189,1.146270283825379,306
2024-10-18 03:00:00,1.146270283825379,1.146433267494006,1.1457127276740098,1.1457613762986683,5863
2024-10-18 04:00:00,1.1457613762986683,1.1457777037062122,1.145520929190754,1.1457215237221465,3601
2024-10-18 05:00:00,1.1457215237221465,1.1461957397601312,1.14572091522466,1.145882923722349,5962
2024-10-18 06:00:00,1.145882923722349,1.1466227006449614,1.1457324185897166,1.1463565030606475,6315
2024-10-18 07:00:00,1.1463565030606475,1.1465240008420359,1.1461795195601698,1.1462079119956516,8699
2024-10-18 08:00:00,1.1462079119956516,1.1470107749306184,1.1460719706363252,1.146806022768591,9951
2024-10-18 09:00:00,1.146806022768591,1.1468205839943635,1.1461352782837753,1.146153497085758,2856
2024-10-18 10:00:00,1.146153497085758,1.1462490177284983,1.14610520660075,1.14623499793671,8570
2024-10-18 11:00:00,1.14623499793671,1.1464931751160081,1.1459154973720924,1.1461465554407042,7374
2024-10-18 12:00:00,1.1461465554407042,1.1468756971677105,1.1460409263467635,1.1466194658991509,1989
2024-10-18 13:00:00,1.1466194658991509,1.146761632866851,1.1461552382267903,1.1464542354463114,7922
2024-10-18 14:00:00,1.1464542354463114,1.147578408843343,1.1462839410705608,1.1474049706181906,8342
2024-10-18 15:00:00,1.1474049706181906,1.1474062559806264,1.1468071431106317,1.1469054134894645,5342
2024-10-18 16:00:00,1.1469054134894645,1.147220923358726,1.1465866229709634,1.147175677449203,4626
2024-10-18 17:00:00,1.147175677449203,1.1478886849488896,1.1469509253231391,1.1474904355528834,8615
2024-10-18 17:00:00,1.1474904355528834,1.1475685617969738,1.146954637866834,1.146973822002049,4113
2024-10-18 18:00:00,1.146973822002049,1.1471379559059376,1.1467976916032754,1.1468388868590014,6059
2024-10-18 18:00:00,1.1468388868590014,1.148736432656643,1.1467853493785358,1.1485622320209385,1904
2024-10-18 19:00:00,1.1485622320209385,1.148778032042658,1.1484730524239772,1.1485774765313304,7945
2024-10-18 19:00:00,1.1485774765313304,1.1491762917782342,1.1482730758814832,1.1487851834947764,1544
2024-10-18 20:00:00,1.1487851834947764,1.1488654652199732,1.148628315367682,1.1486847109679947,1878
2024-10-18 20:00:00,1.1486847109679947,1.1495718752819326,1.1482751456520637,1.1495366804710092,2638
2024-10-18 21:00:00,1.1495366804710092,1.1501592004637993,1.1493707020910051,1.149679325022458,7903
2024-10-18 21:00:00,1.149679325022458,1.149806371626829,1.1494259709043773,1.1494561431097343,5436
2024-10-18 22:00:00,1.1494561431097343,1.149793182015896,1.1492391879621302,1.1492604718266792,9866
2024-10-18 22:00:00,1.1492604718266792,1.149647083013385,1.148992360967771,1.1495318450719636,6220
2024-10-18 23:00:00,1.1495318450719636,1.1496651673344052,1.1492618117849058,1.1493502279820667,5629
2024-10-18 23:00:00,1.1493502279820667,1.1494888701475732,1.148792110347376,1.1489663350603028,5731
2024-10-19 00:00:00,1.1489663350603028,1.1502641478100795,1.1486764671090106,1.1500145836554494,7457
2024-10-19 01:00:00,1.1500145836554494,1.150131819382229,1.148567697819284,1.1487910597481548,6040
2024-10-19 02:00:00,1.1487910597481548,1.1490778689202854,1.147950499921753,1.1480110349039487,9254
2024-10-19 03:00:00,1.1480110349039487,1.1488741402955565,1.1475805030858763,1.1486336106425292,1429
2024-10-19 04:00:00,1.1486336106425292,1.1495407186801279,1.1483055675248042,1.1492837129146583,4302
2024-10-19 05:00:00,1.1492837129146583,1.1494458605802627,1.148997904026816,1.149052906721267,5888
2024-10-19 06:00:00,1.149052906721267,1.1491250701576936,1.1483941794639083,1.1485770801073787,1348
2024-10-19 07:00:00,1.1485770801073787,1.149590664045196,1.148495905322238,1.1493886888704379,9845
2024-10-19 08:00:00,1.1493886888704379,1.1497983757978179,1.1491826999256938,1.149672966364367,159
2024-10-19 09:00:00,1.149672966364367,1.1498041315533156,1.149090534259765,1.1491733006074618,6615
2024-10-19 10:00:00,1.1491733006074618,1.1494754137550638,1.148934167819905,1.1494051321418806,3313
2024-10-19 11:00:00,1.1494051321418806,1.1498604183071257,1.1491792054345535,1.1497571012355299,217
2024-10-19 12:00:00,1.1497571012355299,1.150914165556007,1.1497376396720411,1.1508934119060725,6923
2024-10-19 13:00:00,1.1508934119060725,1.1510738353387349,1.1502653887822858,1.1504581228407753,7459
2024-10-19 14:00:00,1.1504581228407753,1.1519162378390713,1.1503194997554094,1.1513438222604466,385
2024-10-19 15:00:00,1.1513438222604466,1.151534144955938,1.1511310621902708,1.1513755281376292,9984
2024-10-19 16:00:00,1.1513755281376292,1.1514927920794122,1.150365767761233,1.1505147599234227,8310
2024-10-19 17:00:00,1.1505147599234227,1.150540539906106,1.1497404961164923,1.1499240407880646,1105
2024-10-19 18:00:00,1.1499240407880646,1.1502675296736242,1.1485750867823914,1.1487781708653868,6845
2024-10-19 19:00:00,1.1487781708653868,1.1488929753341768,1.1481392617336108,1.1483222238408808,3793
2024-10-19 20:00:00,1.1483222238408808,1.1483798932944322,1.1477899434424925,1.1479214145108247,5789
2024-10-19 21:00:00,1.1479214145108247,1.1490651516632737,1.1477165008780277,1.149043161955607,5209
2024-10-19 22:00:00,1.149043161955607,1.1491380729080785,1.1475470005616952,1.1476941078728569,4311
2024-10-19 23:00:00,1.1476941078728569,1.1479065747777244,1.1471320892542913,1.1472154076275922,7307
2024-10-20 00:00:00,1.1472154076275922,1.149351061391964,1.1471474625431541,1.1490356005322697,8412
2024-10-20 01:00:00,1.1490356005322697,1.14922596494288,1.148864935787144,1.1488795721276523,6607
2024-10-20 02:00:00,1.1488795721276523,1.1493531084203847,1.1488620265043927,1.1492972847354346,4866
2024-10-20 03:00:00,1.1492972847354346,1.1500336341959811,1.1489987002501716,1.1497803882901674,3570
2024-10-20 04:00:00,1.1497803882901674,1.1508698786286728,1.1495355062466253,1.1505313297053126,2693
2024-10-20 05:00:00,1.1505313297053126,1.15064145203059,1.1495736556509268,1.1497982252699368,6049
2024-10-20 06:00:00,1.1497982252699368,1.1499072424212191,1.1495120549305147,1.1496710653484765,6573
2024-10-20 07:00:00,1.1496710653484765,1.1506788530775351,1.1495536955015173,1.1505984942289431,5436
2024-10-20 08:00:00,1.1505984942289431,1.1517409810524357,1.1503812829244044,1.151698987271184,4363
2024-10-20 09:00:00,1.151698987271184,1.1518543495769848,1.1513358700032996,1.1515552666920261,2679
2024-10-20 10:00:00,1.1515552666920261,1.1516966086123834,1.1512746474935118,1.1515228898247003,9424
2024-10-20 11:00:00,1.1515228898247003,1.1516782370663496,1.1500817184104941,1.1501423715526096,298
2024-10-20 12:00:00,1.1501423715526096,1.1509731916327532,1.1498063315741454,1.1506370916407178,8284
2024-10-20 13:00:00,1.1506370916407178,1.15088635337457,1.15056994884944,1.1507169123240966,501
2024-10-20 14:00:00,1.1507169123240966,1.1517193179255352,1.1506539266304077,1.1515828949936726,3901
2024-10-20 15:00:00,1.1515828949936726,1.152125211289349,1.1514158226043492,1.1517863461992952,116
2024-10-20 16:00:00,1.1517863461992952,1.1518070182390276,1.1512333147337508,1.151446729376965,4749
2024-10-20 17:00:00,1.151446729376965,1.1516066920570303,1.1506673141138029,1.1507385701237511,3114
2024-10-20 18:00:00,1.1507385701237511,1.1514801704957172,1.150730714194672,1.151253401022341,1144
2024-10-20 19:00:00,1.151253401022341,1.1521548652534879,1.15100790921611,1.1520579300605,5640
2024-10-20 20:00:00,1.1520579300605,1.1524089716101693,1.1518513130504089,1.1521458334320767,9466
2024-10-20 21:00:00,1.1521458334320767,1.1534242100848495,1.1521170570795525,1.1534059221042074,5330
2024-10-20 22:00:00,1.1534059221042074,1.15410827377215,1.1533475976540748,1.153888333764556,9630
2024-10-20 23:00:00,1.153888333764556,1.1540773871804506,1.153101941572027,1.153733759174736,8931
2024-10-21 00:00:00,1.153733759174736,1.154484285822008,1.153343417715459,1.1544042063530608,8147
2024-10-21 01:00:00,1.1544042063530608,1.154563160970507,1.1537101896339632,1.1537767568625938,8749
2024-10-21 02:00:00,1.1537767568625938,1.1540363250825754,1.1531254280310335,1.1533853637414995,9297
2024-10-21 03:00:00,1.1533853637414995,1.155125716722772,1.1529900448775003,1.154955256922952,9367
2024-10-21 04:00:00,1.154955256922952,1.1551181317141894,1.1548069821444564,1.1550547483167917,7540
2024-10-21 05:00:00,1.1550547483167917,1.1551135565342245,1.1547672770154833,1.1549380417305504,905
2024-10-21 06:00:00,1.1549380417305504,1.155048597874044,1.1542339355357223,1.1546331694799106,9154
2024-10-21 07:00:00,1.1546331694799106,1.1549673320321956,1.1539182545109388,1.154276865047982,3983
2024-10-21 08:00:00,1.154276865047982,1.1546027036853213,1.1534230012091415,1.1536929974325458,7287
2024-10-21 09:00:00,1.1536929974325458,1.1546238673042224,1.1535447810994477,1.1545759955177488,9746
2024-10-21 10:00:00,1.1545759955177488,1.155231292618409,1.1545732548405083,1.1549515003315456,2728
2024-10-21 11:00:00,1.1549515003315456,1.1550611060539633,1.154625795569366,1.1547621257274798,9485
2024-10-21 12:00:00,1.1547621257274798,1.1555492335823938,1.1546805672520777,1.155404570066616,8618
2024-10-21 13:00:00,1.155404570066616,1.1561727132827517,1.1550690123539984,1.1560446763538004,7486
2024-10-21 14:00:00,1.1560446763538004,1.1562667672600002,1.155807353273841,1.1560329405058398,7029
2024-10-21 15:00:00,1.1560329405058398,1.1572338679466896,1.1558508070882825,1.1568279575084495,1993
2024-10-21 16:00:00,1.1568279575084495,1.1569809190764793,1.156383623746514,1.156563537949291,4460
2024-10-21 17:00:00,1.156563537949291,1.156596522236876,1.156390054602435,1.1565312774685712,421
2024-10-21 18:00:00,1.1565312774685712,1.1570859130918205,1.1560804059339502,1.1570279053830428,2463
2024-10-21 19:00:00,1.1570279053830428,1.1572701783346975,1.1568065095634492,1.1572079410353566,4303
2024-10-21 20:00:00,1.1572079410353566,1.1573924725969569,1.1557631624717493,1.156004768549373,1928
2024-10-21 21:00:00,1.156004768549373,1.156275876267479,1.155867264064874,1.1562156869465072,5968
2024-10-21 22:00:00,1.1562156869465072,1.1566000802503091,1.1561051329438619,1.156463454401297,3680
2024-10-21 23:00:00,1.156463454401297,1.1565493366680135,1.155173045990193,1.1555202037762806,2688
2024-10-22 00:00:00,1.1555202037762806,1.1566491528406726,1.1551565825347023,1.15642735666961,6818
2024-10-22 01:00:00,1.15642735666961,1.1567914655345517,1.1563264366452801,1.1565269924833408,1650
2024-10-22 02:00:00,1.1565269924833408,1.1575913715416435,1.1562645678415056,1.1575857019001516,337
2024-10-22 03:00:00,1.1575857019001516,1.15798994314436,1.1574320888926655,1.1579466919772254,9324
2024-10-22 04:00:00,1.1579466919772254,1.1580581861897001,1.157310065972584,1.157559538567122,220
2024-10-22 05:00:00,1.157559538567122,1.1577397244108152,1.157400717177112,1.1574776154870103,4508
2024-10-22 06:00:00,1.1574776154870103,1.1576975128634255,1.1558244163042966,1.1558803995128166,283
2024-10-22 07:00:00,1.1558803995128166,1.156062284172098,1.154614878947264,1.1546383382217098,5457
2024-10-22 08:00:00,1.1546383382217098,1.1550689364301794,1.1546379999574528,1.1547580122054242,1893
2024-10-22 09:00:00,1.1547580122054242,1.1548510576606885,1.1546519403856257,1.1547013636658066,429
2024-10-22 10:00:00,1.1547013636658066,1.1568154390508676,1.1542707934854382,1.1564343243350947,5017
2024-10-22 11:00:00,1.1564343243350947,1.1577843747411003,1.156366160416683,1.15772817984418,9334
2024-10-22 12:00:00,1.15772817984418,1.1582370107682658,1.1575021709702922,1.1577096238481472,1403
2024-10-22 13:00:00,1.1577096238481472,1.157880945740986,1.157685268022655,1.157728748382924,7575
2024-10-22 14:00:00,1.157728748382924,1.1586512806093583,1.1576921005637641,1.158604682875862,7481
2024-10-22 15:00:00,1.158604682875862,1.1593926111759085,1.1583502664050014,1.1591343750690744,9644
2024-10-22 16:00:00,1.1591343750690744,1.1592135210238166,1.1580239036977582,1.1581879431468334,5938
2024-10-22 17:00:00,1.1581879431468334,1.1582119876335404,1.1579918229661073,1.15808278737644,2847
2024-10-22 18:00:00,1.15808278737644,1.1585849360705496,1.1578341324197128,1.1580573731480615,4211
2024-10-22 19:00:00,1.1580573731480615,1.1588312787386323,1.1577788989915994,1.1584886982085703,6680
2024-10-22 20:00:00,1.1584886982085703,1.1597126762431396,1.1583260407173668,1.1594750524318083,105
2024-10-22 21:00:00,1.1594750524318083,1.1601274408291515,1.1593881870276694,1.1600595211074352,6524
2024-10-22 22:00:00,1.1600595211074352,1.1607197456476104,1.1599808938307308,1.160700793432438,3858
2024-10-22 23:00:00,1.160700793432438,1.1608651583241636,1.1602510542523854,1.1605316175096998,5646
2024-10-23 00:00:00,1.1605316175096998,1.1620295880536293,1.1604523108938438,1.1613440730332782,7748
2024-10-23 01:00:00,1.1613440730332782,1.161510552274945,1.160746122396674,1.160921380203586,1763
2024-10-23 02:00:00,1.160921380203586,1.1609520706503615,1.1608359332266227,1.160922295140748,5980
2024-10-23 03:00:00,1.160922295140748,1.1621039048200672,1.1607989704129145,1.1617557091684718,9861
2024-10-23 04:00:00,1.1617557091684718,1.162161620126156,1.1616040686176872,1.1616266443704177,485
2024-10-23 05:00:00,1.1616266443704177,1.161812149888025,1.1606775690309985,1.1608071414183974,5751
2024-10-23 06:00:00,1.1608071414183974,1.1608211809767022,1.1605088610972187,1.1606360382767955,4957
2024-10-23 07:00:00,1.1606360382767955,1.1608411635323572,1.1600869457229388,1.1601851465179636,7539
2024-10-23 08:00:00,1.1601851465179636,1.1605076005422903,1.1599001441277543,1.1600782058452326,3073
2024-10-23 09:00:00,1.1600782058452326,1.160209484322753,1.1597593592762716,1.1599970830194375,6714
2024-10-23 10:00:00,1.1599970830194375,1.1602101353202896,1.1591635936368982,1.1593565750879802,9558
2024-10-23 11:00:00,1.1593565750879802,1.1607870750997986,1.1591998267919474,1.1605904470542396,7260
2024-10-23 12:00:00,1.1605904470542396,1.160670865106123,1.1602398561672085,1.1602782214580858,314
2024-10-23 13:00:00,1.1602782214580858,1.1609636828636967,1.1600956287848248,1.1608529505739729,3926
2024-10-23 14:00:00,1.1608529505739729,1.1621829981944736,1.160774747407004,1.1621212409225083,6320
2024-10-23 15:00:00,1.1621212409225083,1.1624908731805148,1.162036112819931,1.1623362421480432,8436
2024-10-23 16:00:00,1.1623362421480432,1.163261612201193,1.162335840362014,1.1629059565809419,936
2024-10-23 17:00:00,1.1629059565809419,1.1632722069460644,1.1628738062809825,1.1632380296937075,4700
2024-10-23 18:00:00,1.1632380296937075,1.1634346571139687,1.1619825040612493,1.1622093783819132,9637
2024-10-23 19:00:00,1.1622093783819132,1.1625267802378885,1.1618484382428447,1.1618643671857465,1881
2024-10-23 20:00:00,1.1618643671857465,1.1623854048940487,1.161783229280335,1.161954110060527,4658
2024-10-23 21:00:00,1.161954110060527,1.1623016203110845,1.1619448242085142,1.1619870844973683,2298
2024-10-23 22:00:00,1.1619870844973683,1.1632315316308137,1.1619829571892968,1.1632099760995822,3086
2024-10-23 23:00:00,1.1632099760995822,1.1633650307019143,1.1630327828583726,1.1630991468688707,1313
2024-10-24 00:00:00,1.1630991468688707,1.1635257720841747,1.1617473032860215,1.1618225555676327,3529
2024-10-24 01:00:00,1.1618225555676327,1.1621713220204695,1.1611076029841936,1.1612134776981367,7372
2024-10-24 02:00:00,1.1612134776981367,1.1626421297053944,1.1611098775615882,1.1625007595082588,468
2024-10-24 03:00:00,1.1625007595082588,1.162678556983337,1.1624499864826685,1.1626658098392237,8463
2024-10-24 04:00:00,1.1626658098392237,1.16282815351908,1.1621786905966376,1.1623542396551936,9011
2024-10-24 05:00:00,1.1623542396551936,1.1625396943388726,1.1619402002631358,1.1623334928755968,7589
2024-10-24 06:00:00,1.1623334928755968,1.1624759550621309,1.1613905923298558,1.1616212930443641,7875
2024-10-24 07:00:00,1.1616212930443641,1.162503136714604,1.1612251667786553,1.162491301875685,6813
2024-10-24 08:00:00,1.162491301875685,1.1628167996661254,1.1624738482079258,1.1625569818591404,5339
2024-10-24 09:00:00,1.1625569818591404,1.1625621582115793,1.1621652220234195,1.1622595128660511,3427
2024-10-24 10:00:00,1.1622595128660511,1.1624765522651546,1.1621537779472566,1.1623819985714772,1545
2024-10-24 11:00:00,1.1623819985714772,1.1626705299252476,1.1613341353572244,1.1615253286624658,8447
2024-10-24 12:00:00,1.1615253286624658,1.1627796879777712,1.1614661662753842,1.1626864243663366,4908
2024-10-24 13:00:00,1.1626864243663366,1.1630278471388107,1.1626678295349184,1.1629700134897645,3773
2024-10-24 14:00:00,1.1629700134897645,1.1633383365407837,1.1629512792832963,1.1632071930965693,1981
2024-10-24 15:00:00,1.1632071930965693,1.1636969031899378,1.162861193538306,1.1633675929058132,7712
2024-10-24 16:00:00,1.1633675929058132,1.1634215497855809,1.1629955761904665,1.1630481261004966,1626
2024-10-24 17:00:00,1.1630481261004966,1.1636322702127493,1.1629223642724749,1.1635204137170594,3496
2024-10-24 18:00:00,1.1635204137170594,1.163658485841975,1.1632555915348923,1.1633857983065488,4130
2024-10-24 19:00:00,1.1633857983065488,1.1643848564094188,1.163185426867738,1.1641194910624648,7092
2024-10-24 20:00:00,1.1641194910624648,1.1656645491921382,1.1639474184426042,1.165571589126275,1917
2024-10-24 21:00:00,1.165571589126275,1.165768773119425,1.1653166796655523,1.165438011557095,8794
2024-10-24 22:00:00,1.165438011557095,1.1654410827045982,1.164469385594519,1.1645565933630029,5885
2024-10-24 23:00:00,1.1645565933630029,1.1647058278443372,1.1628185690649289,1.1629263791306812,8280
2024-10-25 00:00:00,1.1629263791306812,1.163275027686366,1.162858152686429,1.1630981099891624,556
2024-10-25 01:00:00,1.1630981099891624,1.1631467242994054,1.161115917574486,1.1612251278505055,4887
2024-10-25 02:00:00,1.1612251278505055,1.162208025629238,1.1611154848367664,1.161877878567238,5214
2024-10-25 03:00:00,1.161877878567238,1.1623585338227105,1.161837068477813,1.1620821898778844,5324
2024-10-25 04:00:00,1.1620821898778844,1.1622954571464148,1.1620653811954988,1.1622124146177883,9900
2024-10-25 05:00:00,1.1622124146177883,1.1622789435070775,1.1621166851470517,1.162189981172337,7127
2024-10-25 06:00:00,1.162189981172337,1.1624981145985753,1.1603646075030598,1.1608307401986673,9257
2024-10-25 07:00:00,1.1608307401986673,1.1608797309152592,1.1605342432900152,1.1605848149391949,8548
2024-10-25 08:00:00,1.1605848149391949,1.1607141552406282,1.1603275288465826,1.1607074964390018,1257
2024-10-25 09:00:00,1.1607074964390018,1.1608447594000106,1.1594061132956122,1.1594514261507478,1051
2024-10-25 10:00:00,1.1594514261507478,1.159598066885196,1.158068865407461,1.1581991858584506,7552
2024-10-25 11:00:00,1.1581991858584506,1.1584218038639766,1.1581666300904332,1.1581772263984125,8912
2024-10-25 12:00:00,1.1581772263984125,1.1584294765146923,1.156793675107516,1.1571638422601425,4621
2024-10-25 13:00:00,1.1571638422601425,1.1582472435750062,1.1570841996844572,1.1580839916311296,948
2024-10-25 14:00:00,1.1580839916311296,1.1585336178043424,1.1575932082935145,1.157600609629568,6990
2024-10-25 15:00:00,1.157600609629568,1.1576046258353436,1.1571223465749791,1.1571348204710201,3213
2024-10-25 16:00:00,1.1571348204710201,1.1574826325889653,1.1569555647593455,1.157336512033143,1883
2024-10-25 17:00:00,1.157336512033143,1.1576428180745697,1.1572032603250928,1.15746367715445,9073
2024-10-25 17:00:00,1.15746367715445,1.1574682304886938,1.1569415433374133,1.1569999541434632,4065
2024-10-25 18:00:00,1.1569999541434632,1.1588203599401934,1.1567736967221915,1.1585044164467038,6087
2024-10-25 18:00:00,1.1585044164467038,1.1588524617629439,1.1582073519917997,1.1583815407019327,5392
2024-10-25 19:00:00,1.1583815407019327,1.1587450259942083,1.1579754856716633,1.1586698619290605,388
2024-10-25 19:00:00,1.1586698619290605,1.1596783474608299,1.158595549147789,1.1593231958028687,2039
2024-10-25 20:00:00,1.1593231958028687,1.1607964855287265,1.1591672097339465,1.160695785714555,3511
2024-10-25 20:00:00,1.160695785714555,1.1619318191642054,1.1606886133838874,1.161674803646406,422
2024-10-25 21:00:00,1.161674803646406,1.1617296109280941,1.1615880604124307,1.1616966908965594,7950
2024-10-25 21:00:00,1.1616966908965594,1.1618488656327488,1.1608131159714745,1.1612236274781098,2882
2024-10-25 22:00:00,1.1612236274781098,1.1612756018309944,1.1605387795970967,1.1607317595709021,964
2024-10-25 22:00:00,1.1607317595709021,1.1621054821432268,1.1606867053092786,1.161959889770281,4653
2024-10-25 23:00:00,1.161959889770281,1.1622236419652487,1.1617982834241682,1.1618136489643704,8155
2024-10-25 23:00:00,1.1618136489643704,1.1621293289697099,1.160616617257403,1.1606622850147417,471
2024-10-26 00:00:00,1.1606622850147417,1.1609147917354405,1.160607331956274,1.1608341851425137,5437
2024-10-26 01:00:00,1.1608341851425137,1.1612665407343938,1.1603830817459264,1.1611050896488067,2097
2024-10-26 02:00:00,1.1611050896488067,1.1617600894747535,1.1610292530516935,1.1614425781252178,7915
2024-10-26 03:00:00,1.1614425781252178,1.1615497766714913,1.160919075196695,1.160940572140226,2963
2024-10-26 04:00:00,1.160940572140226,1.161665751451094,1.1605403675924542,1.1615632963827784,7637
2024-10-26 05:00:00,1.1615632963827784,1.1622244556710442,1.1614763314585634,1.1622169435775602,5694
2024-10-26 06:00:00,1.1622169435775602,1.1623052506433942,1.16172006175181,1.1617919655281166,4420
2024-10-26 07:00:00,1.1617919655281166,1.1620952351074203,1.1616198170430692,1.1620833001424435,5560
2024-10-26 08:00:00,1.1620833001424435,1.1627981051711516,1.1619519379376484,1.162428585659748,8154
2024-10-26 09:00:00,1.162428585659748,1.1625577518976198,1.1623356274719263,1.1624867056922488,2631
2024-10-26 10:00:00,1.1624867056922488,1.1626123549057796,1.1623269525695392,1.1624184828066508,4543
2024-10-26 11:00:00,1.1624184828066508,1.1629296840199699,1.162241254820048,1.1624406242269456,4894
2024-10-26 12:00:00,1.1624406242269456,1.163420869465126,1.1623876014258694,1.163257136117686,1497
2024-10-26 13:00:00,1.163257136117686,1.163463688427693,1.1632547004179545,1.1633233706578356,8704
2024-10-26 14:00:00,1.1633233706578356,1.1637867453032114,1.1631007460075613,1.1636723715354604,1541
2024-10-26 15:00:00,1.1636723715354604,1.1644386712529018,1.1635868522715722,1.1643062168033635,2980
2024-10-26 16:00:00,1.1643062168033635,1.1657321249895352,1.1638378573145898,1.165356841420054,7159
2024-10-26 17:00:00,1.165356841420054,1.16611580816305,1.165299318557679,1.165898559505692,4477
2024-10-26 18:00:00,1.165898559505692,1.1660881805745167,1.1647637946394604,1.1648104628134,1366
2024-10-26 19:00:00,1.1648104628134,1.1649417508555466,1.1647588636540416,1.1648629413984672,4394
2024-10-26 20:00:00,1.1648629413984672,1.1660845939105224,1.1644979635680826,1.166040886259722,2937
2024-10-26 21:00:00,1.166040886259722,1.1663828515017534,1.1659254286896015,1.1661306098506306,9746
2024-10-26 22:00:00,1.1661306098506306,1.1671855410081664,1.166084833008853,1.166807069643265,4422
2024-10-26 23:00:00,1.166807069643265,1.1669244753245236,1.1652619398441926,1.1652918736263775,9298
2024-10-27 00:00:00,1.1652918736263775,1.1663766788312906,1.1652175311739443,1.1661408138716012,9511
2024-10-27 01:00:00,1.1661408138716012,1.166194672916775,1.1657586295939169,1.1661031782588478,4928
2024-10-27 02:00:00,1.1661031782588478,1.1667218233938368,1.165171549221145,1.165299678085147,3016
2024-10-27 03:00:00,1.165299678085147,1.1654194612860411,1.1646408187169695,1.164749557325592,327
2024-10-27 04:00:00,1.164749557325592,1.165663290943955,1.1646652054025537,1.165601498649788,2485
2024-10-27 05:00:00,1.165601498649788,1.166540600721198,1.1651237038349174,1.1663316612875243,4805
2024-10-27 06:00:00,1.1663316612875243,1.1663368189890218,1.16570396685137,1.1658467308930391,9842
2024-10-27 07:00:00,1.1658467308930391,1.166647098102224,1.1658276243116241,1.1665419571411635,2017
2024-10-27 08:00:00,1.1665419571411635,1.1665559760502366,1.1663011847081362,1.1663255761128113,213
2024-10-27 09:00:00,1.1663255761128113,1.1668352290207433,1.1663129720651515,1.166671721195108,2251
2024-10-27 10:00:00,1.166671721195108,1.1668711087392685,1.1659846567236962,1.1662196523821506,527
2024-10-27 11:00:00,1.1662196523821506,1.1663732123054995,1.1653465701773023,1.1653529192321848,4698
2024-10-27 12:00:00,1.1653529192321848,1.1654908891177165,1.1645658025411876,1.1647997362417786,6220
2024-10-27 13:00:00,1.1647997362417786,1.1649101276447353,1.1642270821514134,1.164565873739337,3478
2024-10-27 14:00:00,1.164565873739337,1.165107603616232,1.164441871024406,1.1650774153453916,9508
2024-10-27 15:00:00,1.1650774153453916,1.1656404961912492,1.1650461142546227,1.1654190650094163,2044
2024-10-27 16:00:00,1.1654190650094163,1.16732395390851,1.1653837550676196,1.167096045768962,1056
2024-10-27 17:00:00,1.167096045768962,1.1674903053419559,1.1669366424279952,1.1673529306581614,8436
2024-10-27 18:00:00,1.1673529306581614,1.1674522941512586,1.1668984265226627,1.1670176074238356,8900
2024-10-27 19:00:00,1.1670176074238356,1.1670710209634652,1.1668279840987215,1.166960694427589,5783
2024-10-27 20:00:00,1.166960694427589,1.1671291271803792,1.165846699625473,1.1660946163352037,7988
2024-10-27 21:00:00,1.1660946163352037,1.1662903950064456,1.1658432662356943,1.166179619826259,6792
2024-10-27 22:00:00,1.166179619826259,1.1666109935137376,1.1661731086074147,1.1666071792335868,2382
2024-10-27 23:00:00,1.1666071792335868,1.166640636569017,1.1649014591315867,1.164936038418615,6191
2024-10-28 00:00:00,1.164936038418615,1.1657602063109553,1.1648323190717234,1.1654060678105354,5839
2024-10-28 01:00:00,1.1654060678105354,1.1659510368213932,1.1653774912159778,1.165737663703865,2442
2024-10-28 02:00:00,1.165737663703865,1.1663513753285502,1.165651909265838,1.1661622277044756,8791
2024-10-28 03:00:00,1.1661622277044756,1.1665608241284446,1.1659696355932412,1.166048334607942,2833
2024-10-28 04:00:00,1.166048334607942,1.1663883305692668,1.1658630561887553,1.16587756551181,5337
2024-10-28 05:00:00,1.16587756551181,1.1664764228979427,1.1655922660572664,1.1663961303981016,4539
2024-10-28 06:00:00,1.1663961303981016,1.1674071662937553,1.166092403788301,1.1673731449980238,5972
2024-10-28 07:00:00,1.1673731449980238,1.1675436113203106,1.1668669057157794,1.16691659636837,146
2024-10-28 08:00:00,1.16691659636837,1.1686216787701373,1.1667607095539652,1.1685729027977712,6147
2024-10-28 09:00:00,1.1685729027977712,1.1689824750222093,1.168390337165554,1.1686700817030202,6606
2024-10-28 10:00:00,1.1686700817030202,1.1687460504827916,1.168443231162389,1.168704293131444,7600
2024-10-28 11:00:00,1.168704293131444,1.1688577959118842,1.1672771080696027,1.1675181770634881,4809
2024-10-28 12:00:00,1.1675181770634881,1.1675205787108156,1.1668517271006673,1.1669096977416427,7247
2024-10-28 13:00:00,1.1669096977416427,1.166949747760276,1.1662948467954326,1.166522612043387,7963
2024-10-28 14:00:00,1.166522612043387,1.1678411094593266,1.1664810196418083,1.1677114533041562,1287
2024-10-28 15:00:00,1.1677114533041562,1.167778031150029,1.1674636674460026,1.1676774964188052,7128
2024-10-28 16:00:00,1.1676774964188052,1.1680018714164904,1.167487324227252,1.1677317173903796,4365
2024-10-28 17:00:00,1.1677317173903796,1.167756451304696,1.1675250949601546,1.1676483060958809,693
2024-10-28 18:00:00,1.1676483060958809,1.1676617671568128,1.1675224305776362,1.1676088693583353,9962
2024-10-28 19:00:00,1.1676088693583353,1.1688146372473376,1.167558880640083,1.1686775299213725,2970
2024-10-28 20:00:00,1.1686775299213725,1.1688406847920496,1.1679561228615385,1.1680992993534658,611
2024-10-28 21:00:00,1.1680992993534658,1.1686238437467988,1.1680668325162606,1.1684651550876999,5551
2024-10-28 22:00:00,1.1684651550876999,1.1684990880119002,1.1678650881123798,1.1678695328051198,5422
2024-10-28 23:00:00,1.1678695328051198,1.1679392320556055,1.167820557473576,1.1678679230821365,9435
2024-10-29 00:00:00,1.1678679230821365,1.1679889041267677,1.1674850553523413,1.1675361359323304,2176
2024-10-29 01:00:00,1.1675361359323304,1.1675843766730256,1.165857859973129,1.16598155911014,3110
2024-10-29 02:00:00,1.16598155911014,1.1667683146704584,1.1657739809271863,1.1666809497270199,3845
2024-10-29 03:00:00,1.1666809497270199,1.166695908179657,1.1658110517258065,1.165935452129652,8121
2024-10-29 04:00:00,1.165935452129652,1.1664460130607688,1.165749220249302,1.1661863390598795,658
2024-10-29 05:00:00,1.1661863390598795,1.1681680262823262,1.1659571049696944,1.168149075653063,6343
2024-10-29 06:00:00,1.168149075653063,1.168315139708602,1.1678919876733613,1.1682799440423106,1859
2024-10-29 07:00:00,1.1682799440423106,1.1683357565440478,1.1658656903564952,1.1661317536417024,6300
2024-10-29 08:00:00,1.1661317536417024,1.166604387570764,1.1660642978477962,1.1665135992613196,3805
2024-10-29 09:00:00,1.1665135992613196,1.1665161960271002,1.1661954952154658,1.166275487485377,6726
2024-10-29 10:00:00,1.166275487485377,1.1669970409598849,1.16609118409151,1.166893723965971,5364
2024-10-29 11:00:00,1.166893723965971,1.1669800512527881,1.1657944690943196,1.1659837277436855,7109
2024-10-29 12:00:00,1.1659837277436855,1.166514840725097,1.1657760984044816,1.1663053591150137,3325
2024-10-29 13:00:00,1.1663053591150137,1.1666118351948076,1.1656217651682248,1.1657092918542393,1504
2024-10-29 14:00:00,1.1657092918542393,1.1658967059111112,1.165625590013946,1.1656256621590175,2797
2024-10-29 15:00:00,1.1656256621590175,1.166073627565133,1.165434799157334,1.1654729781768571,6282
2024-10-29 16:00:00,1.1654729781768571,1.165497444387305,1.1650317641734793,1.1650844224230936,8044
2024-10-29 17:00:00,1.1650844224230936,1.1659067778491228,1.164751262962543,1.1658130089182543,5746
2024-10-29 18:00:00,1.1658130089182543,1.1659489267464525,1.1657297228181733,1.1658522277709382,2260
2024-10-29 19:00:00,1.1658522277709382,1.1659146247851748,1.165261756907424,1.165302923334137,750
2024-10-29 20:00:00,1.165302923334137,1.1654340038387352,1.1651544073358868,1.1651858894973974,5697
2024-10-29 21:00:00,1.1651858894973974,1.1658236630751109,1.1650768886455038,1.1656639169726786,5625
2024-10-29 22:00:00,1.1656639169726786,1.165825435958202,1.1647321652517477,1.1648616239422647,8225
2024-10-29 23:00:00,1.1648616239422647,1.1649928389353619,1.1646448195053154,1.1646994486175295,7419
2024-10-30 00:00:00,1.1646994486175295,1.165326602994014,1.1646306797719737,1.1652751704051798,6151
2024-10-30 01:00:00,1.1652751704051798,1.1660368688872638,1.1650112897612794,1.1658761140227143,4597
2024-10-30 02:00:00,1.1658761140227143,1.1663064222354533,1.1657482743984007,1.1658142326346497,3435
2024-10-30 03:00:00,1.1658142326346497,1.1659136297785744,1.1653897378076064,1.1654044923803524,3954
2024-10-30 04:00:00,1.1654044923803524,1.1657882751879995,1.1653363017117786,1.1656175555571475,1712
2024-10-30 05:00:00,1.1656175555571475,1.1657625154158413,1.1654045567376832,1.1657054165751841,4167
2024-10-30 06:00:00,1.1657054165751841,1.1660247077274701,1.1655371065188793,1.1658080641778488,4576
2024-10-30 07:00:00,1.1658080641778488,1.166573120850517,1.165657470675408,1.1663524398933214,4826
2024-10-30 08:00:00,1.1663524398933214,1.166497597746288,1.1659877982539293,1.1660165097556656,2376
2024-10-30 09:00:00,1.1660165097556656,1.166413778904768,1.1654468909477893,1.1655995316716445,3986
2024-10-30 10:00:00,1.1655995316716445,1.1657299006891648,1.1653376437121554,1.1656723781792018,5749
2024-10-30 11:00:00,1.1656723781792018,1.1658700893257041,1.164622761381651,1.1648834741085239,7750
2024-10-30 12:00:00,1.1648834741085239,1.1649987760990752,1.1637278751070346,1.1637575635028035,5687
2024-10-30 13:00:00,1.1637575635028035,1.1641222875847932,1.1632358704131476,1.1638121278617821,3853
2024-10-30 14:00:00,1.1638121278617821,1.16405184451357,1.1635553171819726,1.1640405957644453,9411
2024-10-30 15:00:00,1.1640405957644453,1.164282960969129,1.163838736405844,1.16416042056703,776
2024-10-30 16:00:00,1.16416042056703,1.1660796996567686,1.164025310158905,1.1659605624115466,3154
2024-10-30 17:00:00,1.1659605624115466,1.1669158221230427,1.1658754509398166,1.1667562005804257,1363
2024-10-30 18:00:00,1.1667562005804257,1.167170380132236,1.1665709018118504,1.1669831280577483,7103
2024-10-30 19:00:00,1.1669831280577483,1.1674126379456022,1.1668249234500094,1.1673019676034337,3444
2024-10-30 20:00:00,1.1673019676034337,1.1680411053814133,1.167152127840128,1.1679150581416682,2738
2024-10-30 21:00:00,1.1679150581416682,1.1679723698530073,1.1673634620906295,1.167785180167301,6047
2024-10-30 22:00:00,1.167785180167301,1.1680670734024372,1.1676892532540508,1.1680142765430537,1181
2024-10-30 23:00:00,1.1680142765430537,1.168167964042533,1.1675887756356589,1.1676489949245468,7714
2024-10-31 00:00:00,1.1676489949245468,1.1677485342858063,1.1671516462041238,1.1671960547178502,6507
2024-10-31 01:00:00,1.1671960547178502,1.1672434553582478,1.1663254021882354,1.1665443467650833,9519
2024-10-31 02:00:00,1.1665443467650833,1.1668556989383068,1.166129186759685,1.1663493789493575,1580
2024-10-31 03:00:00,1.1663493789493575,1.1671556425516874,1.16610647354314,1.1668897963407814,6781
2024-10-31 04:00:00,1.1668897963407814,1.1669762469081324,1.166591124903005,1.166918179381084,2001
2024-10-31 05:00:00,1.166918179381084,1.1670226218263866,1.1666756053801723,1.1668699529826767,521
2024-10-31 06:00:00,1.1668699529826767,1.1677135511464438,1.1666933480711035,1.167708924442627,3220
2024-10-31 07:00:00,1.167708924442627,1.1677741830875081,1.16728141078318,1.167286183786825,2590
2024-10-31 08:00:00,1.167286183786825,1.1675765152471287,1.1662477369762478,1.16646624260861,4216
2024-10-31 09:00:00,1.16646624260861,1.166998614497425,1.1651707006276395,1.1652636710238136,496
2024-10-31 10:00:00,1.1652636710238136,1.165309198903663,1.1650116889256388,1.1651397789207847,6598
2024-10-31 11:00:00,1.1651397789207847,1.1652847299384317,1.1647136501970978,1.164793037118502,9404
2024-10-31 12:00:00,1.164793037118502,1.1653150270026915,1.1645092903358767,1.164659921658054,3075
2024-10-31 13:00:00,1.164659921658054,1.1647974223150814,1.162927355184341,1.1630642273142626,1912
2024-10-31 14:00:00,1.1630642273142626,1.1634407391412476,1.1628834010394642,1.163320450649019,7793
2024-10-31 15:00:00,1.163320450649019,1.1634002262002605,1.1624764571286559,1.1627426473158204,2626
2024-10-31 16:00:00,1.1627426473158204,1.1628953320784172,1.162301116053276,1.162517036316983,106
2024-10-31 17:00:00,1.162517036316983,1.1627021891249132,1.1623977973492643,1.1624092944991065,4935
2024-10-31 18:00:00,1.1624092944991065,1.1639633546592099,1.1622411483842001,1.1639463085688628,8390
2024-10-31 19:00:00,1.1639463085688628,1.1646882568798058,1.1639184553695878,1.1642790037935364,1590
2024-10-31 20:00:00,1.1642790037935364,1.164326239373191,1.162858369952048,1.1631305159213765,4325
2024-10-31 21:00:00,1.1631305159213765,1.1634518466200918,1.1630543766153305,1.1633706033687756,5285
2024-10-31 22:00:00,1.1633706033687756,1.1636339429816787,1.162870118030885,1.163035944067591,4914
2024-10-31 23:00:00,1.163035944067591,1.1636675587528282,1.1625563861135781,1.1626780346460797,3315
2024-11-01 00:00:00,1.1626780346460797,1.1637808398009948,1.1625833199386133,1.1636137610277977,2415
2024-11-01 01:00:00,1.1636137610277977,1.1636853339390663,1.1633078715954093,1.163329540313888,6727
2024-11-01 02:00:00,1.163329540313888,1.1637844104568773,1.1631415537996581,1.1636317775983318,9785
2024-11-01 03:00:00,1.1636317775983318,1.1640032549795094,1.1617478780524362,1.1617956669633647,9279
2024-11-01 04:00:00,1.1617956669633647,1.1621446774904258,1.161698560968072,1.1621032285580657,6553
2024-11-01 05:00:00,1.1621032285580657,1.1626469389276488,1.1620245034751373,1.16254733941647,6926
2024-11-01 06:00:00,1.16254733941647,1.1639056843126574,1.1619971497097656,1.1637922981196012,4697
2024-11-01 07:00:00,1.1637922981196012,1.1638214120156891,1.1628093100273253,1.1631123153041463,2151
2024-11-01 08:00:00,1.1631123153041463,1.1634744258302834,1.163088071694002,1.1631866013324017,4655
2024-11-01 09:00:00,1.1631866013324017,1.1633108482053882,1.1628298637183707,1.162989189814238,8056
2024-11-01 10:00:00,1.162989189814238,1.1631354145894301,1.1629665280335149,1.1630993673123382,6650
2024-11-01 11:00:00,1.1630993673123382,1.1633574647062495,1.162752538480898,1.163060997876507,2317
2024-11-01 12:00:00,1.163060997876507,1.1638062667728268,1.1629391097507058,1.1637086041303322,7102
2024-11-01 13:00:00,1.1637086041303322,1.1638646688483927,1.1623097844348107,1.1623373648580326,8899
2024-11-01 14:00:00,1.1623373648580326,1.162514045981251,1.1622374538125586,1.1623434007850995,5853
2024-11-01 15:00:00,1.1623434007850995,1.16277513992591,1.162297571216505,1.162499368251251,9588
2024-11-01 16:00:00,1.162499368251251,1.1629016664737688,1.1617226623739683,1.161914223660995,6425
2024-11-01 17:00:00,1.161914223660995,1.1629762448337708,1.1617740787454511,1.1629042418618056,2494
2024-11-01 17:00:00,1.1629042418618056,1.1635104444480924,1.1624894999755078,1.1633714896138283,2009
2024-11-01 18:00:00,1.1633714896138283,1.163384817614262,1.1630139626920442,1.1630622740508851,969
2024-11-01 18:00:00,1.1630622740508851,1.1638220455091317,1.1627880352516518,1.1637402319423926,2777
2024-11-01 19:00:00,1.1637402319423926,1.1652819278876083,1.1636498409514882,1.1652374096908076,6583
2024-11-01 19:00:00,1.1652374096908076,1.1653242568786477,1.1644744293926732,1.1644800670493607,8543
2024-11-01 20:00:00,1.1644800670493607,1.164563259924628,1.163648507027026,1.1636632861370466,3996
2024-11-01 20:00:00,1.1636632861370466,1.1637535653275297,1.1634887148880138,1.163568979162759,198
2024-11-01 21:00:00,1.163568979162759,1.1650533060306998,1.1634016107262692,1.164652187417976,1412
2024-11-01 21:00:00,1.164652187417976,1.1648080055897236,1.1643305971390652,1.1644542001535396,5757
2024-11-01 22:00:00,1.1644542001535396,1.16531050936773,1.164415677270788,1.1650553237771744,4795
2024-11-01 22:00:00,1.1650553237771744,1.1654232440194132,1.1648921219441328,1.1654197125303771,3963
2024-11-01 23:00:00,1.1654197125303771,1.165586276406354,1.1647575429495536,1.165112926714519,5268
2024-11-01 23:00:00,1.165112926714519,1.1661717943356564,1.1650552606598883,1.165612824247976,684
2024-11-02 00:00:00,1.165612824247976,1.1656554908312162,1.165150555070356,1.1653784465192665,6953
2024-11-02 01:00:00,1.1653784465192665,1.1656030760972929,1.1644193729738772,1.1646606331145075,6658
2024-11-02 02:00:00,1.1646606331145075,1.1655655922378276,1.1644585265610998,1.165414043574338,9331
2024-11-02 03:00:00,1.165414043574338,1.1657066649188998,1.1651945047221497,1.1656444984730767,4304
2024-11-02 04:00:00,1.1656444984730767,1.1663090697996854,1.165151923680043,1.1662050605008467,4282
2024-11-02 05:00:00,1.1662050605008467,1.1666088485292907,1.1659942302215285,1.1665940411280378,5928
2024-11-02 06:00:00,1.1665940411280378,1.1685507880957198,1.1661578771042844,1.1685341454884655,8948
2024-11-02 07:00:00,1.1685341454884655,1.1689436722384272,1.1684544167941062,1.1687623817303232,6252
2024-11-02 08:00:00,1.1687623817303232,1.1689438159172214,1.1684646875642986,1.168781753085782,9661
2024-11-02 09:00:00,1.168781753085782,1.1707209119216997,1.1686662794261393,1.1702771825409823,3617
2024-11-02 10:00:00,1.1702771825409823,1.1703932888291515,1.1698654346162742,1.1702630868007362,3440
2024-11-02 11:00:00,1.1702630868007362,1.1704792800349089,1.1692843932281327,1.1693620730018428,5098
2024-11-02 12:00:00,1.1693620730018428,1.1697556041263124,1.1680954678833215,1.1681206011134886,8019
2024-11-02 13:00:00,1.1681206011134886,1.1684717304359773,1.1668144592343537,1.166921575227925,7755
2024-11-02 14:00:00,1.166921575227925,1.1670075245606137,1.166527283557289,1.166555331547182,7368
2024-11-02 15:00:00,1.166555331547182,1.1668398727959333,1.1658087894541578,1.165959957945766,8699
2024-11-02 16:00:00,1.165959957945766,1.1668277518775956,1.1655298802672025,1.1666906155083554,2074
2024-11-02 17:00:00,1.1666906155083554,1.1667434796995255,1.1665844256998714,1.1666731085293498,1411
2024-11-02 18:00:00,1.1666731085293498,1.166744118250669,1.1660406445282334,1.166122798596072,3178
2024-11-02 19:00:00,1.166122798596072,1.166500001116554,1.1660409382184251,1.1664941137784055,375
2024-11-02 20:00:00,1.1664941137784055,1.1667861968139928,1.1652813614252764,1.1654211723503738,6992
2024-11-02 21:00:00,1.1654211723503738,1.1654768501076807,1.1644178665686464,1.164745569055827,6646
2024-11-02 22:00:00,1.164745569055827,1.165497141829529,1.1643341634060327,1.1654844023885984,6945
2024-11-02 23:00:00,1.1654844023885984,1.1664569155718738,1.1652599564298103,1.1661413459452263,3015
2024-11-03 00:00:00,1.1661413459452263,1.1674316648891134,1.165942363210034,1.1673319863467226,4797
2024-11-03 01:00:00,1.1673319863467226,1.1678508870744742,1.1672269339668266,1.167560735070257,5824
2024-11-03 02:00:00,1.167560735070257,1.1677633879319753,1.1660250471512232,1.1661238343455211,834
2024-11-03 03:00:00,1.1661238343455211,1.1665004752191874,1.1648190273883539,1.1649557610291426,7931
2024-11-03 04:00:00,1.1649557610291426,1.1659371835500127,1.1648539473511568,1.1657110227091023,8427
2024-11-03 05:00:00,1.1657110227091023,1.1657400038959702,1.1652580122271123,1.1654204547942622,1853
2024-11-03 06:00:00,1.1654204547942622,1.165613238334789,1.1642873451878408,1.1644676634396232,1885
2024-11-03 07:00:00,1.1644676634396232,1.1651109726228928,1.164450444565264,1.165093019645438,3029
2024-11-03 08:00:00,1.165093019645438,1.1652916905491248,1.1646986188909942,1.1648964713648584,8315
2024-11-03 09:00:00,1.1648964713648584,1.165546574314363,1.1648207627941074,1.1653855578666754,1364
2024-11-03 10:00:00,1.1653855578666754,1.1661540198887386,1.1647176865341546,1.1661398714443805,2660
2024-11-03 11:00:00,1.1661398714443805,1.1662652861457934,1.1651219129258914,1.1651409195922775,5976
2024-11-03 12:00:00,1.1651409195922775,1.1654256180655187,1.1644238388227715,1.164632591442425,3794
2024-11-03 13:00:00,1.164632591442425,1.1649124797782657,1.164300323279377,1.1644175249690458,3642
2024-11-03 14:00:00,1.1644175249690458,1.1652610472050087,1.1644047640575004,1.1652138195728237,8749
2024-11-03 15:00:00,1.1652138195728237,1.1654102873007073,1.1650368973120966,1.1652622230634708,6241
2024-11-03 16:00:00,1.1652622230634708,1.165780709399918,1.165204884292585,1.1657452716690542,6660
2024-11-03 17:00:00,1.1657452716690542,1.1662669389833262,1.1655819026897345,1.166260146858946,5762
2024-11-03 18:00:00,1.166260146858946,1.166407480617125,1.1659652121633968,1.1661648852246667,4272
2024-11-03 19:00:00,1.1661648852246667,1.1662977063245688,1.1657452157345707,1.1657796978027806,6265
2024-11-03 20:00:00,1.1657796978027806,1.166776921562413,1.1657125396925585,1.16664110435873,1770
2024-11-03 21:00:00,1.16664110435873,1.166914051421524,1.1663596876442723,1.16655044521369,9449
2024-11-03 22:00:00,1.16655044521369,1.1666578351279073,1.1659405772876998,1.1659853670712244,8815
2024-11-03 23:00:00,1.1659853670712244,1.1661254893029567,1.1642717025328877,1.1643138049445765,8203
2024-11-04 00:00:00,1.1643138049445765,1.1651662160733882,1.164306932470238,1.1650456434824021,3624
2024-11-04 01:00:00,1.1650456434824021,1.166347726390918,1.164932325861256,1.1663033053170697,2077
2024-11-04 02:00:00,1.1663033053170697,1.16671969612498,1.1659830483311626,1.1660603978636581,9190
2024-11-04 03:00:00,1.1660603978636581,1.1671695367575403,1.1658606770446283,1.167148188802068,199
2024-11-04 04:00:00,1.167148188802068,1.1671529203045061,1.1668644088292368,1.1670914526541725,3726
2024-11-04 05:00:00,1.1670914526541725,1.1672771115765792,1.1668130613361232,1.1669151094604775,7085
2024-11-04 06:00:00,1.1669151094604775,1.1669881878243034,1.1661627934711503,1.1664042598705182,9968
2024-11-04 07:00:00,1.1664042598705182,1.1666719335804254,1.1656411381698701,1.166146881322729,4379
2024-11-04 08:00:00,1.166146881322729,1.1664801264018612,1.1660106559307017,1.166381204332482,8029
2024-11-04 09:00:00,1.166381204332482,1.1665034030659271,1.1660494859293191,1.1663960457716962,1270
2024-11-04 10:00:00,1.1663960457716962,1.1668721995111038,1.1661580749309306,1.1668389882875405,4474
2024-11-04 11:00:00,1.1668389882875405,1.1673621195256991,1.1667120622462621,1.1672217399046194,2446
2024-11-04 12:00:00,1.1672217399046194,1.1678215568325951,1.167206017379426,1.1676730678606526,2427
2024-11-04 13:00:00,1.1676730678606526,1.1688122230306215,1.167651151215137,1.1685594348766564,4582
2024-11-04 14:00:00,1.1685594348766564,1.1692427262492258,1.168386265069553,1.168991092886729,324
2024-11-04 15:00:00,1.168991092886729,1.1693594448277658,1.1687379389483792,1.1689799842933617,4593
2024-11-04 16:00:00,1.1689799842933617,1.1690899550146672,1.1685656426757411,1.168656982188239,1540
2024-11-04 17:00:00,1.168656982188239,1.168667487208579,1.1675369623933194,1.1676622650596364,5050
2024-11-04 18:00:00,1.1676622650596364,1.1679812723125116,1.1675225072720639,1.1676611987734207,8446
2024-11-04 19:00:00,1.1676611987734207,1.1683377924238112,1.167573396570566,1.1678566564889232,9361
2024-11-04 20:00:00,1.1678566564889232,1.1678957021155112,1.1675336333449555,1.1676973102068038,4423
2024-11-04 21:00:00,1.1676973102068038,1.169331770630045,1.1672170881805872,1.1693309695697913,8593
2024-11-04 22:00:00,1.1693309695697913,1.170266987957282,1.1691991726230966,1.1698107004282465,5301
2024-11-04 23:00:00,1.1698107004282465,1.1700547331668751,1.1697285618290736,1.1700448504697352,3315
2024-11-05 00:00:00,1.1700448504697352,1.170605255363104,1.1698693819639956,1.170332081276491,2717
2024-11-05 01:00:00,1.170332081276491,1.17043611177379,1.1700664633955344,1.1702044202251616,5560
2024-11-05 02:00:00,1.1702044202251616,1.1702352193311971,1.1698376464813225,1.1699768638266559,8718
2024-11-05 03:00:00,1.1699768638266559,1.1700669256253529,1.169047783914458,1.1691466248197369,4670
2024-11-05 04:00:00,1.1691466248197369,1.170337389875696,1.1690537811404726,1.1698148263809516,6780
2024-11-05 05:00:00,1.1698148263809516,1.1698818680293581,1.1695066242154215,1.1697337990708245,1537
2024-11-05 06:00:00,1.1697337990708245,1.1699464790648375,1.1696472437151513,1.1699087420551937,9359
2024-11-05 07:00:00,1.1699087420551937,1.1704836159876268,1.1696659133279814,1.1702231485397265,5301
2024-11-05 08:00:00,1.1702231485397265,1.1702893570858512,1.168884560421743,1.1691878315624733,7333
2024-11-05 09:00:00,1.1691878315624733,1.1691969684277854,1.167488043074894,1.1676084799006499,3072
2024-11-05 10:00:00,1.1676084799006499,1.1678549168362355,1.1673484978306428,1.1674843212969526,4130
2024-11-05 11:00:00,1.1674843212969526,1.167605089022337,1.1664580071032147,1.1665819903126555,6796
2024-11-05 12:00:00,1.1665819903126555,1.1667741423121898,1.1657363405442902,1.1658924939183395,3887
2024-11-05 13:00:00,1.1658924939183395,1.167078324658623,1.165748517801608,1.1668961212606255,5568
2024-11-05 14:00:00,1.1668961212606255,1.1671103964625755,1.1663886427799142,1.166557347342086,9029
2024-11-05 15:00:00,1.166557347342086,1.1668763041013834,1.1659050940152471,1.1660550929563054,840
2024-11-05 16:00:00,1.1660550929563054,1.1662510126046208,1.1647131531880592,1.165029375231641,1044
2024-11-05 17:00:00,1.165029375231641,1.1653585789995147,1.1649551167468257,1.1649700354638568,9627
2024-11-05 18:00:00,1.1649700354638568,1.1652090391332546,1.1637894722059905,1.1643561882918818,7658
2024-11-05 19:00:00,1.1643561882918818,1.1653104115438437,1.1642495278572011,1.1649640463584994,2729
2024-11-05 20:00:00,1.1649640463584994,1.1651019886217038,1.1649555615515828,1.1649991631860745,1656
2024-11-05 21:00:00,1.1649991631860745,1.1650000611123212,1.1634320476890558,1.1636939514703493,6047
2024-11-05 22:00:00,1.1636939514703493,1.1641060502343634,1.1633951866632375,1.163628592698332,6132
2024-11-05 23:00:00,1.163628592698332,1.163709861322168,1.1631180530645657,1.163160088976037,4428
2024-11-06 00:00:00,1.163160088976037,1.1633379971596949,1.162475328466019,1.1626746148546634,7357
2024-11-06 01:00:00,1.1626746148546634,1.1629730321060816,1.1621294413021628,1.1623011559744678,4980
2024-11-06 02:00:00,1.1623011559744678,1.1625136983265965,1.1616606702059395,1.1618635718120052,4960
2024-11-06 03:00:00,1.1618635718120052,1.1621836521630948,1.1616708065851389,1.1616845775837026,810
2024-11-06 04:00:00,1.1616845775837026,1.1620971897039958,1.1611791444628992,1.1618010982816918,5893
2024-11-06 05:00:00,1.1618010982816918,1.1623650553205152,1.161791865807336,1.162192130835438,1917
2024-11-06 06:00:00,1.162192130835438,1.1622741648734842,1.1615218576628588,1.16173732573012,9325
2024-11-06 07:00:00,1.16173732573012,1.1618179307065566,1.160345497777783,1.160532577926672,9652
2024-11-06 08:00:00,1.160532577926672,1.160720889262908,1.1601544208494068,1.1604590007922346,3486
2024-11-06 09:00:00,1.1604590007922346,1.1622867552023237,1.1602260134354894,1.1619220786117717,6355
2024-11-06 10:00:00,1.1619220786117717,1.1619524617681651,1.161439587718129,1.1618084278559155,2227
2024-11-06 11:00:00,1.1618084278559155,1.1620892906629967,1.1616475649876314,1.1620189668956857,2195
2024-11-06 12:00:00,1.1620189668956857,1.1622880646869267,1.1613467212165804,1.1615182157469055,190
2024-11-06 13:00:00,1.1615182157469055,1.1615890630094867,1.1613182903541128,1.1615146920367967,9960
2024-11-06 14:00:00,1.1615146920367967,1.1622568201236942,1.161289775511107,1.162237941342195,4891
2024-11-06 15:00:00,1.162237941342195,1.1633085977237327,1.1619212633515097,1.1629137324462222,8008
2024-11-06 16:00:00,1.1629137324462222,1.1633647908101508,1.1613454939459378,1.1614104369448828,4105
2024-11-06 17:00:00,1.1614104369448828,1.1616285505742394,1.1600822413155525,1.1604332071274994,4149
2024-11-06 18:00:00,1.1604332071274994,1.1605778665421296,1.1604070513911036,1.160561388684619,3256
2024-11-06 19:00:00,1.160561388684619,1.1608699888576706,1.1587546567803888,1.1589940309974907,8554
2024-11-06 20:00:00,1.1589940309974907,1.1597859270502082,1.1588036752340378,1.1594805189237258,1357
2024-11-06 21:00:00,1.1594805189237258,1.160024057201103,1.1594657915393225,1.1599549758034151,8044
2024-11-06 22:00:00,1.1599549758034151,1.1605309207010381,1.1597263951639827,1.1603766171128407,5196
2024-11-06 23:00:00,1.1603766171128407,1.1608974176767,1.1600750479200224,1.1608335053188663,315
2024-11-07 00:00:00,1.1608335053188663,1.1609739927823015,1.1601350061631053,1.1603192792781327,6190
2024-11-07 01:00:00,1.1603192792781327,1.1616111967230838,1.1599984236707683,1.1613196249551516,5564
2024-11-07 02:00:00,1.1613196249551516,1.1616706439605993,1.161316147577429,1.1615901479445059,9489
2024-11-07 03:00:00,1.1615901479445059,1.1618451718941654,1.1606442088657716,1.160966023067459,6280
2024-11-07 04:00:00,1.160966023067459,1.1610360576523957,1.159985695669268,1.1603708242741797,1002
2024-11-07 05:00:00,1.1603708242741797,1.160457041169478,1.1601369055407589,1.1602740467460553,9844
2024-11-07 06:00:00,1.1602740467460553,1.1603162412449777,1.1595074307033115,1.159514995748894,3034
2024-11-07 07:00:00,1.159514995748894,1.1595189495871014,1.158230570075232,1.1583388020024916,2467
2024-11-07 08:00:00,1.1583388020024916,1.1597903289859397,1.1580845070440355,1.159698097945813,1974
2024-11-07 09:00:00,1.159698097945813,1.1602962716337615,1.1596089223876844,1.160072417075749,2192
2024-11-07 10:00:00,1.160072417075749,1.1617923862136663,1.1600117806248924,1.161353792418454,3536
2024-11-07 11:00:00,1.161353792418454,1.1614249411094006,1.1606556999136215,1.1607699589020275,9195
2024-11-07 12:00:00,1.1607699589020275,1.1618304454777013,1.160727358038853,1.1615076409431888,5328
2024-11-07 13:00:00,1.1615076409431888,1.1615611593475856,1.1614183083321388,1.1614271302187646,7098
2024-11-07 14:00:00,1.1614271302187646,1.162078370858078,1.1611673590380107,1.1620053902867982,5157
2024-11-07 15:00:00,1.1620053902867982,1.1627297586923027,1.1617865036165285,1.1627040168569396,2959
2024-11-07 16:00:00,1.1627040168569396,1.163026358018071,1.162400462300152,1.162992604801147,7571
2024-11-07 17:00:00,1.162992604801147,1.1636937904075222,1.1626796687495793,1.163532963479139,1241
2024-11-07 18:00:00,1.163532963479139,1.1644541089350837,1.163468033898155,1.1641360487547978,1203
2024-11-07 19:00:00,1.1641360487547978,1.1642708673713011,1.1641194711930447,1.1642663583178896,4752
2024-11-07 20:00:00,1.1642663583178896,1.16596665124024,1.1642492471812544,1.16573160834618,8684
2024-11-07 21:00:00,1.16573160834618,1.1666523773269617,1.1653131302883792,1.1666373974116853,1912
2024-11-07 22:00:00,1.1666373974116853,1.166805309540796,1.1663707001546788,1.1664281999225836,8166
2024-11-07 23:00:00,1.1664281999225836,1.1671440195992904,1.166333700809915,1.1670950927151849,8025
2024-11-08 00:00:00,1.1670950927151849,1.1674915931439807,1.1670327331585062,1.167445797410142,6989
2024-11-08 01:00:00,1.167445797410142,1.1682317825925004,1.1672639235467999,1.1678823099627662,4828
2024-11-08 02:00:00,1.1678823099627662,1.1693990046091185,1.1677233395956685,1.1693175973997258,5175
2024-11-08 03:00:00,1.1693175973997258,1.1693885573892753,1.1679847881207688,1.1681309448875778,3883
2024-11-08 04:00:00,1.1681309448875778,1.168343981381535,1.1677891458051555,1.168315558147622,5967
2024-11-08 05:00:00,1.168315558147622,1.168776715634327,1.1680117234358527,1.168496703781682,5767
2024-11-08 06:00:00,1.168496703781682,1.1688963669309795,1.1679779164876505,1.1681438712578793,8817
2024-11-08 07:00:00,1.1681438712578793,1.168588710108181,1.167984577748901,1.168292584175701,4158
2024-11-08 08:00:00,1.168292584175701,1.1694060364133099,1.1680642114736444,1.1691997638497815,8582
2024-11-08 09:00:00,1.1691997638497815,1.1697558747590797,1.1690834858455255,1.1696083037331517,3803
2024-11-08 10:00:00,1.1696083037331517,1.1710129225067902,1.169559992136494,1.1707469488383881,1810
2024-11-08 11:00:00,1.1707469488383881,1.171178515852804,1.1705682659660468,1.170697089298144,5511
2024-11-08 12:00:00,1.170697089298144,1.171598825359934,1.1704027145295761,1.1713089217566597,6876
2024-11-08 13:00:00,1.1713089217566597,1.1714845963505973,1.1708621364269471,1.1711763190377433,7244
2024-11-08 14:00:00,1.1711763190377433,1.1715275992714227,1.1710585966685367,1.1715269365151162,5917
2024-11-08 15:00:00,1.1715269365151162,1.1729378090417721,1.1714895180125304,1.1726664616452303,8784
2024-11-08 16:00:00,1.1726664616452303,1.1736206332966173,1.1725644554141625,1.1734874684217993,9730
2024-11-08 17:00:00,1.1734874684217993,1.173730315793719,1.1727638596477519,1.1729024618510369,967
2024-11-08 17:00:00,1.1729024618510369,1.1731769860964696,1.172862726277613,1.1731544934384728,7100
2024-11-08 18:00:00,1.1731544934384728,1.1731623372938822,1.1723045954598201,1.1723176019819161,5968
2024-11-08 18:00:00,1.1723176019819161,1.1730640844023676,1.172088188086131,1.1728503851676115,6061
2024-11-08 19:00:00,1.1728503851676115,1.1730385669697334,1.1716943154621131,1.1719660386235888,4657
2024-11-08 19:00:00,1.1719660386235888,1.1734188649570458,1.1717670918638092,1.1729566042396946,8787
2024-11-08 20:00:00,1.1729566042396946,1.1731019355661467,1.1723912191538826,1.1724189923135224,8317
2024-11-08 20:00:00,1.1724189923135224,1.1726933175274938,1.1716061424490223,1.1716209239285644,9057
2024-11-08 21:00:00,1.1716209239285644,1.1717460622027862,1.1713860259034348,1.1714342419032746,3126
2024-11-08 21:00:00,1.1714342419032746,1.1717571902946582,1.1713402181667167,1.171670126554345,6273
2024-11-08 22:00:00,1.171670126554345,1.1717496755474344,1.171382444581508,1.1715890877011126,3530
2024-11-08 22:00:00,1.1715890877011126,1.172373759605672,1.1715801838115265,1.172348923282478,2002
2024-11-08 23:00:00,1.172348923282478,1.1728708492361166,1.1720591724592506,1.1728608644467426,5045
2024-11-08 23:00:00,1.1728608644467426,1.173044907527781,1.171062440692982,1.1714296040195424,3429
2024-11-09 00:00:00,1.1714296040195424,1.1724682503983936,1.1711177865308062,1.1723558977004174,433
2024-11-09 01:00:00,1.1723558977004174,1.1732347648431118,1.1722676709292201,1.1731203235441556,1527
2024-11-09 02:00:00,1.1731203235441556,1.173297483068652,1.1730043000515864,1.1732347817316064,9757
2024-11-09 03:00:00,1.1732347817316064,1.173262498128253,1.172677131276352,1.1727495498238236,5450
2024-11-09 04:00:00,1.1727495498238236,1.1736438206290698,1.1724790955961777,1.1733573003016524,3717
2024-11-09 05:00:00,1.1733573003016524,1.1743999222643402,1.1732509767143602,1.1742495339401104,671
2024-11-09 06:00:00,1.1742495339401104,1.1743104309964123,1.1740665858281658,1.174238263334946,901
2024-11-09 07:00:00,1.174238263334946,1.1751500566254802,1.1741800012436887,1.174939582220993,1288
2024-11-09 08:00:00,1.174939582220993,1.1751785921729152,1.174764660986183,1.1747916388274684,8486
2024-11-09 09:00:00,1.1747916388274684,1.1748804221866394,1.1746306004378493,1.1746450371207553,8418
2024-11-09 10:00:00,1.1746450371207553,1.1752671151129397,1.1743947264928363,1.1749834342474423,4420
2024-11-09 11:00:00,1.1749834342474423,1.176476835169657,1.1746105924882277,1.1763015360796267,3394
2024-11-09 12:00:00,1.1763015360796267,1.176392842714276,1.175640590248022,1.1758313200399875,2711
2024-11-09 13:00:00,1.1758313200399875,1.1758367234735163,1.1748593291160476,1.1749951031591848,4751
2024-11-09 14:00:00,1.1749951031591848,1.1750890400554028,1.174812360821492,1.174972051105864,9913
2024-11-09 15:00:00,1.174972051105864,1.1750566717162316,1.1746817983316484,1.174872216912124,4350
2024-11-09 16:00:00,1.174872216912124,1.174994394470538,1.1743158207664703,1.1743339165359412,3832
2024-11-09 17:00:00,1.1743339165359412,1.1745614760302576,1.1737403059412326,1.1737642242847082,6256
2024-11-09 18:00:00,1.1737642242847082,1.1741386232617368,1.1730389047344925,1.1730833141372388,2552
2024-11-09 19:00:00,1.1730833141372388,1.1730892123761585,1.1722239039544426,1.1725355761102703,909
2024-11-09 20:00:00,1.1725355761102703,1.172911577630744,1.1722594967748523,1.1724208055476006,8516
2024-11-09 21:00:00,1.1724208055476006,1.1727556231969116,1.1714036548651818,1.1715258515349916,7107
2024-11-09 22:00:00,1.1715258515349916,1.172277571386663,1.1712096622486008,1.172096161422882,4499
2024-11-09 23:00:00,1.172096161422882,1.1722806383486943,1.171614320714752,1.1716208602420288,319
2024-11-10 00:00:00,1.1716208602420288,1.1717516403934478,1.1706487871171931,1.1709366104240329,7893
2024-11-10 01:00:00,1.1709366104240329,1.1713650521762322,1.1705591917191933,1.171340943242662,8569
2024-11-10 02:00:00,1.171340943242662,1.1718788515358987,1.1711915354573132,1.17164171477765,6213
2024-11-10 03:00:00,1.17164171477765,1.1717506184676791,1.1705994799644739,1.1706619024693277,8820
2024-11-10 04:00:00,1.1706619024693277,1.1720616440366773,1.1706210040609566,1.1719459607891416,8772
2024-11-10 05:00:00,1.1719459607891416,1.172165494744126,1.1708552829318541,1.1710068802837637,3273
2024-11-10 06:00:00,1.1710068802837637,1.1715245653451125,1.1708647782128172,1.171436318096098,2941
2024-11-10 07:00:00,1.171436318096098,1.1717610462880295,1.171089957356313,1.1715852845021963,4874
2024-11-10 08:00:00,1.1715852845021963,1.1726585087897023,1.1715111955151971,1.1723405226553516,5290
2024-11-10 09:00:00,1.1723405226553516,1.1724062531929422,1.171888989367715,1.1721535854817984,2082
2024-11-10 10:00:00,1.1721535854817984,1.1722473465468406,1.1714318817158471,1.1715036046358789,2876
2024-11-10 11:00:00,1.1715036046358789,1.1717785824232736,1.1713455077814612,1.1716905631205936,6995
2024-11-10 12:00:00,1.1716905631205936,1.1718598914385288,1.1709970873475182,1.171252054058975,1281
2024-11-10 13:00:00,1.171252054058975,1.171460974950965,1.1705711840136088,1.170721184292863,4748
2024-11-10 14:00:00,1.170721184292863,1.1719815953944979,1.170309755363072,1.1718615155165606,8196
2024-11-10 15:00:00,1.1718615155165606,1.1721697595533327,1.1718256592006704,1.1721582664433925,2197
2024-11-10 16:00:00,1.1721582664433925,1.1724836106538419,1.1715413731769984,1.1715457399922333,8226
2024-11-10 17:00:00,1.1715457399922333,1.1725303527851565,1.1714146429272905,1.172393695732513,7178
2024-11-10 18:00:00,1.172393695732513,1.1724339968817632,1.1718941262684661,1.1720522464878942,6645
2024-11-10 19:00:00,1.1720522464878942,1.1728499143210582,1.171754750300182,1.1725665793529134,2903
2024-11-10 20:00:00,1.1725665793529134,1.1726654493769033,1.1723667021427284,1.1724277903854972,2773
2024-11-10 21:00:00,1.1724277903854972,1.1728378491640021,1.1718664475562133,1.1720058665263657,5476
2024-11-10 22:00:00,1.1720058665263657,1.1725549619505529,1.1719202961921453,1.1724459130366924,8707
2024-11-10 23:00:00,1.1724459130366924,1.1728160773246226,1.1722798711590845,1.172740960174831,3260
2024-11-11 00:00:00,1.172740960174831,1.1728143858386417,1.171973877422088,1.172071423025896,2669
2024-11-11 01:00:00,1.172071423025896,1.1724592270576446,1.171914108897218,1.1722108455515137,7650
2024-11-11 02:00:00,1.1722108455515137,1.1725523217724645,1.1711026013776262,1.1714191333120212,7744
2024-11-11 03:00:00,1.1714191333120212,1.1717468855614113,1.1713530093303377,1.1713909416353625,3874
2024-11-11 04:00:00,1.1713909416353625,1.1714162648577895,1.170879514718227,1.1711095455140872,7501
2024-11-11 05:00:00,1.1711095455140872,1.1711962608774595,1.1707652304762888,1.1709486802606994,2713
2024-11-11 06:00:00,1.1709486802606994,1.1711823533158416,1.1701249758302588,1.1703880410472691,6219
2024-11-11 07:00:00,1.1703880410472691,1.170589206771401,1.1698705481755345,1.1699758451400726,1786
2024-11-11 08:00:00,1.1699758451400726,1.170018638284718,1.1694074276391269,1.1695009057589347,938
2024-11-11 09:00:00,1.1695009057589347,1.1698452738671279,1.1687875466715218,1.1692152926929755,6549
2024-11-11 10:00:00,1.1692152926929755,1.16950377294083,1.1690357529242767,1.1693473750646945,9223
2024-11-11 11:00:00,1.1693473750646945,1.1694607817327962,1.1680118656255942,1.1680681482411792,2409
2024-11-11 12:00:00,1.1680681482411792,1.1681971311645745,1.1677608422192252,1.1679091464311657,5072
2024-11-11 13:00:00,1.1679091464311657,1.1683006656899277,1.1671490698278235,1.1671686809258075,4047
2024-11-11 14:00:00,1.1671686809258075,1.1676047394709348,1.166929955483186,1.1675536264088606,4264
2024-11-11 15:00:00,1.1675536264088606,1.1676381303576722,1.1658312802532347,1.1661195700339164,182
2024-11-11 16:00:00,1.1661195700339164,1.1662955541544173,1.1655668654667206,1.1657366066515336,9061
2024-11-11 17:00:00,1.1657366066515336,1.166141808138646,1.1657021554725786,1.1659020262486148,9102
2024-11-11 18:00:00,1.1659020262486148,1.1662440079374856,1.1653821767123487,1.1657398443830411,8762
2024-11-11 19:00:00,1.1657398443830411,1.1660991255540731,1.1637508392060247,1.1637541622869587,3723
2024-11-11 20:00:00,1.1637541622869587,1.1639087729481679,1.1630808743853946,1.1633474115144242,5223
2024-11-11 21:00:00,1.1633474115144242,1.1635167053370348,1.1632909787667014,1.1633533241877607,6830
2024-11-11 22:00:00,1.1633533241877607,1.1634254049273325,1.1633009969880472,1.1633571552634667,5324
2024-11-11 23:00:00,1.1633571552634667,1.163566054992295,1.1619991012741093,1.1621399643038581,8413
2024-11-12 00:00:00,1.1621399643038581,1.1622288646425643,1.1616679856663503,1.1616817569246511,1990
2024-11-12 01:00:00,1.1616817569246511,1.1620519057040797,1.1615526344953975,1.161993000039078,8144
2024-11-12 02:00:00,1.161993000039078,1.1621173827791196,1.1607120858451454,1.1609322714294787,4884
2024-11-12 03:00:00,1.1609322714294787,1.1611881790298533,1.1609141315972151,1.161121136471218,9702
2024-11-12 04:00:00,1.161121136471218,1.1621171253539104,1.1607471405665766,1.1620470114753998,6194
2024-11-12 05:00:00,1.1620470114753998,1.1622399847417997,1.1619840036579132,1.1622105397395972,416
2024-11-12 06:00:00,1.1622105397395972,1.162218710207509,1.1616852664273762,1.1619204822393032,604
2024-11-12 07:00:00,1.1619204822393032,1.1632948415263193,1.1617496527451538,1.163040530343625,8724
2024-11-12 08:00:00,1.163040530343625,1.1641076231038803,1.1629036379033753,1.1638459281776952,8883
2024-11-12 09:00:00,1.1638459281776952,1.163983108249312,1.1630500361882794,1.1632730568787168,6507
2024-11-12 10:00:00,1.1632730568787168,1.1634400996240029,1.16323297374603,1.1633706868133655,7368
2024-11-12 11:00:00,1.1633706868133655,1.1641261051051994,1.1631550417682461,1.1641100864265008,700
2024-11-12 12:00:00,1.1641100864265008,1.164159043444094,1.1632351428055707,1.1633202045594684,3579
2024-11-12 13:00:00,1.1633202045594684,1.1635684630103764,1.1632975845438187,1.1634668743946674,2552
2024-11-12 14:00:00,1.1634668743946674,1.163497525094531,1.1629730441739028,1.163010035497885,1247
2024-11-12 15:00:00,1.163010035497885,1.163357750426982,1.1627904308360935,1.1632188312951681,4459
2024-11-12 16:00:00,1.1632188312951681,1.163336527311726,1.1630269465837557,1.163282848347551,8950
2024-11-12 17:00:00,1.163282848347551,1.1634507341313907,1.1626397070440282,1.1626631276893993,7041
2024-11-12 18:00:00,1.1626631276893993,1.1629168005651223,1.1614057763251202,1.1615564025822391,1214
2024-11-12 19:00:00,1.1615564025822391,1.1617185721936316,1.1611320408723838,1.161223746005583,9287
2024-11-12 20:00:00,1.161223746005583,1.1613922407642903,1.1604914935969255,1.1606629851788668,6615
2024-11-12 21:00:00,1.1606629851788668,1.1606724321421793,1.1604709061492728,1.1605209630274274,8652
2024-11-12 22:00:00,1.1605209630274274,1.161319964779558,1.1604158910266813,1.1612129227225292,7006
2024-11-12 23:00:00,1.1612129227225292,1.1613683551997145,1.1602398909126,1.1603948690388304,3884
2024-11-13 00:00:00,1.1603948690388304,1.1606062048638117,1.159828127180778,1.1598554525013234,5795
2024-11-13 01:00:00,1.1598554525013234,1.1604819618970228,1.1597326993025618,1.160457295745499,5761
2024-11-13 02:00:00,1.160457295745499,1.1604853114366065,1.1600009105779003,1.1600290166834692,5665
2024-11-13 03:00:00,1.1600290166834692,1.160166544663336,1.1597951930747865,1.160070337300717,7437
2024-11-13 04:00:00,1.160070337300717,1.1604124989239806,1.159092143833854,1.1591538963980612,9471
2024-11-13 05:00:00,1.1591538963980612,1.1605504209151516,1.1590918444552771,1.1605144170872688,3741
2024-11-13 06:00:00,1.1605144170872688,1.1611729735193346,1.1604915464762318,1.1610377640703788,1154
2024-11-13 07:00:00,1.1610377640703788,1.1611216385077623,1.160329818253917,1.1603571264442352,7101
2024-11-13 08:00:00,1.1603571264442352,1.1603588809992729,1.1598649807733339,1.1598806643129251,5831
2024-11-13 09:00:00,1.1598806643129251,1.160146524154318,1.1598642496583953,1.1599891854225317,6610
2024-11-13 10:00:00,1.1599891854225317,1.160482229751716,1.1597147693354444,1.160252081451534,4311
2024-11-13 11:00:00,1.160252081451534,1.1611739747345924,1.1601361868877516,1.1609048084754197,3695
2024-11-13 12:00:00,1.1609048084754197,1.1611514709014508,1.1608675444882557,1.1611042025768266,5520
2024-11-13 13:00:00,1.1611042025768266,1.1613356039163898,1.160695281948836,1.1611011515748493,8613
2024-11-13 14:00:00,1.1611011515748493,1.1621957559362068,1.160928270406308,1.1620714016339784,3019
2024-11-13 15:00:00,1.1620714016339784,1.16211910260874,1.1614655188398646,1.1615127458026564,5635
2024-11-13 16:00:00,1.1615127458026564,1.1615380947758867,1.1607169458155595,1.160862294564153,2572
2024-11-13 17:00:00,1.160862294564153,1.1610622945693683,1.1605035182225758,1.16081605521269,4378
2024-11-13 18:00:00,1.16081605521269,1.1610164174330193,1.1606287689733419,1.160973956524704,4008
2024-11-13 19:00:00,1.160973956524704,1.1613313480575893,1.1606415840430349,1.160766715395324,4712
2024-11-13 20:00:00,1.160766715395324,1.1612967660851083,1.1607427257318912,1.161175138574354,3162
2024-11-13 21:00:00,1.161175138574354,1.1619430960112807,1.161107308693342,1.1615091214739135,6614
2024-11-13 22:00:00,1.1615091214739135,1.1619957941589565,1.161431872483614,1.1618782569682187,7238
2024-11-13 23:00:00,1.1618782569682187,1.1622214253964884,1.1616906825167441,1.1619114325510875,8200
2024-11-14 00:00:00,1.1619114325510875,1.1623693188159914,1.1613279599788269,1.1622034212980201,7621
2024-11-14 01:00:00,1.1622034212980201,1.1629027987718488,1.1621221707014737,1.1625255556588052,2815
2024-11-14 02:00:00,1.1625255556588052,1.1627629099423356,1.1618197392569953,1.1622326170873656,7582
2024-11-14 03:00:00,1.1622326170873656,1.1626999560103448,1.1621538297245666,1.162474595625487,5919
2024-11-14 04:00:00,1.162474595625487,1.1625207015078232,1.1617229844503385,1.1623391041957734,5400
2024-11-14 05:00:00,1.1623391041957734,1.1624721810835725,1.1611357532255895,1.161144035283418,2827
2024-11-14 06:00:00,1.161144035283418,1.1612236710134205,1.1610774507384973,1.1611887290836944,2528
2024-11-14 07:00:00,1.1611887290836944,1.1611961046955535,1.160385254656762,1.1603895232468966,3479
2024-11-14 08:00:00,1.1603895232468966,1.1605344833824067,1.1599764509918042,1.1601483943288768,4718
2024-11-14 09:00:00,1.1601483943288768,1.16076914103935,1.1600692571378368,1.160737025631783,8981
2024-11-14 10:00:00,1.160737025631783,1.1610392908289398,1.1602620236598113,1.16028468254527,2270
2024-11-14 11:00:00,1.16028468254527,1.160793759102953,1.1602483258449658,1.1602562873455955,6425
2024-11-14 12:00:00,1.1602562873455955,1.160412438546073,1.1592710222985363,1.1595567185238655,5525
2024-11-14 13:00:00,1.1595567185238655,1.159948008168925,1.1593607040804828,1.1595762542576347,2900
2024-11-14 14:00:00,1.1595762542576347,1.1602703159628098,1.1595175162124005,1.1600876500804205,2403
2024-11-14 15:00:00,1.1600876500804205,1.1608307916131975,1.160083432553294,1.1605374892962483,312
2024-11-14 16:00:00,1.1605374892962483,1.1606986653140496,1.1597732886377137,1.1599492826256197,5094
2024-11-14 17:00:00,1.1599492826256197,1.160265559430232,1.159700268974823,1.1600911667538785,1420
2024-11-14 18:00:00,1.1600911667538785,1.160246604501413,1.1597781863572456,1.1599907258375122,8195
2024-11-14 19:00:00,1.1599907258375122,1.1603515270802185,1.15977080914847,1.1600367204876147,6971
2024-11-14 20:00:00,1.1600367204876147,1.1610406069378991,1.1599742365235948,1.1610015017816933,1314
2024-11-14 21:00:00,1.1610015017816933,1.161692596948053,1.1607380215477618,1.1615752906899661,8182
2024-11-14 22:00:00,1.1615752906899661,1.1621138232996768,1.1614980925277623,1.1617113575833258,8420
2024-11-14 23:00:00,1.1617113575833258,1.1619264911052394,1.1614950217119224,1.1615546046329555,9348
2024-11-15 00:00:00,1.1615546046329555,1.1626621664986376,1.1614325754450294,1.1622205806550787,5663
2024-11-15 01:00:00,1.1622205806550787,1.1624652139811023,1.1618118151518135,1.1624449071060552,3386
2024-11-15 02:00:00,1.1624449071060552,1.1624641041252513,1.162037599656985,1.1621648401888656,7760
2024-11-15 03:00:00,1.1621648401888656,1.1627235372777966,1.161855176647789,1.1625310512033336,1881
2024-11-15 04:00:00,1.1625310512033336,1.1627010431881284,1.1613963918733134,1.1615456833976738,6433
2024-11-15 05:00:00,1.1615456833976738,1.1623061308448002,1.161459929033476,1.162260175492733,1938
2024-11-15 06:00:00,1.162260175492733,1.1628491096361893,1.1621848705431452,1.1627002652563638,9716
2024-11-15 07:00:00,1.1627002652563638,1.16284843105153,1.1624919762264547,1.1626086087689513,2540
2024-11-15 08:00:00,1.1626086087689513,1.1639233392739488,1.1625723490118174,1.1639179582372907,1206
2024-11-15 09:00:00,1.1639179582372907,1.1642413702202719,1.1639143922652895,1.164238728391259,3102
2024-11-15 10:00:00,1.164238728391259,1.1643223496988984,1.1639009256697366,1.1639579351827398,5288
2024-11-15 11:00:00,1.1639579351827398,1.1644412333834433,1.1636449691017328,1.1643639184081775,3505
2024-11-15 12:00:00,1.1643639184081775,1.1646720690605175,1.1639588105419514,1.1645320724793191,9104
2024-11-15 13:00:00,1.1645320724793191,1.164579445052683,1.163171624006253,1.1634653534091608,3332
2024-11-15 14:00:00,1.1634653534091608,1.1637654048073633,1.1621187113803597,1.1622137823330245,4302
2024-11-15 15:00:00,1.1622137823330245,1.1625942620241734,1.1620636798491022,1.1624896274711756,3151
2024-11-15 16:00:00,1.1624896274711756,1.1627724970192035,1.1621799607203032,1.162414194652829,3977
2024-11-15 17:00:00,1.162414194652829,1.1626667631572618,1.1616544349713418,1.1617354245492113,7714
2024-11-15 17:00:00,1.1617354245492113,1.1619460410981866,1.1611522066219924,1.1612159392404275,7407
2024-11-15 18:00:00,1.1612159392404275,1.1616531949097824,1.1601582843753233,1.1605459244238294,2982
2024-11-15 18:00:00,1.1605459244238294,1.1611101197361424,1.1605437466643829,1.1609303035490108,459
2024-11-15 19:00:00,1.1609303035490108,1.1614404107947953,1.160381240994838,1.1604864561763413,7168
2024-11-15 19:00:00,1.1604864561763413,1.1605220724896734,1.1594544810522167,1.159649123591885,2297
2024-11-15 20:00:00,1.159649123591885,1.1601176707537637,1.1595586730377434,1.1599626450485094,5125
2024-11-15 20:00:00,1.1599626450485094,1.1610480944163597,1.1599405422143678,1.1608855554713964,6057
2024-11-15 21:00:00,1.1608855554713964,1.1609221858791383,1.1604725538830398,1.1606305436544198,198
2024-11-15 21:00:00,1.1606305436544198,1.1610123325430661,1.1603888406210554,1.160951402326241,7434
2024-11-15 22:00:00,1.160951402326241,1.161221949303263,1.160549904079029,1.1608894971828994,2803
2024-11-15 22:00:00,1.1608894971828994,1.1609825838009156,1.1605513703883592,1.1606844541284185,9103
2024-11-15 23:00:00,1.1606844541284185,1.1608197233269133,1.1602846578596144,1.160558267451458,1975
2024-11-15 23:00:00,1.160558267451458,1.1609544768868727,1.1601700244227275,1.1602175198900362,7507
2024-11-16 00:00:00,1.1602175198900362,1.1604690457947118,1.158868104339248,1.159036220288864,9532
2024-11-16 01:00:00,1.159036220288864,1.1593288032662596,1.1582257758231946,1.1582985760701041,5803
2024-11-16 02:00:00,1.1582985760701041,1.158648940426309,1.15692114522258,1.156980640569633,5636
2024-11-16 03:00:00,1.156980640569633,1.1570927523809704,1.1565418057235022,1.1565602898394678,784
2024-11-16 04:00:00,1.1565602898394678,1.1569296940076959,1.156512990739938,1.1568856957129108,2339
2024-11-16 05:00:00,1.1568856957129108,1.1569907323842317,1.1563119132818176,1.1564517503321246,998
2024-11-16 06:00:00,1.1564517503321246,1.156571743886576,1.156301165958304,1.1565195460196982,9979
2024-11-16 07:00:00,1.1565195460196982,1.157268949671016,1.1564759665417188,1.1568287649075017,5167
2024-11-16 08:00:00,1.1568287649075017,1.15717280299639,1.1567055302878277,1.1571704585665727,6914
2024-11-16 09:00:00,1.1571704585665727,1.1573808303730129,1.1565243117668478,1.1565898017684324,5546
2024-11-16 10:00:00,1.1565898017684324,1.1569673016973947,1.156558623642756,1.1567329526370655,1931
2024-11-16 11:00:00,1.1567329526370655,1.1568812840536062,1.1559672342153873,1.1560083413977198,5684
2024-11-16 12:00:00,1.1560083413977198,1.1561089653541121,1.1553268631836766,1.1554709823660398,2581
2024-11-16 13:00:00,1.1554709823660398,1.1555911850713387,1.1550034996216012,1.1550489551041372,8312
2024-11-16 14:00:00,1.1550489551041372,1.1560261554650806,1.1550139615820407,1.155866432663052,6264
2024-11-16 15:00:00,1.155866432663052,1.1561179733962237,1.1551170054717237,1.1553110095868837,4511
2024-11-16 16:00:00,1.1553110095868837,1.1560535955986162,1.1551054032139911,1.1559529929881098,717
2024-11-16 17:00:00,1.1559529929881098,1.1559783191079946,1.1549557863114404,1.1551448806078388,1188
2024-11-16 18:00:00,1.1551448806078388,1.1563205392628366,1.1550034383186993,1.1561397787736465,8440
2024-11-16 19:00:00,1.1561397787736465,1.156167925918932,1.1549198813122985,1.1551060400370372,5402
2024-11-16 20:00:00,1.1551060400370372,1.155254033605017,1.154450553722321,1.154613070632861,7848
2024-11-16 21:00:00,1.154613070632861,1.1546266049307727,1.1530914772923813,1.1532509462623284,7986
2024-11-16 22:00:00,1.1532509462623284,1.1539568799879079,1.1529848947064971,1.153952164021341,7889
2024-11-16 23:00:00,1.153952164021341,1.1563673140981106,1.1537155514200572,1.1561296668808085,4477
2024-11-17 00:00:00,1.1561296668808085,1.1564469972807772,1.1558020960297966,1.1559275442740147,7598
2024-11-17 01:00:00,1.1559275442740147,1.1559359443156079,1.1547322892127962,1.1550301212084253,212
2024-11-17 02:00:00,1.1550301212084253,1.1553602654351367,1.1544469504059336,1.1546363474618275,5432
2024-11-17 03:00:00,1.1546363474618275,1.1550430841677777,1.1544380247297195,1.1550237533844403,9361
2024-11-17 04:00:00,1.1550237533844403,1.1556294228355215,1.1549978440433963,1.1556161464655164,9385
2024-11-17 05:00:00,1.1556161464655164,1.1558432434344803,1.1547076647706067,1.1547871693369856,2329
2024-11-17 06:00:00,1.1547871693369856,1.1549051653106281,1.1545681022680454,1.154589656068577,5392
2024-11-17 07:00:00,1.154589656068577,1.1555340259521927,1.1545192357687686,1.1552669507838096,9272
2024-11-17 08:00:00,1.1552669507838096,1.156247928354147,1.1548139289400297,1.155984403888285,7771
2024-11-17 09:00:00,1.155984403888285,1.1560644929735135,1.1554470384054583,1.1554619881294388,2457
2024-11-17 10:00:00,1.1554619881294388,1.1556851740524132,1.155036964017901,1.1550833884276628,7192
2024-11-17 11:00:00,1.1550833884276628,1.1552117925931555,1.1549396381790413,1.155173403162069,5442
2024-11-17 12:00:00,1.155173403162069,1.1556270706449034,1.1549364148885448,1.155231004887513,6159
2024-11-17 13:00:00,1.155231004887513,1.1552611733758262,1.1545255912071664,1.1545357935207872,4538
2024-11-17 14:00:00,1.1545357935207872,1.1551287364091858,1.1543321023294781,1.155103265591134,6851
2024-11-17 15:00:00,1.155103265591134,1.1554348597190258,1.154938525636094,1.15520542864353,3151
2024-11-17 16:00:00,1.15520542864353,1.1552235792529626,1.1547294804969634,1.1547553201589216,5339
2024-11-17 17:00:00,1.1547553201589216,1.1553324702076584,1.152741562081644,1.1528103426938527,4193
2024-11-17 18:00:00,1.1528103426938527,1.1530748000578115,1.152752927993527,1.1527856755669816,4585
2024-11-17 19:00:00,1.1527856755669816,1.1528939943882162,1.151714109564499,1.1518130886534135,3081
2024-11-17 20:00:00,1.1518130886534135,1.1522547702074262,1.1500199453206177,1.1502456071315301,8121
2024-11-17 21:00:00,1.1502456071315301,1.1503433133439496,1.1499242067242428,1.150026298070401,5166
2024-11-17 22:00:00,1.150026298070401,1.15011737823844,1.149067060126415,1.1493578319473043,4064
2024-11-17 23:00:00,1.1493578319473043,1.1502819664024218,1.149233229865829,1.1502194829349195,4184
2024-11-18 00:00:00,1.1502194829349195,1.1502952923411909,1.149079734796873,1.1491397358760185,4960
2024-11-18 01:00:00,1.1491397358760185,1.1492660967314579,1.1488696682820458,1.1491322333721496,4751
2024-11-18 02:00:00,1.1491322333721496,1.1493728688208,1.1483408278940344,1.1483502973099855,1223
2024-11-18 03:00:00,1.1483502973099855,1.1483525134152124,1.1476609649883305,1.1478615553514975,9343
2024-11-18 04:00:00,1.1478615553514975,1.148145240213654,1.1476858875434612,1.1480517646582848,4771
2024-11-18 05:00:00,1.1480517646582848,1.1483191321892172,1.147299323898568,1.147402151669728,915
2024-11-18 06:00:00,1.147402151669728,1.1484229997441722,1.1470190027393639,1.1482697092109546,1078
2024-11-18 07:00:00,1.1482697092109546,1.1485156063473159,1.1472819086957908,1.147414172307711,2958
2024-11-18 08:00:00,1.147414172307711,1.1476961468191396,1.1471769338245632,1.1476360268188937,782
2024-11-18 09:00:00,1.1476360268188937,1.1478530117860732,1.1459893339735845,1.1460750279912537,8240
2024-11-18 10:00:00,1.1460750279912537,1.1467509089422814,1.1459937488525125,1.1464122088833586,3755
2024-11-18 11:00:00,1.1464122088833586,1.1464847165147642,1.146278954976355,1.1463573043947743,880
2024-11-18 12:00:00,1.1463573043947743,1.1468458110120003,1.146166134395094,1.1467690768293677,1542
2024-11-18 13:00:00,1.1467690768293677,1.1470367598446705,1.1464176439099854,1.1465123490360418,7918
2024-11-18 14:00:00,1.1465123490360418,1.1466634686857107,1.1454237241809855,1.1456807844449004,4600
2024-11-18 15:00:00,1.1456807844449004,1.1461508108830727,1.1455814696674638,1.1460360347751404,2859
2024-11-18 16:00:00,1.1460360347751404,1.1468555711072717,1.1458118183635537,1.146709116645348,6093
2024-11-18 17:00:00,1.146709116645348,1.1468425952762822,1.1462352912529457,1.1464267213730857,3220
2024-11-18 18:00:00,1.1464267213730857,1.1474889933275165,1.1461227882852447,1.1472891005105763,2645
2024-11-18 19:00:00,1.1472891005105763,1.147438676116066,1.1470448352619764,1.147097253302049,4141
2024-11-18 20:00:00,1.147097253302049,1.147682145417695,1.147024842303935,1.1473143922112126,5975
2024-11-18 21:00:00,1.1473143922112126,1.1486119886505093,1.1472874308888201,1.1483355248554559,9662
2024-11-18 22:00:00,1.1483355248554559,1.149093472055814,1.14817754375607,1.1490543842180017,2928
2024-11-18 23:00:00,1.1490543842180017,1.1493050968564398,1.1487097680937466,1.1490136544344032,1562
2024-11-19 00:00:00,1.1490136544344032,1.1490305943617458,1.147636528654892,1.1479830409234328,8042
2024-11-19 01:00:00,1.1479830409234328,1.1482327449936947,1.1478957591899253,1.1482191525164618,653
2024-11-19 02:00:00,1.1482191525164618,1.1486117936248326,1.1481404903777512,1.1482455922287371,7151
2024-11-19 03:00:00,1.1482455922287371,1.1492021780098447,1.1478330256449523,1.1490685481340364,5999
2024-11-19 04:00:00,1.1490685481340364,1.1493015861497962,1.1490172933467244,1.149171671732235,9007
2024-11-19 05:00:00,1.149171671732235,1.1493541349816987,1.148980380680916,1.1489951391148956,4395
2024-11-19 06:00:00,1.1489951391148956,1.1495577454043073,1.1488553501320944,1.1493785624291935,5204
2024-11-19 07:00:00,1.1493785624291935,1.14957523276731,1.1480688951938867,1.1483491216411672,3489
2024-11-19 08:00:00,1.1483491216411672,1.1495495884224383,1.1481934628449155,1.1493927746270467,5419
2024-11-19 09:00:00,1.1493927746270467,1.1497645858687489,1.1493797849502694,1.1496794028202364,3751
2024-11-19 10:00:00,1.1496794028202364,1.1502116637714224,1.1495494684700827,1.1499872573407124,3235
2024-11-19 11:00:00,1.1499872573407124,1.1501258600846493,1.1496920670730362,1.1499124490420312,5363
2024-11-19 12:00:00,1.1499124490420312,1.1501594949976297,1.148763552989145,1.1489076863139707,7502
2024-11-19 13:00:00,1.1489076863139707,1.1496861582925149,1.1488193052231634,1.1491066504944905,3595
2024-11-19 14:00:00,1.1491066504944905,1.1491840806872116,1.1484119356522868,1.1484521212126766,1437
2024-11-19 15:00:00,1.1484521212126766,1.1484886238402117,1.1480144022317267,1.1481434976672564,5188
2024-11-19 16:00:00,1.1481434976672564,1.1486120439645584,1.1476085276287529,1.1478968271228536,6296
2024-11-19 17:00:00,1.1478968271228536,1.1490833422589566,1.1475576105565461,1.1489783604616084,3111
2024-11-19 18:00:00,1.1489783604616084,1.1498236014330665,1.1485999491766092,1.1492957602121365,2759
2024-11-19 19:00:00,1.1492957602121365,1.1495900600581839,1.148456973579557,1.1486253045928816,9456
2024-11-19 20:00:00,1.1486253045928816,1.1490362180541975,1.1481236466773284,1.1483867180658236,2835
2024-11-19 21:00:00,1.1483867180658236,1.1484528962219211,1.1473917511213698,1.147660092189505,5407
2024-11-19 22:00:00,1.147660092189505,1.1484831663244708,1.1472395518387934,1.1482027694708141,4913
2024-11-19 23:00:00,1.1482027694708141,1.1482870722002454,1.1476338649524809,1.1477335525487156,4813
2024-11-20 00:00:00,1.1477335525487156,1.1484693495907317,1.1476770418185671,1.1478839376222298,6856
2024-11-20 01:00:00,1.1478839376222298,1.1493419474394408,1.1477749989847654,1.1490819855913177,6697
2024-11-20 02:00:00,1.1490819855913177,1.1493129223594776,1.1489386976121556,1.149291845387356,278
2024-11-20 03:00:00,1.149291845387356,1.1494829904259463,1.1483641950879464,1.1483669516408725,1137
2024-11-20 04:00:00,1.1483669516408725,1.1496079988898011,1.1482033380022807,1.149286705843505,3934
2024-11-20 05:00:00,1.149286705843505,1.1502935347842254,1.1492641661995262,1.149691693468926,4878
2024-11-20 06:00:00,1.149691693468926,1.1498881519175737,1.148456506568004,1.1486599108723243,7526
2024-11-20 07:00:00,1.1486599108723243,1.1491985295318632,1.1486306257269803,1.1490209509291747,5884
2024-11-20 08:00:00,1.1490209509291747,1.1491321540720263,1.148347104479608,1.1489342977981067,6277
2024-11-20 09:00:00,1.1489342977981067,1.1489652529328942,1.14856199408688,1.1485841911937342,4905
2024-11-20 10:00:00,1.1485841911937342,1.1494834690427167,1.148467736171789,1.149088992699488,7499
2024-11-20 11:00:00,1.149088992699488,1.1492971671381698,1.1485588703109428,1.1485645743413202,7460
2024-11-20 12:00:00,1.1485645743413202,1.1485768634775042,1.1482459508427,1.1483737418128606,6431
2024-11-20 13:00:00,1.1483737418128606,1.14944779029853,1.14833584819625,1.14941283653067,3668
2024-11-20 14:00:00,1.14941283653067,1.1496654788782632,1.149032681704993,1.1494740916424013,4523
2024-11-20 15:00:00,1.1494740916424013,1.1496216582819447,1.1488176318859495,1.1489814994920287,4086
2024-11-20 16:00:00,1.1489814994920287,1.1496181535187642,1.1489533561322884,1.1495058546671184,3413
2024-11-20 17:00:00,1.1495058546671184,1.1497190048929178,1.1493800295977,1.1495016857894853,6340
2024-11-20 18:00:00,1.1495016857894853,1.1497038614179416,1.1484551058616126,1.1485170596972958,8783
2024-11-20 19:00:00,1.1485170596972958,1.1487684738786375,1.1484463825173856,1.1485372842771404,8205
2024-11-20 20:00:00,1.1485372842771404,1.15015890999726,1.1482977484322336,1.1498178414487297,409
2024-11-20 21:00:00,1.1498178414487297,1.1498405669209772,1.1489111757169266,1.149027704340631,7377
2024-11-20 22:00:00,1.149027704340631,1.1499204601111566,1.1487485246484836,1.1498603793194528,9993
2024-11-20 23:00:00,1.1498603793194528,1.149948866702029,1.1495905317007493,1.1497065500460488,9097
2024-11-21 00:00:00,1.1497065500460488,1.149761525133907,1.1493214915817496,1.1496157403209304,6828
2024-11-21 01:00:00,1.1496157403209304,1.150297114916691,1.149530581426121,1.1501957008084376,1992
2024-11-21 02:00:00,1.1501957008084376,1.150752086260272,1.149857430888137,1.15055804873296,9618
2024-11-21 03:00:00,1.15055804873296,1.1515489470995977,1.150362375157829,1.1512823518524946,2017
2024-11-21 04:00:00,1.1512823518524946,1.1513500926244826,1.150712760380979,1.1509789957404561,6599
2024-11-21 05:00:00,1.1509789957404561,1.1510282170236126,1.1497791727176343,1.150002445008001,5321
2024-11-21 06:00:00,1.150002445008001,1.150404317800815,1.149865906305827,1.150370726021584,2341
2024-11-21 07:00:00,1.150370726021584,1.1505519873691163,1.149552367897513,1.1497125982899052,7341
2024-11-21 08:00:00,1.1497125982899052,1.1497610930950322,1.1487682749246937,1.148833607085521,2073
2024-11-21 09:00:00,1.148833607085521,1.149047975137115,1.1481756388597266,1.1486551432033856,6038
2024-11-21 10:00:00,1.1486551432033856,1.149029548134389,1.1485548647941903,1.148864790359352,5626
2024-11-21 11:00:00,1.148864790359352,1.1493665601971925,1.1484789196905505,1.149202768645987,4078
2024-11-21 12:00:00,1.149202768645987,1.149423185233034,1.1476105567857837,1.1479003288610465,1415
2024-11-21 13:00:00,1.1479003288610465,1.1480490346934262,1.1463246314590472,1.146391730189477,8902
2024-11-21 14:00:00,1.146391730189477,1.1467714412792513,1.1456648276675632,1.1459500542314822,9781
2024-11-21 15:00:00,1.1459500542314822,1.1465004992457541,1.1457985039684266,1.1464015656341742,6895
2024-11-21 16:00:00,1.1464015656341742,1.1467570968824095,1.146258659557729,1.1464468537598334,8495
2024-11-21 17:00:00,1.1464468537598334,1.1465624847967943,1.1463643530408605,1.1465093433770739,6648
2024-11-21 18:00:00,1.1465093433770739,1.147107733453066,1.1463845847586653,1.146982188242438,1499
2024-11-21 19:00:00,1.146982188242438,1.147128172481819,1.1456099604732668,1.1458501297920258,1472
2024-11-21 20:00:00,1.1458501297920258,1.1462193246829744,1.1446751181226549,1.1449045189958813,9548
2024-11-21 21:00:00,1.1449045189958813,1.145590989225818,1.1448021902248984,1.1452412015945073,5206
2024-11-21 22:00:00,1.1452412015945073,1.1454318636564604,1.144626547865639,1.1449147440287109,3303
2024-11-21 23:00:00,1.1449147440287109,1.145027032050062,1.144545351387488,1.1445583117271843,9986
2024-11-22 00:00:00,1.1445583117271843,1.1451211823085878,1.144466841990232,1.1450000475765691,2782
2024-11-22 01:00:00,1.1450000475765691,1.145008507860986,1.1447484601921851,1.1448989286928266,8022
2024-11-22 02:00:00,1.1448989286928266,1.1449883204541405,1.1445362268385593,1.1446903027656066,8525
2024-11-22 03:00:00,1.1446903027656066,1.1449595913382462,1.1446307813435501,1.144759334952233,2237
2024-11-22 04:00:00,1.144759334952233,1.1453210631558164,1.1446906893664435,1.1452584305382405,7247
2024-11-22 05:00:00,1.1452584305382405,1.1455737100807823,1.1450383617640152,1.1451727039370356,2906
2024-11-22 06:00:00,1.1451727039370356,1.145245565718839,1.1448388913045195,1.1451204833465403,4950
2024-11-22 07:00:00,1.1451204833465403,1.147574724143668,1.1451053572724048,1.1474502636081865,2057
2024-11-22 08:00:00,1.1474502636081865,1.1474730281336845,1.14648254729865,1.146654499425789,9785
2024-11-22 09:00:00,1.146654499425789,1.1467044320361752,1.1456424750318928,1.1457178737330573,1031
2024-11-22 10:00:00,1.1457178737330573,1.1462376138436583,1.1451859856814466,1.1461917209176424,147
2024-11-22 11:00:00,1.1461917209176424,1.146332295581041,1.1461809171690487,1.1462405482914568,2370
2024-11-22 12:00:00,1.1462405482914568,1.1463311888749128,1.144853542380027,1.1449930518870026,5867
2024-11-22 13:00:00,1.1449930518870026,1.1450500347663657,1.1444983638706454,1.144737535702034,8018
2024-11-22 14:00:00,1.144737535702034,1.1456441207664432,1.1445127124840098,1.1453170008204228,4661
2024-11-22 15:00:00,1.1453170008204228,1.1464036948391225,1.1452035631607003,1.146394094292787,778
2024-11-22 16:00:00,1.146394094292787,1.1472863546661392,1.1462238726183285,1.147193810528657,1690
2024-11-22 17:00:00,1.147193810528657,1.1475001742185873,1.1471425841099252,1.1473913423149131,2618
2024-11-22 17:00:00,1.1473913423149131,1.1480653486572214,1.1472551541062663,1.1475138034723764,7232
2024-11-22 18:00:00,1.1475138034723764,1.147532148077102,1.1469111676807995,1.147154367282922,9120
2024-11-22 18:00:00,1.147154367282922,1.1483529029096466,1.1469451717120507,1.1483353056961643,1666
2024-11-22 19:00:00,1.1483353056961643,1.14836133231051,1.1475075496759664,1.1475330584058603,6783
2024-11-22 19:00:00,1.1475330584058603,1.147624321771864,1.146722820749756,1.1473395137083897,1667
2024-11-22 20:00:00,1.1473395137083897,1.1475317188701046,1.1466892747221809,1.1469176756292434,305
2024-11-22 20:00:00,1.1469176756292434,1.1471332976570119,1.1464447627770216,1.146750581750325,1905
2024-11-22 21:00:00,1.146750581750325,1.1470476781484795,1.1467289679034127,1.1467589394267395,8771
2024-11-22 21:00:00,1.1467589394267395,1.1484377351140909,1.1466982638649994,1.148402763454839,2220
2024-11-22 22:00:00,1.148402763454839,1.1484322832899558,1.1478645089300195,1.147894635798083,9753
2024-11-22 22:00:00,1.147894635798083,1.148920434085817,1.1476948065624433,1.1488163207297748,5910
2024-11-22 23:00:00,1.1488163207297748,1.1488634247876162,1.1475630707078668,1.1479683349188181,6785
2024-11-22 23:00:00,1.1479683349188181,1.1485934814392422,1.147898189396629,1.148460116232306,1537
2024-11-23 00:00:00,1.148460116232306,1.1485213273055166,1.1482977356421789,1.1483470221326955,2042
2024-11-23 01:00:00,1.1483470221326955,1.1484076294854928,1.1478885203751934,1.1480453962891768,2927
2024-11-23 02:00:00,1.1480453962891768,1.1485423843651419,1.147775785051647,1.148297220450636,7480
2024-11-23 03:00:00,1.148297220450636,1.1484938707719683,1.147944514657917,1.1480128516778947,9062
2024-11-23 04:00:00,1.1480128516778947,1.1494284975056535,1.1477230847900681,1.1492067567062396,8358
2024-11-23 05:00:00,1.1492067567062396,1.1506655774165004,1.148984640642738,1.1503447079297417,9737
2024-11-23 06:00:00,1.1503447079297417,1.1504651185098145,1.1495416382772647,1.1498938683547044,7736
2024-11-23 07:00:00,1.1498938683547044,1.1499034189304695,1.1494768780592177,1.1495215960872442,8655
2024-11-23 08:00:00,1.1495215960872442,1.1495580127098917,1.1483889814289825,1.1484648134674762,4595
2024-11-23 09:00:00,1.1484648134674762,1.1487732401582942,1.1474900116602924,1.147721911251007,2997
2024-11-23 10:00:00,1.147721911251007,1.1480129023874814,1.1468079035771463,1.1468511877766079,359
2024-11-23 11:00:00,1.1468511877766079,1.1472806099465847,1.1466641271075317,1.1470831960977297,8029
2024-11-23 12:00:00,1.1470831960977297,1.1474702706857611,1.147073221358036,1.1471713215829702,1168
2024-11-23 13:00:00,1.1471713215829702,1.147782621154369,1.146748320606257,1.1473735331937895,5093
2024-11-23 14:00:00,1.1473735331937895,1.147579365660417,1.147051015911868,1.147074626376751,9602
2024-11-23 15:00:00,1.147074626376751,1.1472148523363834,1.1462096292618615,1.1462876247438893,7807
2024-11-23 16:00:00,1.1462876247438893,1.1465050239613197,1.145607902451873,1.1458000892366489,7596
2024-11-23 17:00:00,1.1458000892366489,1.1459794505123821,1.1446987775421276,1.1448732642303654,6558
2024-11-23 18:00:00,1.1448732642303654,1.1449196772639285,1.1430686244601478,1.1435175058077263,1542
2024-11-23 19:00:00,1.1435175058077263,1.1438756062114006,1.1434982505157665,1.143635463215706,9620
2024-11-23 20:00:00,1.143635463215706,1.143741807390093,1.1432559923968941,1.1437296041848233,7183
2024-11-23 21:00:00,1.1437296041848233,1.1439043015423016,1.1428099420739417,1.1428728063631046,328
2024-11-23 22:00:00,1.1428728063631046,1.1430723790729322,1.1419648274622292,1.142053091942702,4945
2024-11-23 23:00:00,1.142053091942702,1.1433084487941267,1.1418073944791316,1.1430917945543195,9501
2024-11-24 00:00:00,1.1430917945543195,1.1431533575570307,1.1427981022673446,1.1429254362555767,2070
2024-11-24 01:00:00,1.1429254362555767,1.1435780687810544,1.142790727423115,1.1434130455091018,6361
2024-11-24 02:00:00,1.1434130455091018,1.1436744176122977,1.142945296812659,1.1432020402604666,8052
2024-11-24 03:00:00,1.1432020402604666,1.1435311867685722,1.1429199178592429,1.143247525274587,4327
2024-11-24 04:00:00,1.143247525274587,1.1454048507456036,1.1429700256081865,1.1452571617123675,1825
2024-11-24 05:00:00,1.1452571617123675,1.145357727891131,1.1449386156183246,1.1451157087435508,9908
2024-11-24 06:00:00,1.1451157087435508,1.1453370431185708,1.1450255159539442,1.1452351682789057,6285
2024-11-24 07:00:00,1.1452351682789057,1.145350778868744,1.145055434800548,1.1453013859150656,2582
2024-11-24 08:00:00,1.1453013859150656,1.145306160128815,1.1450052143377005,1.145092618661929,5385
2024-11-24 09:00:00,1.145092618661929,1.1455215119809878,1.144953586664185,1.1454098060364477,1550
2024-11-24 10:00:00,1.1454098060364477,1.1455287038624244,1.1449793825584451,1.1451895632570217,6291
2024-11-24 11:00:00,1.1451895632570217,1.1453234572899131,1.1446330000568568,1.1446648287925383,5261
2024-11-24 12:00:00,1.1446648287925383,1.1447039959652594,1.1440299769696725,1.1442687079268976,4380
2024-11-24 13:00:00,1.1442687079268976,1.1445110636502744,1.1439612768302798,1.1444071567710015,6041
2024-11-24 14:00:00,1.1444071567710015,1.14493376678907,1.1442600587528629,1.1449163706350025,8132
2024-11-24 15:00:00,1.1449163706350025,1.144990678902557,1.1437406160962802,1.1437991681004631,1355
2024-11-24 16:00:00,1.1437991681004631,1.1440998359798915,1.1433502144020435,1.143359905101128,500
2024-11-24 17:00:00,1.143359905101128,1.1433978753510219,1.1432474845331215,1.1433678460187542,5739
2024-11-24 18:00:00,1.1433678460187542,1.1435459890819082,1.1430692875589488,1.1433049313240826,5452
2024-11-24 19:00:00,1.1433049313240826,1.1439086561206193,1.1432051106259218,1.143519493766607,3564
2024-11-24 20:00:00,1.143519493766607,1.145054952482849,1.1433926847762494,1.144747423276111,5166
2024-11-24 21:00:00,1.144747423276111,1.1449523224796714,1.1447285463608992,1.1448276184085957,6745
2024-11-24 22:00:00,1.1448276184085957,1.1453296640381012,1.1441981731941653,1.1445125464318247,2514
2024-11-24 23:00:00,1.1445125464318247,1.1452319661684334,1.144458618534317,1.1451652724382257,1187
2024-11-25 00:00:00,1.1451652724382257,1.1454875231637862,1.1443773315683745,1.1444725480663303,3974
2024-11-25 01:00:00,1.1444725480663303,1.145575226885605,1.1444486524311157,1.1455414782179467,3260
2024-11-25 02:00:00,1.1455414782179467,1.1464402498665236,1.1454402311509062,1.1462561806644531,6599
2024-11-25 03:00:00,1.1462561806644531,1.146389673178851,1.1451133120474162,1.1453568705891752,9684
2024-11-25 04:00:00,1.1453568705891752,1.1457428591008199,1.1451389840295307,1.1454356411342959,9807
2024-11-25 05:00:00,1.1454356411342959,1.1460546583800981,1.1450730835894265,1.145874089548291,2793
2024-11-25 06:00:00,1.145874089548291,1.1462038169780298,1.1456469919211056,1.1460696295902677,3003
2024-11-25 07:00:00,1.1460696295902677,1.1461729183883629,1.1449484305403712,1.1450415878967926,6151
2024-11-25 08:00:00,1.1450415878967926,1.1461926608056838,1.1448022546091356,1.145823681518039,5476
2024-11-25 09:00:00,1.145823681518039,1.1461962439954876,1.1455709527999651,1.1460428259170663,320
2024-11-25 10:00:00,1.1460428259170663,1.1465548924340963,1.1459117094388047,1.146444465181268,6516
2024-11-25 11:00:00,1.146444465181268,1.1466749729971908,1.1462671733608407,1.146533208044342,3112
2024-11-25 12:00:00,1.146533208044342,1.147053575384044,1.1464618946688268,1.146765474319334,7644
2024-11-25 13:00:00,1.146765474319334,1.146815266062536,1.1467030144464934,1.1467883346705798,5466
2024-11-25 14:00:00,1.1467883346705798,1.1475074025478271,1.1465313266915402,1.147369911120093,8149
2024-11-25 15:00:00,1.147369911120093,1.1474882706130562,1.146793941328635,1.1471298382203063,5789
2024-11-25 16:00:00,1.1471298382203063,1.1476500508668732,1.1468335065076551,1.1476376398965147,9562
2024-11-25 17:00:00,1.1476376398965147,1.1481615409131638,1.147434122203726,1.1474502989480708,4368
2024-11-25 18:00:00,1.1474502989480708,1.1485144252334776,1.1473201118125935,1.148163054285485,5547
2024-11-25 19:00:00,1.148163054285485,1.14859124309478,1.1479095822491707,1.1482668779344707,4318
2024-11-25 20:00:00,1.1482668779344707,1.1484174858318306,1.1479728352323606,1.1483012721951409,735
2024-11-25 21:00:00,1.1483012721951409,1.1483992718690732,1.1477884351874257,1.1479677943840985,2837
2024-11-25 22:00:00,1.1479677943840985,1.148146644185492,1.145789044483001,1.145844005575832,5450
2024-11-25 23:00:00,1.145844005575832,1.1461859835287511,1.1452892231114136,1.1454161289281133,2796
2024-11-26 00:00:00,1.1454161289281133,1.1456123429843978,1.1452253170597093,1.1454323229443495,9791
2024-11-26 01:00:00,1.1454323229443495,1.1455077059476464,1.1453213863271676,1.1453868563192322,8792
2024-11-26 02:00:00,1.1453868563192322,1.1454576917900114,1.144647086871468,1.144743828130397,1756
2024-11-26 03:00:00,1.144743828130397,1.1447841265103798,1.14435336906587,1.1446725560225544,3458
2024-11-26 04:00:00,1.1446725560225544,1.1446924999917778,1.1444811383998539,1.1445171636778493,6564
2024-11-26 05:00:00,1.1445171636778493,1.1447932275927653,1.1439917176764007,1.1443632628421905,1996
2024-11-26 06:00:00,1.1443632628421905,1.1445160964017507,1.143945174317511,1.1442743740291148,2208
2024-11-26 07:00:00,1.1442743740291148,1.144887264203203,1.143915259948559,1.1446839928368824,9453
2024-11-26 08:00:00,1.1446839928368824,1.1448497233554273,1.1440015524972962,1.1442123240910265,225
2024-11-26 09:00:00,1.1442123240910265,1.1444086985078337,1.1435805172636766,1.143734279036801,3875
2024-11-26 10:00:00,1.143734279036801,1.1448382325390138,1.1435527262372072,1.1445064729196235,4387
2024-11-26 11:00:00,1.1445064729196235,1.1446093362065302,1.1441822853097752,1.144336562116058,2340
2024-11-26 12:00:00,1.144336562116058,1.1445829146579418,1.1429877370102597,1.1430620714472814,688
2024-11-26 13:00:00,1.1430620714472814,1.143464159196518,1.1429316089252937,1.143231807095843,3194
2024-11-26 14:00:00,1.143231807095843,1.1434087320645943,1.1430397101845942,1.143348352851906,9034
2024-11-26 15:00:00,1.143348352851906,1.1445601570832407,1.1432739557000873,1.1444082961689732,6626
2024-11-26 16:00:00,1.1444082961689732,1.1452474441848015,1.1440095223508715,1.1449912109412792,3327
2024-11-26 17:00:00,1.1449912109412792,1.1450180849987956,1.144174418525631,1.1442557976770904,9408
2024-11-26 18:00:00,1.1442557976770904,1.1445092767136562,1.1440328146383076,1.1440509610564171,9117
2024-11-26 19:00:00,1.1440509610564171,1.144100373921444,1.1423882085367338,1.1429887390337161,1803
2024-11-26 20:00:00,1.1429887390337161,1.1434696999887692,1.1422364989074643,1.142333355053432,6947
2024-11-26 21:00:00,1.142333355053432,1.1434369964151854,1.1422715030090278,1.1432467006790046,9445
2024-11-26 22:00:00,1.1432467006790046,1.1435605738681422,1.1423424827336692,1.1424595636013632,6317
2024-11-26 23:00:00,1.1424595636013632,1.142645329882394,1.1417944535359577,1.1418170322433592,9426
2024-11-27 00:00:00,1.1418170322433592,1.141979551182909,1.1415107885986506,1.1415155415162312,8143
2024-11-27 01:00:00,1.1415155415162312,1.1417756029440551,1.1411939032149732,1.1417397658947523,1605
2024-11-27 02:00:00,1.1417397658947523,1.1419205252507691,1.1410023335128554,1.1410501028041935,7132
2024-11-27 03:00:00,1.1410501028041935,1.1410694542577764,1.1404949983355102,1.1406080691729674,2344
2024-11-27 04:00:00,1.1406080691729674,1.1407215663186812,1.1393863939572946,1.1396042778104698,7180
2024-11-27 05:00:00,1.1396042778104698,1.1401656109682377,1.13951629476822,1.1398065744156125,3235
2024-11-27 06:00:00,1.1398065744156125,1.1399887252353669,1.1393223014279859,1.139548982707809,6185
2024-11-27 07:00:00,1.139548982707809,1.1396703919681541,1.1390397209592293,1.1392116321140198,7332
2024-11-27 08:00:00,1.1392116321140198,1.1395352061798014,1.1391551657810617,1.1394733251148335,8042
2024-11-27 09:00:00,1.1394733251148335,1.1398671354864298,1.139346947361755,1.1398443052429246,8460
2024-11-27 10:00:00,1.1398443052429246,1.1400157023124913,1.1395614452856528,1.1397012726045663,276
2024-11-27 11:00:00,1.1397012726045663,1.1405331984342906,1.1392469498477706,1.140298509851222,1268
2024-11-27 12:00:00,1.140298509851222,1.141595762205469,1.1401517638795495,1.1414713831104772,686
2024-11-27 13:00:00,1.1414713831104772,1.1420318613390983,1.1414373934065376,1.1418985164765831,154
2024-11-27 14:00:00,1.1418985164765831,1.1420566769010345,1.1416803302029124,1.1417524568724537,6877
2024-11-27 15:00:00,1.1417524568724537,1.1427281901770616,1.141646551364163,1.1424951298038024,8427
2024-11-27 16:00:00,1.1424951298038024,1.142625807970753,1.1420032209893276,1.1420703563369083,7639
2024-11-27 17:00:00,1.1420703563369083,1.1421996549601958,1.1417011424691899,1.1417081508068505,5242
2024-11-27 18:00:00,1.1417081508068505,1.1419025644094662,1.1416595867324717,1.1417702367091223,8829
2024-11-27 19:00:00,1.1417702367091223,1.1417907626349957,1.1406889644341134,1.140720364242237,8027
2024-11-27 20:00:00,1.140720364242237,1.14089156077676,1.1401245087242657,1.1403468863412551,2307
2024-11-27 21:00:00,1.1403468863412551,1.1405390913837348,1.139039270340856,1.1393584785477606,2665
2024-11-27 22:00:00,1.1393584785477606,1.1396443720391927,1.1391288216351367,1.1393743527827458,1828
2024-11-27 23:00:00,1.1393743527827458,1.1398511708666683,1.1393123746373937,1.1397583646234173,5596
2024-11-28 00:00:00,1.1397583646234173,1.140110859157569,1.1390650936854771,1.1391671245240853,807
2024-11-28 01:00:00,1.1391671245240853,1.1401989044441403,1.1390710867750709,1.1399481093213046,1340
2024-11-28 02:00:00,1.1399481093213046,1.1401743691503452,1.139459977784507,1.139533471155174,4459
2024-11-28 03:00:00,1.139533471155174,1.1403725870754409,1.1395200008956177,1.14032925721118,1675
2024-11-28 04:00:00,1.14032925721118,1.1403922838451281,1.1393794291757193,1.1394362291643767,3089
2024-11-28 05:00:00,1.1394362291643767,1.1396653519611488,1.138866984014336,1.1390933979336637,6243
2024-11-28 06:00:00,1.1390933979336637,1.1391681098698232,1.1381391218562316,1.1381711463525643,9476
2024-11-28 07:00:00,1.1381711463525643,1.1391484545833477,1.1381594329590279,1.1390233769822464,5079
2024-11-28 08:00:00,1.1390233769822464,1.1391635886519478,1.1387454285763883,1.1388917489496126,6322
2024-11-28 09:00:00,1.1388917489496126,1.1389303057503304,1.1379180777208406,1.1382829093539204,5686
2024-11-28 10:00:00,1.1382829093539204,1.1384082779754099,1.1375075800182797,1.137868316989459,4260
2024-11-28 11:00:00,1.137868316989459,1.139031437051884,1.1378117224973854,1.1388584446621866,668
2024-11-28 12:00:00,1.1388584446621866,1.1395446437122865,1.138570706579224,1.1394897814502816,1542
2024-11-28 13:00:00,1.1394897814502816,1.1396872468761836,1.1386838381302813,1.1389073331805981,1046
2024-11-28 14:00:00,1.1389073331805981,1.1397263703537137,1.1386692636380509,1.1393439005101953,8343
2024-11-28 15:00:00,1.1393439005101953,1.1397963519987946,1.1392516540146176,1.139603828074709,7069
2024-11-28 16:00:00,1.139603828074709,1.1404877830762954,1.1395833188085767,1.1404160715066218,7293
2024-11-28 17:00:00,1.1404160715066218,1.1404586419600544,1.139659420437902,1.1397149443059384,4587
2024-11-28 18:00:00,1.1397149443059384,1.1403654216410184,1.139702526657647,1.140192348700975,333
2024-11-28 19:00:00,1.140192348700975,1.1406416162104982,1.1397865747274425,1.1398508232824982,4627
2024-11-28 20:00:00,1.1398508232824982,1.1399949110108676,1.139733893162417,1.1398757637591153,9421
2024-11-28 21:00:00,1.1398757637591153,1.1410656965838077,1.1398297169363678,1.1408006141367257,4803
2024-11-28 22:00:00,1.1408006141367257,1.1422710709733328,1.140642776989573,1.1420867110910222,2651
2024-11-28 23:00:00,1.1420867110910222,1.1439501052076928,1.1420375309807285,1.143780241806768,4828
2024-11-29 00:00:00,1.143780241806768,1.144597936379423,1.1433738516018437,1.144347648867504,715
2024-11-29 01:00:00,1.144347648867504,1.144620554664111,1.1439829932844936,1.1443014197513213,2024
2024-11-29 02:00:00,1.1443014197513213,1.1448024189730852,1.1442980573819566,1.1446038959648945,7444
2024-11-29 03:00:00,1.1446038959648945,1.146028567755147,1.1446032215664526,1.1455853304394044,4028
2024-11-29 04:00:00,1.1455853304394044,1.1456589304274278,1.1447459272696165,1.1449666470614537,2445
2024-11-29 05:00:00,1.1449666470614537,1.1449764284213089,1.144104745277646,1.1446230386518919,4989
2024-11-29 06:00:00,1.1446230386518919,1.1447781124542433,1.14387772470724,1.1440058759202385,2872
2024-11-29 07:00:00,1.1440058759202385,1.144885439702454,1.1437374216018081,1.1447103578173703,1018
2024-11-29 08:00:00,1.1447103578173703,1.1451130155976312,1.144686061255356,1.1450082518848974,5295
2024-11-29 09:00:00,1.1450082518848974,1.1474395372120942,1.1448735969405484,1.147418199450413,7818
2024-11-29 10:00:00,1.147418199450413,1.147609131887375,1.1471671712671985,1.1471729704041067,4955
2024-11-29 11:00:00,1.1471729704041067,1.147236885725826,1.1464512441492372,1.1467226696331714,6343
2024-11-29 12:00:00,1.1467226696331714,1.1469700286112705,1.1456980694327241,1.1459262583302974,373
2024-11-29 13:00:00,1.1459262583302974,1.1473021483134402,1.1456102215970425,1.1469949323780326,2445
2024-11-29 14:00:00,1.1469949323780326,1.1470466440921858,1.1464891140636495,1.146616284372592,3173
2024-11-29 15:00:00,1.146616284372592,1.1467768660546185,1.1452496055434518,1.145334979273444,9247
2024-11-29 16:00:00,1.145334979273444,1.1461320266088086,1.145185163433742,1.146112259111479,3857
2024-11-29 17:00:00,1.146112259111479,1.1464118677785569,1.14544415760419,1.1454489648198474,6452
2024-11-29 17:00:00,1.1454489648198474,1.1459430225111624,1.145223190321318,1.145904896895937,5790
2024-11-29 18:00:00,1.145904896895937,1.146207252155005,1.1457980121836013,1.14604846394648,4892
2024-11-29 18:00:00,1.14604846394648,1.1462987097685728,1.144863082490868,1.1452248043528694,6689
2024-11-29 19:00:00,1.1452248043528694,1.1452883426309095,1.144377416959101,1.1446568106724442,2988
2024-11-29 19:00:00,1.1446568106724442,1.144890821033729,1.1443504546646257,1.144741867171297,2818
2024-11-29 20:00:00,1.144741867171297,1.145384557202212,1.1446220017507653,1.145309068374108,8888
2024-11-29 20:00:00,1.145309068374108,1.1457042699237348,1.1450733740509245,1.1455078473977884,4484
2024-11-29 21:00:00,1.1455078473977884,1.1455481002803072,1.1445010412510408,1.1446779089134616,2339
2024-11-29 21:00:00,1.1446779089134616,1.1447449692842226,1.1438399437978732,1.1443012064608686,4461
2024-11-29 22:00:00,1.1443012064608686,1.145308569016769,1.1442986581679448,1.1452445554376525,3944
2024-11-29 22:00:00,1.1452445554376525,1.1453581375729551,1.1441803253052685,1.1443710812812289,9127
2024-11-29 23:00:00,1.1443710812812289,1.1443761415989415,1.1438746867664678,1.1439987630215447,6486
2024-11-29 23:00:00,1.1439987630215447,1.1442705386930643,1.143849844944558,1.1442275989668287,4873
2024-11-30 00:00:00,1.1442275989668287,1.1447725627060426,1.1441826006960105,1.1444508518586949,9283
2024-11-30 01:00:00,1.1444508518586949,1.144773291056811,1.1442669331226567,1.14461092101812,4876
2024-11-30 02:00:00,1.14461092101812,1.14587823010735,1.1445049918350396,1.145864832809581,8992
2024-11-30 03:00:00,1.145864832809581,1.1465861615491746,1.1457010311862892,1.1463087682885702,5015
2024-11-30 04:00:00,1.1463087682885702,1.1463905226855386,1.1455462516685133,1.1459074985761826,5659
2024-11-30 05:00:00,1.1459074985761826,1.1462391379461818,1.1456681991942002,1.1458886866480638,1733
2024-11-30 06:00:00,1.1458886866480638,1.1470512263648385,1.145827483396186,1.1470069442453807,4781
2024-11-30 07:00:00,1.1470069442453807,1.1470527685140843,1.1461989707099711,1.1464081928299925,8369
2024-11-30 08:00:00,1.1464081928299925,1.1465338680251744,1.1461116707607135,1.1461198659283351,3845
2024-11-30 09:00:00,1.1461198659283351,1.1463007527984705,1.1455597848768695,1.1455646840797729,2846
2024-11-30 10:00:00,1.1455646840797729,1.145614880253587,1.1453068244351439,1.1453653219310609,3385
2024-11-30 11:00:00,1.1453653219310609,1.1455465481777323,1.1437877113281147,1.1439892850437219,3350
2024-11-30 12:00:00,1.1439892850437219,1.1440118247455313,1.1431838442908202,1.1433600197850293,8097
2024-11-30 13:00:00,1.1433600197850293,1.14445239009572,1.1433482396263654,1.1442728651005576,7296
2024-11-30 14:00:00,1.1442728651005576,1.1449044535334616,1.1440736444332797,1.1446348075245765,2752
2024-11-30 15:00:00,1.1446348075245765,1.1449931327117155,1.144189112945736,1.1449551501044017,6671
2024-11-30 16:00:00,1.1449551501044017,1.145026439517907,1.1441962538755723,1.1442302618725173,5025
2024-11-30 17:00:00,1.1442302618725173,1.1448676739243864,1.1441429997863888,1.1448609359900455,1864
2024-11-30 18:00:00,1.1448609359900455,1.1456435280605353,1.1447235219504435,1.1455694157099616,5287
2024-11-30 19:00:00,1.1455694157099616,1.1458434671571358,1.1455354978792278,1.1457650355960194,5681
2024-11-30 20:00:00,1.1457650355960194,1.1468020673509123,1.1455607196893556,1.1465552500019278,864
2024-11-30 21:00:00,1.1465552500019278,1.146684347086181,1.146438585141762,1.1466320507488335,6697
2024-11-30 22:00:00,1.1466320507488335,1.146868711443673,1.1465773590188972,1.1467892215839153,4212
2024-11-30 23:00:00,1.1467892215839153,1.147192375824147,1.1464686153891224,1.1467403641024123,7188
2024-12-01 00:00:00,1.1467403641024123,1.1468221349395367,1.1455236459640266,1.1456316343300974,4347
2024-12-01 01:00:00,1.1456316343300974,1.1469425164292946,1.145593374454389,1.146934425476096,8752
2024-12-01 02:00:00,1.146934425476096,1.1487281704158132,1.1468258709928616,1.1486912103560314,8891
2024-12-01 03:00:00,1.1486912103560314,1.1490670204808044,1.1484413753330454,1.148626521677818,7585
2024-12-01 04:00:00,1.148626521677818,1.1488667229835703,1.147361843164126,1.1474058224893762,5297
2024-12-01 05:00:00,1.1474058224893762,1.1479856225407639,1.1472945609646865,1.1479634403260819,4734
2024-12-01 06:00:00,1.1479634403260819,1.1479862137048278,1.1472946075807737,1.1476091641473656,8587
2024-12-01 07:00:00,1.1476091641473656,1.1478159663982392,1.1473783783296332,1.1474272608814753,6643
2024-12-01 08:00:00,1.1474272608814753,1.1478537875804893,1.1471077958133706,1.147643351327968,4633
2024-12-01 09:00:00,1.147643351327968,1.1477304810277944,1.1471537119817614,1.1475828783827955,1522
2024-12-01 10:00:00,1.1475828783827955,1.148939867339709,1.1475639971814051,1.148797673458387,8956
2024-12-01 11:00:00,1.148797673458387,1.1505054775241288,1.1486585733622974,1.1501959063103704,7311
2024-12-01 12:00:00,1.1501959063103704,1.1504496910788635,1.1500389278860326,1.1501393370091257,3543
2024-12-01 13:00:00,1.1501393370091257,1.1504885524172548,1.150072901442806,1.1503658162116315,8850
2024-12-01 14:00:00,1.1503658162116315,1.1507818947470063,1.1503177004661878,1.1505708724400046,2632
2024-12-01 15:00:00,1.1505708724400046,1.150868172178232,1.1502423548131275,1.15065823477443,1207
2024-12-01 16:00:00,1.15065823477443,1.1511802146472667,1.1499657496887563,1.1500390400497114,4861
2024-12-01 17:00:00,1.1500390400497114,1.1501423628213083,1.1493769658949349,1.1494653309403207,6160
2024-12-01 18:00:00,1.1494653309403207,1.1495450222543853,1.1490793169948976,1.1491957774211836,205
2024-12-01 19:00:00,1.1491957774211836,1.1493464059963983,1.1484454151072583,1.1486488740267964,3778
2024-12-01 20:00:00,1.1486488740267964,1.1488632137528996,1.1480676195666863,1.1482208224977577,9998
2024-12-01 21:00:00,1.1482208224977577,1.148952290420411,1.1480823097045838,1.1489389958228249,8235
2024-12-01 22:00:00,1.1489389958228249,1.1501943982066858,1.1488347065171465,1.1501616394408807,890
2024-12-01 23:00:00,1.1501616394408807,1.1505130937862498,1.1500674002742741,1.1504130626911584,9103
2024-12-02 00:00:00,1.1504130626911584,1.1512004626222248,1.1501064742597389,1.1506920558262816,5045
2024-12-02 01:00:00,1.1506920558262816,1.151141430449957,1.150180855655398,1.1502933737937342,8461
2024-12-02 02:00:00,1.1502933737937342,1.1503430926752778,1.1497474637378418,1.1498805148768327,7023
2024-12-02 03:00:00,1.1498805148768327,1.1503502900709155,1.1489638127969444,1.1495546909167604,4545
2024-12-02 04:00:00,1.1495546909167604,1.1510824520747267,1.1491802068957937,1.1509333342164212,6709
2024-12-02 05:00:00,1.1509333342164212,1.1513498632390307,1.1502736076412514,1.1505027832798456,6204
2024-12-02 06:00:00,1.1505027832798456,1.1505050995029213,1.1494284733434121,1.1495936686162338,2032
2024-12-02 07:00:00,1.1495936686162338,1.1496034588008193,1.1485117593512266,1.1485935448194062,1851
2024-12-02 08:00:00,1.1485935448194062,1.1490467385511656,1.1483910406924442,1.1490316420805333,5300
2024-12-02 09:00:00,1.1490316420805333,1.1493068499596129,1.1480776879482117,1.1483488216798572,8740
2024-12-02 10:00:00,1.1483488216798572,1.148576431493007,1.148083208887385,1.1483825050059477,2779
2024-12-02 11:00:00,1.1483825050059477,1.1495702896750222,1.1482907249915586,1.1491019126896282,9416
2024-12-02 12:00:00,1.1491019126896282,1.1491030068052293,1.1483640385480391,1.148381318275389,1492
2024-12-02 13:00:00,1.148381318275389,1.1490464667514073,1.148260853538788,1.148780164291585,1918
2024-12-02 14:00:00,1.148780164291585,1.1495233902879989,1.148675085001117,1.1493347462117038,1783
2024-12-02 15:00:00,1.1493347462117038,1.1504208914872307,1.1493102974253862,1.150294152057738,9580
2024-12-02 16:00:00,1.150294152057738,1.1505575699385826,1.149133637110226,1.1498208495881597,2349
2024-12-02 17:00:00,1.1498208495881597,1.149921019816406,1.149011989986309,1.1490268134407913,9433
2024-12-02 18:00:00,1.1490268134407913,1.1490682265856196,1.1469761402883527,1.1473934282447582,1148
2024-12-02 19:00:00,1.1473934282447582,1.1478335555268442,1.147013420659849,1.1475326785593327,5790
2024-12-02 20:00:00,1.1475326785593327,1.1476939339669283,1.1465010609870097,1.146841463327239,6151
2024-12-02 21:00:00,1.146841463327239,1.1472604592962157,1.146599352798092,1.147251679475023,7314
2024-12-02 22:00:00,1.147251679475023,1.1481458068034816,1.147153854602671,1.1480823319602478,7684
2024-12-02 23:00:00,1.1480823319602478,1.148351534724833,1.147546620274023,1.1476275373688773,4729
2024-12-03 00:00:00,1.1476275373688773,1.147816502147606,1.147092657083198,1.147170214448576,4302
2024-12-03 01:00:00,1.147170214448576,1.148458955652165,1.1471467709973615,1.148098944289809,9213
2024-12-03 02:00:00,1.148098944289809,1.1487261968097815,1.1478093207576001,1.1486344521012994,9001
2024-12-03 03:00:00,1.1486344521012994,1.1489683320543471,1.148329732717879,1.1489295601700396,5188
2024-12-03 04:00:00,1.1489295601700396,1.1490550833682838,1.1483388710888043,1.148507366905654,546
2024-12-03 05:00:00,1.148507366905654,1.148876800932469,1.148409578621222,1.148801385989084,2609
2024-12-03 06:00:00,1.148801385989084,1.1488266502436753,1.1472407704017054,1.1476227865045883,7649
2024-12-03 07:00:00,1.1476227865045883,1.1477691244820476,1.1463327823739686,1.1466103810145107,1172
2024-12-03 08:00:00,1.1466103810145107,1.1475517772099548,1.1465009954122887,1.1474482111288216,3228
2024-12-03 09:00:00,1.1474482111288216,1.1477088638184125,1.1472131136446921,1.1475173775263217,7275
2024-12-03 10:00:00,1.1475173775263217,1.1475548584332602,1.1467758872276967,1.1468197418847594,6939
2024-12-03 11:00:00,1.1468197418847594,1.1476630127207612,1.146685559174521,1.1472800963276644,4218
2024-12-03 12:00:00,1.1472800963276644,1.1473217705063348,1.1470657122691912,1.1471682889831036,9359
2024-12-03 13:00:00,1.1471682889831036,1.147286585911748,1.1468054747430811,1.1472835469563887,7845
2024-12-03 14:00:00,1.1472835469563887,1.148215076865781,1.1471597412562424,1.1481786045053493,5990
2024-12-03 15:00:00,1.1481786045053493,1.1486628729286836,1.1473518070066888,1.147440496894219,8728
2024-12-03 16:00:00,1.147440496894219,1.1474575061037846,1.1466614434882187,1.14688854951026,5104
2024-12-03 17:00:00,1.14688854951026,1.147010888517111,1.1466344723046342,1.1469854123902177,1192
2024-12-03 18:00:00,1.1469854123902177,1.1471006151855616,1.1467808146780476,1.1468304970907586,693
2024-12-03 19:00:00,1.1468304970907586,1.1470689372014318,1.1456633513542522,1.145766512231815,376
2024-12-03 20:00:00,1.145766512231815,1.1461530000638105,1.1452750321782244,1.1459737159872212,4687
2024-12-03 21:00:00,1.1459737159872212,1.14648273306958,1.1456992973385947,1.1464758191861901,8374
2024-12-03 22:00:00,1.1464758191861901,1.1466373065404785,1.1456589578480745,1.1459673169136058,3483
2024-12-03 23:00:00,1.1459673169136058,1.1463215404938096,1.1457825374829531,1.1460881131249474,7653
2024-12-04 00:00:00,1.1460881131249474,1.1462418604552655,1.144743705720014,1.1449712991178143,567
2024-12-04 01:00:00,1.1449712991178143,1.14528265241004,1.1438998760686645,1.1441134051830364,5360
2024-12-04 02:00:00,1.1441134051830364,1.1445010283519812,1.1433156831817617,1.1434748384965667,1097
2024-12-04 03:00:00,1.1434748384965667,1.1435746966324265,1.1425243070241422,1.1426021498575407,2479
2024-12-04 04:00:00,1.1426021498575407,1.143657905736415,1.1421813676658563,1.1433501502782013,5148
2024-12-04 05:00:00,1.1433501502782013,1.1434222741516795,1.143019336112152,1.1430318341092895,9584
2024-12-04 06:00:00,1.1430318341092895,1.1434506513795204,1.1429249096902303,1.143140885123442,4195
2024-12-04 07:00:00,1.143140885123442,1.1440770428327365,1.1428830800779157,1.1436379858200003,9659
2024-12-04 08:00:00,1.1436379858200003,1.143859959621471,1.1421443372049407,1.1424981222643276,7921
2024-12-04 09:00:00,1.1424981222643276,1.142592013112295,1.142072901520525,1.142132621426589,7125
2024-12-04 10:00:00,1.142132621426589,1.142657297508345,1.1417953666854208,1.142450632867195,193
2024-12-04 11:00:00,1.142450632867195,1.1438660023644736,1.1422635419269482,1.1433589253621372,9214
2024-12-04 12:00:00,1.1433589253621372,1.144421416669214,1.143336725157379,1.144361014792096,7393
2024-12-04 13:00:00,1.144361014792096,1.1446235906290136,1.1443315263017786,1.1445194712127407,2009
2024-12-04 14:00:00,1.1445194712127407,1.14471129072097,1.1440122753172655,1.1440190243153614,7154
2024-12-04 15:00:00,1.1440190243153614,1.1446712765239382,1.1439763660103317,1.144516974816375,1979
2024-12-04 16:00:00,1.144516974816375,1.1450328078293042,1.1444109129616267,1.1446386330867022,1258
2024-12-04 17:00:00,1.1446386330867022,1.145173079893578,1.1443180004135587,1.1451680221510037,5321
2024-12-04 18:00:00,1.1451680221510037,1.1455259458409346,1.1451386732364246,1.1454307388791753,457
2024-12-04 19:00:00,1.1454307388791753,1.1455261866515456,1.1438029937234326,1.1441360251538475,8433
2024-12-04 20:00:00,1.1441360251538475,1.1443660125850155,1.143854848254937,1.1439777463651633,2318
2024-12-04 21:00:00,1.1439777463651633,1.1448117305922259,1.1438550142715815,1.1446426483957834,7632
2024-12-04 22:00:00,1.1446426483957834,1.144781432839568,1.1442435352972935,1.1443223353598992,8006
2024-12-04 23:00:00,1.1443223353598992,1.1450406842669518,1.144167764674979,1.1449092574853632,9370
2024-12-05 00:00:00,1.1449092574853632,1.1456970029329625,1.1445896070134634,1.1455739670672767,8793
2024-12-05 01:00:00,1.1455739670672767,1.1458621130323488,1.1444681834013206,1.1447194396484934,6174
2024-12-05 02:00:00,1.1447194396484934,1.144728378005026,1.144135317761664,1.1441502515708828,8025
2024-12-05 03:00:00,1.1441502515708828,1.1444409722248534,1.1432703515996674,1.1435248157406497,985
2024-12-05 04:00:00,1.1435248157406497,1.143611823631552,1.141673839428792,1.1419212146763589,3039
2024-12-05 05:00:00,1.1419212146763589,1.1420562748423322,1.1416231901452787,1.1416674065688686,8894
2024-12-05 06:00:00,1.1416674065688686,1.1429316068988853,1.1416116954127953,1.1426934479572335,5918
2024-12-05 07:00:00,1.1426934479572335,1.1442932084124413,1.142567681813852,1.1442845144573468,1824
2024-12-05 08:00:00,1.1442845144573468,1.1445451966229538,1.1438912496898301,1.1440529020103236,6029
2024-12-05 09:00:00,1.1440529020103236,1.1449602944005146,1.1440341582749318,1.144829195857958,271
2024-12-05 10:00:00,1.144829195857958,1.1450308458181704,1.1447401205845587,1.1449370216765475,4776
2024-12-05 11:00:00,1.1449370216765475,1.1460901850836103,1.1448147529907668,1.146036682723483,1401
2024-12-05 12:00:00,1.146036682723483,1.146271429403221,1.1451332728054724,1.1451424217432242,183
2024-12-05 13:00:00,1.1451424217432242,1.1452196227877405,1.1437929390390753,1.1441386557942315,6331
2024-12-05 14:00:00,1.1441386557942315,1.144914213794383,1.1440402422962244,1.1447171505796554,9463
2024-12-05 15:00:00,1.1447171505796554,1.144734891296277,1.1440701485881692,1.1444475304453516,9235
2024-12-05 16:00:00,1.1444475304453516,1.1446484886137955,1.1438360833867627,1.1440384339168626,4928
2024-12-05 17:00:00,1.1440384339168626,1.145337629950311,1.1437845412694687,1.145281517791847,6779
2024-12-05 18:00:00,1.145281517791847,1.1455852727929452,1.144586377956096,1.1446236467285253,1886
2024-12-05 19:00:00,1.1446236467285253,1.1458963908771107,1.1445462130032,1.1456797170178386,4409
2024-12-05 20:00:00,1.1456797170178386,1.146279651903353,1.145568574308929,1.1461663102069357,9098
2024-12-05 21:00:00,1.1461663102069357,1.1473528723189659,1.1457604730830477,1.1470447216739126,8602
2024-12-05 22:00:00,1.1470447216739126,1.1472691126272572,1.1468108557045495,1.1472588374101211,1860
2024-12-05 23:00:00,1.1472588374101211,1.147384620822296,1.14665658916867,1.1467184107719606,5591
2024-12-06 00:00:00,1.1467184107719606,1.1468701227901044,1.1466101588572144,1.146828985006629,2330
2024-12-06 01:00:00,1.146828985006629,1.148061366205926,1.1467829364723345,1.1477065093674812,6441
2024-12-06 02:00:00,1.1477065093674812,1.1478135360921835,1.1465767850345927,1.1466606372907258,2082
2024-12-06 03:00:00,1.1466606372907258,1.1467346723812897,1.146223395306869,1.1463590646839328,9648
2024-12-06 04:00:00,1.1463590646839328,1.147841106965161,1.1462582859458466,1.147551423470206,6653
2024-12-06 05:00:00,1.147551423470206,1.1480785402718698,1.1474010599329483,1.1477821147519789,6964
2024-12-06 06:00:00,1.1477821147519789,1.147825610054802,1.1470980830394968,1.147113887495738,456
2024-12-06 07:00:00,1.147113887495738,1.1475356681121054,1.1470154333369333,1.1474240551583916,5051
2024-12-06 08:00:00,1.1474240551583916,1.1477477085962018,1.1462420843445646,1.1465997274725612,9490
2024-12-06 09:00:00,1.1465997274725612,1.1466752563050175,1.1459283858333167,1.1464184786299647,5160
2024-12-06 10:00:00,1.1464184786299647,1.1477325041811075,1.146354586170752,1.1477109958002756,4834
2024-12-06 11:00:00,1.1477109958002756,1.1480504550301132,1.1465505477779045,1.1465827613950592,2411
2024-12-06 12:00:00,1.1465827613950592,1.1471394304980582,1.1463869946160805,1.1470698913320228,5710
2024-12-06 13:00:00,1.1470698913320228,1.147301355409509,1.146681401509248,1.1467841800528,8818
2024-12-06 14:00:00,1.1467841800528,1.1477173290583769,1.1464985244622214,1.1476588010810589,3344
2024-12-06 15:00:00,1.1476588010810589,1.1479231296413088,1.1470304892637004,1.1475687292149124,6984
2024-12-06 16:00:00,1.1475687292149124,1.1484218520711422,1.147512365197709,1.1480801637979654,464
2024-12-06 17:00:00,1.1480801637979654,1.1480991636572475,1.147582632616751,1.1477718982505851,7662
2024-12-06 17:00:00,1.1477718982505851,1.1483293373672148,1.1475090887258883,1.1482753446084104,3431
2024-12-06 18:00:00,1.1482753446084104,1.1483744100374191,1.1477080608613053,1.147762496790213,212
2024-12-06 18:00:00,1.147762496790213,1.1492305179452225,1.1476576793234265,1.149167799409898,4674
2024-12-06 19:00:00,1.149167799409898,1.1496271515740026,1.1485033949400798,1.1487962688451074,9139
2024-12-06 19:00:00,1.1487962688451074,1.1500513125017588,1.1487351718498922,1.150015156698132,2629
2024-12-06 20:00:00,1.150015156698132,1.1517359424395528,1.1499081041572299,1.1517324048265691,9961
2024-12-06 20:00:00,1.1517324048265691,1.1519185254329014,1.1512474105898505,1.1513833407994394,6671
2024-12-06 21:00:00,1.1513833407994394,1.1515798582757015,1.1513584141222126,1.1513695012580374,7784
2024-12-06 21:00:00,1.1513695012580374,1.1522244990682793,1.1510231626603067,1.1519320327464504,8251
2024-12-06 22:00:00,1.1519320327464504,1.1521805660931834,1.1514341253281433,1.1520358413909728,8872
2024-12-06 22:00:00,1.1520358413909728,1.1520482918828598,1.1518208195712143,1.1519586134384818,8667
2024-12-06 23:00:00,1.1519586134384818,1.1524702156037911,1.1516737956191256,1.1524474088261023,3077
2024-12-06 23:00:00,1.1524474088261023,1.1525660887398188,1.1517715772663741,1.1518493044791867,2713
2024-12-07 00:00:00,1.1518493044791867,1.1519902577518366,1.1515280924847513,1.151620239588137,9163
2024-12-07 01:00:00,1.151620239588137,1.1520805923593431,1.1509148818650359,1.1509267110534973,584
2024-12-07 02:00:00,1.1509267110534973,1.1510021438057356,1.1491687865514482,1.1492771941254203,6980
2024-12-07 03:00:00,1.1492771941254203,1.1496125176296992,1.14897473531909,1.149442885055053,3860
2024-12-07 04:00:00,1.149442885055053,1.1499563342874175,1.149432306590048,1.1498168079063376,5732
2024-12-07 05:00:00,1.1498168079063376,1.1506728967747688,1.1496348079858147,1.1504483007867523,1810
2024-12-07 06:00:00,1.1504483007867523,1.1505360477947637,1.1491211016092582,1.149222014464325,1260
2024-12-07 07:00:00,1.149222014464325,1.1494521017682722,1.1482066952914918,1.1482553367529726,6517
2024-12-07 08:00:00,1.1482553367529726,1.1485764202691355,1.1481105991075622,1.148274719163133,9673
2024-12-07 09:00:00,1.148274719163133,1.1483923299154986,1.1473446516846793,1.1475294452868061,330
2024-12-07 10:00:00,1.1475294452868061,1.1477039264361577,1.1472375690593262,1.1473147062446623,6474
2024-12-07 11:00:00,1.1473147062446623,1.1475204799076055,1.1471700970271976,1.14723085414741,3286
2024-12-07 12:00:00,1.14723085414741,1.1473265378807178,1.1465306330961578,1.1469730038875148,6953
2024-12-07 13:00:00,1.1469730038875148,1.1472906870591815,1.1462813537761463,1.1463951661428038,2662
2024-12-07 14:00:00,1.1463951661428038,1.1471006399968302,1.1462005667898993,1.147088927586721,2131
2024-12-07 15:00:00,1.147088927586721,1.1470936711392286,1.1465148668376721,1.146669423130964,211
2024-12-07 16:00:00,1.146669423130964,1.14734086514322,1.146564460914119,1.1472907734224207,3317
2024-12-07 17:00:00,1.1472907734224207,1.1474765059578458,1.1465963278340199,1.1469347311456337,6007
2024-12-07 18:00:00,1.1469347311456337,1.147268907668199,1.145823859954613,1.1458933800499997,9664
2024-12-07 19:00:00,1.1458933800499997,1.1464810599823856,1.1457978648277203,1.1464043404061488,9523
2024-12-07 20:00:00,1.1464043404061488,1.146666565796095,1.1458045039303275,1.1459247218435358,8295
2024-12-07 21:00:00,1.1459247218435358,1.1459320735265448,1.1458201928388299,1.1458932067320033,6352
2024-12-07 22:00:00,1.1458932067320033,1.1459927599494102,1.1454480209564204,1.145518780258019,3249
2024-12-07 23:00:00,1.145518780258019,1.1456681616385782,1.1444253489157183,1.144549255087591,1820
2024-12-08 00:00:00,1.144549255087591,1.1450162553826657,1.1445314138745497,1.1447616636060745,4934
2024-12-08 01:00:00,1.1447616636060745,1.1454216971749516,1.144550037662489,1.1450175985408466,2196
2024-12-08 02:00:00,1.1450175985408466,1.1453565929407077,1.1448775331082413,1.1451937081463701,9424
2024-12-08 03:00:00,1.1451937081463701,1.1458946161815533,1.144906801471018,1.1458359748073375,621
2024-12-08 04:00:00,1.1458359748073375,1.145993343257107,1.145352917735661,1.1454408038277175,2523
2024-12-08 05:00:00,1.1454408038277175,1.1463740901141026,1.1451250215146282,1.1462004227352451,5342
2024-12-08 06:00:00,1.1462004227352451,1.146249201443171,1.1460965366004308,1.146112409803109,6831
2024-12-08 07:00:00,1.146112409803109,1.1461510975792002,1.1458749650402928,1.1461111719858943,734
2024-12-08 08:00:00,1.1461111719858943,1.1461344713250328,1.1452844977995156,1.1453231422403873,8940
2024-12-08 09:00:00,1.1453231422403873,1.1454719106838027,1.1452658316515714,1.1454228283871934,9464
2024-12-08 10:00:00,1.1454228283871934,1.145487711081363,1.1448589638141495,1.144925414024111,7785
2024-12-08 11:00:00,1.144925414024111,1.1453187523517274,1.1446589817874633,1.1452151471158236,466
2024-12-08 12:00:00,1.1452151471158236,1.1454013764559388,1.144714953147329,1.1448461130807666,6389
2024-12-08 13:00:00,1.1448461130807666,1.1449025734034657,1.144130701687642,1.1441493725618992,3883
2024-12-08 14:00:00,1.1441493725618992,1.14449543508318,1.1428768222849703,1.1430083009224792,6126
2024-12-08 15:00:00,1.1430083009224792,1.1430878608931607,1.1423183065261138,1.142436234107869,4088
2024-12-08 16:00:00,1.142436234107869,1.142585360513176,1.1424141668861938,1.1425592698281342,4407
2024-12-08 17:00:00,1.1425592698281342,1.1426438845787825,1.1425370064939804,1.1425543765232307,5477
2024-12-08 18:00:00,1.1425543765232307,1.1426764928426598,1.1417552137541482,1.1418505834859798,8916
2024-12-08 19:00:00,1.1418505834859798,1.1422518780089872,1.1412030069770385,1.1413394783796211,1903
2024-12-08 20:00:00,1.1413394783796211,1.1416491245127793,1.1410814942816527,1.1411681076189488,1334
2024-12-08 21:00:00,1.1411681076189488,1.1413612667745932,1.1408611764812113,1.1412640029821273,9398
2024-12-08 22:00:00,1.1412640029821273,1.1418144360708509,1.1411738066996866,1.1417218818617911,7350
2024-12-08 23:00:00,1.1417218818617911,1.142135637748386,1.141533626450793,1.141553799472734,861
2024-12-09 00:00:00,1.141553799472734,1.1419304062261875,1.1412895252516007,1.1417130171613241,8640
2024-12-09 01:00:00,1.1417130171613241,1.1417463219638648,1.1404538987923019,1.1407097582918597,6431
2024-12-09 02:00:00,1.1407097582918597,1.1421765976450775,1.1406697685882348,1.1415323641455095,7685
2024-12-09 03:00:00,1.1415323641455095,1.1419858457339327,1.1415117027421762,1.1417146671287806,7070
2024-12-09 04:00:00,1.1417146671287806,1.1419274321427995,1.1410849944566235,1.141116241606411,995
2024-12-09 05:00:00,1.141116241606411,1.1421457727930224,1.1409931460054996,1.1418001732213048,7551
2024-12-09 06:00:00,1.1418001732213048,1.1429192635156524,1.1417888526934319,1.142729285964434,430
2024-12-09 07:00:00,1.142729285964434,1.1429937961766385,1.1427244806991905,1.1428834142065691,3651
2024-12-09 08:00:00,1.1428834142065691,1.143133272077824,1.1419501505149952,1.1421494342474745,1022
2024-12-09 09:00:00,1.1421494342474745,1.1421555488043431,1.141348811504767,1.1416111357802523,1618
2024-12-09 10:00:00,1.1416111357802523,1.1417394692895018,1.1405406332479529,1.1410456273273142,5528
2024-12-09 11:00:00,1.1410456273273142,1.1414499848254742,1.1404043928322727,1.1405820437919112,3550
2024-12-09 12:00:00,1.1405820437919112,1.1409593446151025,1.1404187888742647,1.1407210479435652,5213
2024-12-09 13:00:00,1.1407210479435652,1.1407250319440607,1.1398823178742572,1.1402283040170902,3438
2024-12-09 14:00:00,1.1402283040170902,1.1402815670454454,1.1401964535557274,1.1402358755768276,8296
2024-12-09 15:00:00,1.1402358755768276,1.1405244224827367,1.1395107083939957,1.139776599369778,8197
2024-12-09 16:00:00,1.139776599369778,1.139945915600699,1.1396499316622557,1.1397936873381684,6561
2024-12-09 17:00:00,1.1397936873381684,1.1398748029751598,1.1395658229281276,1.1397324066087517,8338
2024-12-09 18:00:00,1.1397324066087517,1.139793646093705,1.1385415897810192,1.138699496313151,9341
2024-12-09 19:00:00,1.138699496313151,1.1389705055049737,1.1386338820002209,1.1389216294760012,5434
2024-12-09 20:00:00,1.1389216294760012,1.1390576317720091,1.1385721936217676,1.1385759145628982,8590
2024-12-09 21:00:00,1.1385759145628982,1.1387256127644572,1.137735441950252,1.137962792166064,8352
2024-12-09 22:00:00,1.137962792166064,1.1383783211224001,1.1375021651395885,1.1378732819468684,7241
2024-12-09 23:00:00,1.1378732819468684,1.1383743719625274,1.1378673584294017,1.1379535328025412,3587
2024-12-10 00:00:00,1.1379535328025412,1.1380323332349676,1.1376304010989498,1.1376550769022171,5858
2024-12-10 01:00:00,1.1376550769022171,1.1380381618830293,1.137534443740413,1.137887471462885,1924
2024-12-10 02:00:00,1.137887471462885,1.1384900771374726,1.1378345498036124,1.1382331295636647,855
2024-12-10 03:00:00,1.1382331295636647,1.1387564784604889,1.1380416599114702,1.1383809053392142,8867
2024-12-10 04:00:00,1.1383809053392142,1.1384714702652998,1.1366323287716553,1.1370230518808573,7210
2024-12-10 05:00:00,1.1370230518808573,1.1370923821191643,1.1364387085675096,1.1364915391422545,2324
2024-12-10 06:00:00,1.1364915391422545,1.136556588747294,1.1356698332476816,1.1359980263278853,9842
2024-12-10 07:00:00,1.1359980263278853,1.1361775657502737,1.1353930474846543,1.135471348831594,6519
2024-12-10 08:00:00,1.135471348831594,1.137269012289609,1.1353554530649492,1.1372429584545516,633
2024-12-10 09:00:00,1.1372429584545516,1.1374070165539831,1.1363757460254027,1.1363936926328115,2091
2024-12-10 10:00:00,1.1363936926328115,1.1364299190508074,1.1357637689498383,1.1357791355048397,963
2024-12-10 11:00:00,1.1357791355048397,1.136104272046336,1.1353074539397205,1.1357738638605734,4607
2024-12-10 12:00:00,1.1357738638605734,1.1361333849705164,1.1355990329216619,1.1360653867483574,9346
2024-12-10 13:00:00,1.1360653867483574,1.136520828012476,1.1356498632116545,1.1362604662369848,3126
2024-12-10 14:00:00,1.1362604662369848,1.1366002179429424,1.136193302812994,1.1365081343147805,6061
2024-12-10 15:00:00,1.1365081343147805,1.136937161563599,1.1360935865671897,1.1362764291673864,1308
2024-12-10 16:00:00,1.1362764291673864,1.1364793633242447,1.1346660704743454,1.1346855772650992,1710
2024-12-10 17:00:00,1.1346855772650992,1.1349153662735612,1.1333921871158126,1.1334146591864176,4427
2024-12-10 18:00:00,1.1334146591864176,1.133425426391329,1.1332235036581877,1.13325067697945,1197
2024-12-10 19:00:00,1.13325067697945,1.1336291020380145,1.1327056458268026,1.1327933675756698,352
2024-12-10 20:00:00,1.1327933675756698,1.1329637207360932,1.1324039494784217,1.1324903561739132,533
2024-12-10 21:00:00,1.1324903561739132,1.1327560884548709,1.1316733881278398,1.1319414125282254,2056
2024-12-10 22:00:00,1.1319414125282254,1.1321249871888546,1.1315637160035643,1.131765836174141,2888
2024-12-10 23:00:00,1.131765836174141,1.1318391369036909,1.1307061420319613,1.1308467518928984,9514
2024-12-11 00:00:00,1.1308467518928984,1.1308901984863924,1.1304045279814643,1.1307374572887512,183
2024-12-11 01:00:00,1.1307374572887512,1.1309677080635423,1.1300331635915668,1.1302313141533389,9003
2024-12-11 02:00:00,1.1302313141533389,1.130310308425654,1.1287571046793712,1.1290120254339695,5876
2024-12-11 03:00:00,1.1290120254339695,1.1294209759583331,1.1288564628763373,1.1294107143334513,3145
2024-12-11 04:00:00,1.1294107143334513,1.129559448299404,1.1290868854226874,1.1294689167716434,8508
2024-12-11 05:00:00,1.1294689167716434,1.1304838271029525,1.1293154505131018,1.1303927667222569,7728
2024-12-11 06:00:00,1.1303927667222569,1.1318654203437055,1.1299280209895308,1.1316544418973273,5456
2024-12-11 07:00:00,1.1316544418973273,1.1317647359989362,1.1309551514967284,1.130988076779393,4115
2024-12-11 08:00:00,1.130988076779393,1.1311733768764551,1.1305155116117571,1.130626418532223,2658
2024-12-11 09:00:00,1.130626418532223,1.1310281063593575,1.13053687826265,1.1309854447273837,2376
2024-12-11 10:00:00,1.1309854447273837,1.1315513601943492,1.1304904316707691,1.1312277580797583,4493
2024-12-11 11:00:00,1.1312277580797583,1.1324771364147155,1.1310922855952172,1.1323769237651353,2765
2024-12-11 12:00:00,1.1323769237651353,1.1327185557603374,1.1320733954509241,1.132537559023013,604
2024-12-11 13:00:00,1.132537559023013,1.1335281310062424,1.1322160428382895,1.1334644789733803,4846
2024-12-11 14:00:00,1.1334644789733803,1.1339998910796218,1.1328450604389848,1.132970960083801,3935
2024-12-11 15:00:00,1.132970960083801,1.133825872935166,1.1329445539852976,1.1336871549990413,6683
2024-12-11 16:00:00,1.1336871549990413,1.1346529673372197,1.1335414382210902,1.1344215489775031,9900
2024-12-11 17:00:00,1.1344215489775031,1.1347133342684066,1.1334562041104903,1.1339971450145754,1040
2024-12-11 18:00:00,1.1339971450145754,1.1339987887947711,1.1331788195569636,1.1333459273402144,4357
2024-12-11 19:00:00,1.1333459273402144,1.1336685588404063,1.13268256019305,1.1329931047141815,6237
2024-12-11 20:00:00,1.1329931047141815,1.1337098284336051,1.1329189770544523,1.1336062345480953,4802
2024-12-11 21:00:00,1.1336062345480953,1.1338307081371555,1.1331256870834205,1.1333848125931998,5053
2024-12-11 22:00:00,1.1333848125931998,1.1344075537870577,1.1332757116216605,1.1341447430861182,2012
2024-12-11 23:00:00,1.1341447430861182,1.1342635337898557,1.1333370012467279,1.1334637402010028,7339
2024-12-12 00:00:00,1.1334637402010028,1.133616512128039,1.1332289090063679,1.1332778995327653,6825
2024-12-12 01:00:00,1.1332778995327653,1.1335840256612468,1.1332685644648341,1.1334759095071483,501
2024-12-12 02:00:00,1.1334759095071483,1.133517955426849,1.132553144680199,1.1328078203781793,3544
2024-12-12 03:00:00,1.1328078203781793,1.1328590545132335,1.1323382926417436,1.1324505715439241,9852
2024-12-12 04:00:00,1.1324505715439241,1.1324994532011765,1.1315460242841868,1.1315931797149554,9805
2024-12-12 05:00:00,1.1315931797149554,1.131782792113853,1.130416231845204,1.1306935674386132,3447
2024-12-12 06:00:00,1.1306935674386132,1.1309619789998222,1.1300693986406343,1.1300969071341271,1449
2024-12-12 07:00:00,1.1300969071341271,1.1301723488974018,1.129267127971271,1.1293951530923336,3187
2024-12-12 08:00:00,1.1293951530923336,1.129764222610792,1.1290819781828152,1.1295802114840436,6150
2024-12-12 09:00:00,1.1295802114840436,1.129691001152256,1.1289957092429932,1.1290094642243176,2330
2024-12-12 10:00:00,1.1290094642243176,1.1300116673124931,1.1287574730280197,1.129998885942526,5063
2024-12-12 11:00:00,1.129998885942526,1.1300608738878513,1.1289669278806242,1.12903135637414,1891
2024-12-12 12:00:00,1.12903135637414,1.1290646512585716,1.1275656914969185,1.1277886497979108,7460
2024-12-12 13:00:00,1.1277886497979108,1.128916499443259,1.127625497510626,1.1286545300848647,7281
2024-12-12 14:00:00,1.1286545300848647,1.1306651086744306,1.1280823022262212,1.1305153821296319,4219
2024-12-12 15:00:00,1.1305153821296319,1.131032890101037,1.1303413837673522,1.1306460296677694,7049
2024-12-12 16:00:00,1.1306460296677694,1.1306510107313472,1.130544684916969,1.1305520863433698,4450
2024-12-12 17:00:00,1.1305520863433698,1.1314275365031912,1.1304951835661925,1.1309626583752488,4144
2024-12-12 18:00:00,1.1309626583752488,1.1311136856588355,1.1300265308720912,1.130553952805935,7574
2024-12-12 19:00:00,1.130553952805935,1.1307203637815404,1.130512740263021,1.1305510166155,9424
2024-12-12 20:00:00,1.1305510166155,1.130812986297832,1.1298358901665062,1.1300427291006658,1441
2024-12-12 21:00:00,1.1300427291006658,1.1303739113524347,1.1289710267863409,1.1292128809946402,2914
2024-12-12 22:00:00,1.1292128809946402,1.129272944068115,1.128774321353423,1.12889135143357,8045
2024-12-12 23:00:00,1.12889135143357,1.1293078097056897,1.1287273510406708,1.1290625686905589,8713
2024-12-13 00:00:00,1.1290625686905589,1.1296252838076641,1.1288731571422272,1.1295813212370516,8422
2024-12-13 01:00:00,1.1295813212370516,1.1299458579916968,1.1282413774113822,1.128498071177181,5644
2024-12-13 02:00:00,1.128498071177181,1.1290206636477427,1.1284122428732488,1.1288137005220726,7412
2024-12-13 03:00:00,1.1288137005220726,1.1289869092049372,1.128153221469886,1.1283051591198896,4414
2024-12-13 04:00:00,1.1283051591198896,1.12836013839565,1.1277235908228866,1.1279454580893309,9900
2024-12-13 05:00:00,1.1279454580893309,1.1279466120326163,1.1271902440440924,1.1274538731713604,8488
2024-12-13 06:00:00,1.1274538731713604,1.127699820873794,1.1262183189799577,1.1267698259384409,6838
2024-12-13 07:00:00,1.1267698259384409,1.1272398564483612,1.1265689036755995,1.1271781872204625,6080
2024-12-13 08:00:00,1.1271781872204625,1.127270234487908,1.1265773360642595,1.1269610296175654,7026
2024-12-13 09:00:00,1.1269610296175654,1.1271227901695058,1.126081448158854,1.126267848659623,4813
2024-12-13 10:00:00,1.126267848659623,1.1266479804224576,1.1258478207139215,1.1260919650184102,1735
2024-12-13 11:00:00,1.1260919650184102,1.1264550001215996,1.1260466295819058,1.1264430856259136,1494
2024-12-13 12:00:00,1.1264430856259136,1.127144378966318,1.1262997403781008,1.127020366667514,9410
2024-12-13 13:00:00,1.127020366667514,1.1272648356172177,1.126844245242406,1.1272248219845251,2536
2024-12-13 14:00:00,1.1272248219845251,1.128156404717957,1.1265969991850688,1.1279188867280778,1935
2024-12-13 15:00:00,1.1279188867280778,1.127945207455729,1.1271467485786153,1.1275529248896,8338
2024-12-13 16:00:00,1.1275529248896,1.1275982985535022,1.1274694502136053,1.1274895299675949,5377
2024-12-13 17:00:00,1.1274895299675949,1.1280540936820553,1.1274468094266235,1.1279577233344462,8047
2024-12-13 17:00:00,1.1279577233344462,1.1280688079049948,1.1274262050514745,1.1275364771118552,6665
2024-12-13 18:00:00,1.1275364771118552,1.1289822079817042,1.1275095022801993,1.1288779942062561,1151
2024-12-13 18:00:00,1.1288779942062561,1.128990905234017,1.1282489812594263,1.1284045486922274,5396
2024-12-13 19:00:00,1.1284045486922274,1.1284989665967133,1.1273791683950856,1.1276808533357305,8978
2024-12-13 19:00:00,1.1276808533357305,1.1277126520739815,1.1272297938146933,1.1272836181196852,6962
2024-12-13 20:00:00,1.1272836181196852,1.1279712922980698,1.1271218888915222,1.1276651041547503,9902
2024-12-13 20:00:00,1.1276651041547503,1.1276915004598134,1.1272447419769405,1.1274698072983522,3009
2024-12-13 21:00:00,1.1274698072983522,1.1284642179670024,1.127173399383955,1.1284459522770478,857
2024-12-13 21:00:00,1.1284459522770478,1.1287315227818,1.1283134308397127,1.1286246252844971,7535
2024-12-13 22:00:00,1.1286246252844971,1.1286538139544997,1.1275158291422005,1.1279920674493553,8345
2024-12-13 22:00:00,1.1279920674493553,1.1281644024582538,1.1275132439638762,1.1279104136705849,6628
2024-12-13 23:00:00,1.1279104136705849,1.1285931510809195,1.1277142792714472,1.1284580708153293,6766
2024-12-13 23:00:00,1.1284580708153293,1.1284913766499498,1.1280163021824186,1.1280980000544314,6466
2024-12-14 00:00:00,1.1280980000544314,1.1286782141802403,1.1273909103910744,1.1274577300262627,3738
2024-12-14 01:00:00,1.1274577300262627,1.12781739274306,1.1274044586145435,1.1276967481225342,8199
2024-12-14 02:00:00,1.1276967481225342,1.1278407064069007,1.127064615748736,1.1274630941515074,2433
2024-12-14 03:00:00,1.1274630941515074,1.1283708587272105,1.1269136477230846,1.1281105293002514,1703
2024-12-14 04:00:00,1.1281105293002514,1.1282117123778515,1.1265372955976032,1.126648282140804,7067
2024-12-14 05:00:00,1.126648282140804,1.127452777143271,1.126627628439928,1.1273195772338667,8735
2024-12-14 06:00:00,1.1273195772338667,1.1273306520987074,1.1269714283556083,1.1271762745330551,9844
2024-12-14 07:00:00,1.1271762745330551,1.1272688507593613,1.1267711625183903,1.1269186748972242,7010
2024-12-14 08:00:00,1.1269186748972242,1.1273540226545335,1.1268888878110799,1.1273109627374438,4464
2024-12-14 09:00:00,1.1273109627374438,1.1279240605644167,1.1270725559553685,1.127883843432586,1007
2024-12-14 10:00:00,1.127883843432586,1.1280944406538609,1.1275323605977072,1.1276319471508276,3551
2024-12-14 11:00:00,1.1276319471508276,1.1284106496682889,1.1276004569634117,1.1282124670774725,9347
2024-12-14 12:00:00,1.1282124670774725,1.1283496641558974,1.1282099578884892,1.1283237188575979,2240
2024-12-14 13:00:00,1.1283237188575979,1.128806615500692,1.1282890846834448,1.1286342526991882,694
2024-12-14 14:00:00,1.1286342526991882,1.1291326439855767,1.1284874645102978,1.128980626400028,8047
2024-12-14 15:00:00,1.128980626400028,1.1290785533158774,1.1283293505257148,1.128411350648819,1639
2024-12-14 16:00:00,1.128411350648819,1.128654798378797,1.1279895449663804,1.1281345350370897,8445
2024-12-14 17:00:00,1.1281345350370897,1.1281488113934608,1.1277040780629883,1.1280942494819877,9909
2024-12-14 18:00:00,1.1280942494819877,1.1283363933227342,1.127208066783707,1.127493305988062,7971
2024-12-14 19:00:00,1.127493305988062,1.1276970621034013,1.1271729378234892,1.127277301307893,7139
2024-12-14 20:00:00,1.127277301307893,1.1274708550654897,1.1266197195082601,1.126872206126899,7133
2024-12-14 21:00:00,1.126872206126899,1.1274519529122908,1.1266511256219067,1.1273609504193496,517
2024-12-14 22:00:00,1.1273609504193496,1.12760254111456,1.127013318962956,1.1272622090848168,4448
2024-12-14 23:00:00,1.1272622090848168,1.128374317394877,1.1272028285686826,1.1282934554337773,7011
2024-12-15 00:00:00,1.1282934554337773,1.128380776884895,1.127933068218889,1.1281793810920924,4507
2024-12-15 01:00:00,1.1281793810920924,1.1282608652773847,1.1274153970994807,1.127726567455492,7042
2024-12-15 02:00:00,1.127726567455492,1.1278046820782086,1.1269330043111105,1.1271096971731904,3963
2024-12-15 03:00:00,1.1271096971731904,1.1279392989751493,1.1270571883311822,1.1278712101397927,4630
2024-12-15 04:00:00,1.1278712101397927,1.1281376401038505,1.1270556535998564,1.1271176384441404,4132
2024-12-15 05:00:00,1.1271176384441404,1.1273953028850578,1.1260469724645847,1.1262946767592088,3525
2024-12-15 06:00:00,1.1262946767592088,1.1266427911073578,1.1261362461579343,1.1263810811637218,1105
2024-12-15 07:00:00,1.1263810811637218,1.126630980141007,1.125271291859081,1.1253431805077978,4460
2024-12-15 08:00:00,1.1253431805077978,1.1256661478621066,1.124401084218822,1.1244932464601654,9323
2024-12-15 09:00:00,1.1244932464601654,1.1245178221721908,1.1225819809096031,1.1225996776400213,9309
2024-12-15 10:00:00,1.1225996776400213,1.1232679324440185,1.1223427079873387,1.1229315665306225,6350
2024-12-15 11:00:00,1.1229315665306225,1.1240767695745937,1.122879785411803,1.1238832879648213,3079
2024-12-15 12:00:00,1.1238832879648213,1.1244774052750441,1.1237551579659315,1.12442765201396,539
2024-12-15 13:00:00,1.12442765201396,1.1256647818010879,1.1243627879978106,1.1255869933948444,1937
2024-12-15 14:00:00,1.1255869933948444,1.12565144193242,1.1250896549845226,1.1251576845027564,3309
2024-12-15 15:00:00,1.1251576845027564,1.125398642186917,1.1249371321664428,1.1250376771785238,994
2024-12-15 16:00:00,1.1250376771785238,1.1254234364890592,1.12444032401417,1.1246329405706055,750
2024-12-15 17:00:00,1.1246329405706055,1.1252547123176122,1.1243297491798674,1.1251772471935326,7895
2024-12-15 18:00:00,1.1251772471935326,1.1253698186145793,1.1250112096746714,1.1251112193229604,9383
2024-12-15 19:00:00,1.1251112193229604,1.126683459164879,1.1251051736910687,1.126559030161177,7761
2024-12-15 20:00:00,1.126559030161177,1.1266129767979183,1.1259609923251632,1.126142697117081,5085
2024-12-15 21:00:00,1.126142697117081,1.1273031826708395,1.1260365223178586,1.1269041799739052,2662
2024-12-15 22:00:00,1.1269041799739052,1.128386876730048,1.1266471229314297,1.1281248684887166,9714
2024-12-15 23:00:00,1.1281248684887166,1.1283896304161698,1.1272453677313727,1.1273784636785977,6175
2024-12-16 00:00:00,1.1273784636785977,1.1285230410695308,1.1273274394865958,1.1284539376152742,4315
2024-12-16 01:00:00,1.1284539376152742,1.1284945628808043,1.127532152658024,1.1278247670725787,3883
2024-12-16 02:00:00,1.1278247670725787,1.1283840400582228,1.1278225830801685,1.1282117568900025,154
2024-12-16 03:00:00,1.1282117568900025,1.1282806799471656,1.1280242209123483,1.1281526293370208,9385
2024-12-16 04:00:00,1.1281526293370208,1.1281749441480313,1.1276381411280019,1.1277152761313696,1617
2024-12-16 05:00:00,1.1277152761313696,1.1289030351842517,1.1276058090984367,1.128890108074981,8647
2024-12-16 06:00:00,1.128890108074981,1.1289913403201217,1.1283863453435847,1.1285946783681078,5687
2024-12-16 07:00:00,1.1285946783681078,1.12926795824292,1.128510599483196,1.1291655529630371,4969
2024-12-16 08:00:00,1.1291655529630371,1.1291724635642248,1.1276022618114487,1.1276781161595375,5107
2024-12-16 09:00:00,1.1276781161595375,1.1278000340587078,1.1276242153982097,1.127701812029144,5941
2024-12-16 10:00:00,1.127701812029144,1.12799211103557,1.1274719529081354,1.1277304762135776,9552
2024-12-16 11:00:00,1.1277304762135776,1.128110570269369,1.126812293844162,1.127110989276086,2365
2024-12-16 12:00:00,1.127110989276086,1.1273284784319013,1.1267934061895781,1.1271982051250227,9015
2024-12-16 13:00:00,1.1271982051250227,1.1273962559322932,1.1271578398318756,1.1273461745248876,6224
2024-12-16 14:00:00,1.1273461745248876,1.1286877670943927,1.1271171516643042,1.1286181122405738,9585
2024-12-16 15:00:00,1.1286181122405738,1.1293054945531766,1.1284920953355935,1.1290834325275891,3489
2024-12-16 16:00:00,1.1290834325275891,1.129097848663343,1.128943877539748,1.1289653149484602,4459
2024-12-16 17:00:00,1.1289653149484602,1.1302055751393474,1.128559472952366,1.1300549929486021,9792
2024-12-16 18:00:00,1.1300549929486021,1.130057247472425,1.1282745630227675,1.1284090089175598,9357
2024-12-16 19:00:00,1.1284090089175598,1.1284712746399765,1.127135153029798,1.1273139584405663,7285
2024-12-16 20:00:00,1.1273139584405663,1.1275506834490279,1.127042438477523,1.1275066344333216,1937
2024-12-16 21:00:00,1.1275066344333216,1.1275639336914833,1.1266047723470132,1.1266067754150206,8723
2024-12-16 22:00:00,1.1266067754150206,1.1268079391471801,1.1264540965441925,1.1265905048127316,1919
2024-12-16 23:00:00,1.1265905048127316,1.126680468443978,1.1257684292018741,1.1259168131498152,2477
2024-12-17 00:00:00,1.1259168131498152,1.1261512706638452,1.1257527311632582,1.1258356321517515,4471
2024-12-17 01:00:00,1.1258356321517515,1.1258792535253583,1.12533449261371,1.1255633340594688,1545
2024-12-17 02:00:00,1.1255633340594688,1.1265648257158305,1.1255588220362136,1.126313492588107,7180
2024-12-17 03:00:00,1.126313492588107,1.126453882422455,1.1250455573328535,1.1251316830532114,4922
2024-12-17 04:00:00,1.1251316830532114,1.1256931622307291,1.1249258005342668,1.1256802585764611,2003
2024-12-17 05:00:00,1.1256802585764611,1.1264851968762921,1.1254873534578045,1.1261795887946902,2015
2024-12-17 06:00:00,1.1261795887946902,1.1262422640468943,1.1239586322159176,1.124169803343987,5367
2024-12-17 07:00:00,1.124169803343987,1.1243878605690345,1.124030869706435,1.124182097904227,3221
2024-12-17 08:00:00,1.124182097904227,1.1251723615474172,1.1241223124076185,1.1250486518491,8876
2024-12-17 09:00:00,1.1250486518491,1.1261796292990314,1.1250108653983122,1.12593701044632,4065
2024-12-17 10:00:00,1.12593701044632,1.1261423924743055,1.125786573452058,1.1260263080641484,2252
2024-12-17 11:00:00,1.1260263080641484,1.1271252324126075,1.125853859759587,1.1267028759424813,391
2024-12-17 12:00:00,1.1267028759424813,1.127056467508372,1.126438937470896,1.12680064743412,6475
2024-12-17 13:00:00,1.12680064743412,1.127169257639413,1.1263284441511598,1.1263374701191575,5320
2024-12-17 14:00:00,1.1263374701191575,1.1265517962217166,1.1260621328858398,1.126227904287636,6502
2024-12-17 15:00:00,1.126227904287636,1.1264771765173132,1.1260857262519028,1.1263371858459093,9607
2024-12-17 16:00:00,1.1263371858459093,1.1265805719473012,1.1258156738112126,1.1258949470841462,9360
2024-12-17 17:00:00,1.1258949470841462,1.1267150806503705,1.125509976040153,1.1265864244760948,5702
2024-12-17 18:00:00,1.1265864244760948,1.1268773150104539,1.1261442048430796,1.1262604663207476,7879
2024-12-17 19:00:00,1.1262604663207476,1.1263927049642253,1.124204599807515,1.1246358962343006,3328
2024-12-17 20:00:00,1.1246358962343006,1.1247510687026652,1.1244174168891612,1.1246618643930189,7147
2024-12-17 21:00:00,1.1246618643930189,1.1255227494260691,1.1245562135036875,1.125426927095152,9209
2024-12-17 22:00:00,1.125426927095152,1.1255232608201193,1.124946327054699,1.125065247424021,4108
2024-12-17 23:00:00,1.125065247424021,1.1251034257609385,1.1245911240323554,1.12465902104178,7687
2024-12-18 00:00:00,1.12465902104178,1.1248222166678055,1.1233688531422719,1.123739768577185,7681
2024-12-18 01:00:00,1.123739768577185,1.1238926723588882,1.1227801941383193,1.1229048010891176,4756
2024-12-18 02:00:00,1.1229048010891176,1.1230558012624807,1.1226825752084495,1.1227304705166532,1102
2024-12-18 03:00:00,1.1227304705166532,1.1234441751022333,1.1226473022455183,1.1234191416422445,4652
2024-12-18 04:00:00,1.1234191416422445,1.1238828737615318,1.1229768278128092,1.1229833437877679,1639
2024-12-18 05:00:00,1.1229833437877679,1.1230130938052048,1.122294206210513,1.1223190929497224,8375
2024-12-18 06:00:00,1.1223190929497224,1.1224140471691684,1.1218516954092204,1.1220880353658333,2036
2024-12-18 07:00:00,1.1220880353658333,1.123455281147261,1.121936364968981,1.1231884238471292,3385
2024-12-18 08:00:00,1.1231884238471292,1.123404513512495,1.1226620233087716,1.1228099192237189,3562
2024-12-18 09:00:00,1.1228099192237189,1.123599036713186,1.122725386795023,1.1235506378707016,2506
2024-12-18 10:00:00,1.1235506378707016,1.1236406533053351,1.1224374044377083,1.1230536330024636,5592
2024-12-18 11:00:00,1.1230536330024636,1.123069136215652,1.1226815707035351,1.1227720499686842,1697
2024-12-18 12:00:00,1.1227720499686842,1.1231196061031596,1.1225352967474262,1.1228752246111624,8349
2024-12-18 13:00:00,1.1228752246111624,1.1232833298208476,1.122706026673691,1.1232695909069101,6927
2024-12-18 14:00:00,1.1232695909069101,1.1235789254266464,1.1232057568634792,1.123483812067901,6045
2024-12-18 15:00:00,1.123483812067901,1.1235626669315166,1.1234444025242882,1.1234592220555706,3021
2024-12-18 16:00:00,1.1234592220555706,1.1234855539077624,1.1228395159883764,1.1228472220439076,7083
2024-12-18 17:00:00,1.1228472220439076,1.123176117064034,1.1217979225253993,1.1218487371233112,6329
2024-12-18 18:00:00,1.1218487371233112,1.12266311792128,1.1215236599129956,1.1226540869522699,7122
2024-12-18 19:00:00,1.1226540869522699,1.1231067726191228,1.1224303662367896,1.1229702134974227,9891
2024-12-18 20:00:00,1.1229702134974227,1.1236694047294755,1.122602760715949,1.1232976335298348,6910
2024-12-18 21:00:00,1.1232976335298348,1.123969905879578,1.1232775066024503,1.1237800697729072,7646
2024-12-18 22:00:00,1.1237800697729072,1.1255912429645123,1.123626101831704,1.125191100072274,6566
2024-12-18 23:00:00,1.125191100072274,1.1257286806741074,1.1248774347811155,1.1257250780061319,4206
2024-12-19 00:00:00,1.1257250780061319,1.1260557415017483,1.1246060956251571,1.1248576432218367,4039
2024-12-19 01:00:00,1.1248576432218367,1.1250260691662488,1.1238855687377167,1.1240896599524002,7845
2024-12-19 02:00:00,1.1240896599524002,1.124186455127918,1.1239837551209477,1.1240715948528979,8554
2024-12-19 03:00:00,1.1240715948528979,1.1241372129658993,1.123943877102965,1.1240444658703532,7291
2024-12-19 04:00:00,1.1240444658703532,1.1243708621984085,1.1240206542126214,1.1242211825436192,5103
2024-12-19 05:00:00,1.1242211825436192,1.1250605151837056,1.1242191808742574,1.1250468898924864,8745
2024-12-19 06:00:00,1.1250468898924864,1.1253919918126936,1.1249158740075538,1.124978294425898,9546
2024-12-19 07:00:00,1.124978294425898,1.1263843886367537,1.1248450785297992,1.1260085116956073,3771
2024-12-19 08:00:00,1.1260085116956073,1.1260883835581867,1.1245996461459065,1.1249444421518096,6523
2024-12-19 09:00:00,1.1249444421518096,1.1261188115692349,1.1249162421768142,1.1261063155030344,8271
2024-12-19 10:00:00,1.1261063155030344,1.1267897132297178,1.1259384388022506,1.1265694977381933,298
2024-12-19 11:00:00,1.1265694977381933,1.1267235529039645,1.1265094016559019,1.1266128948489085,5997
2024-12-19 12:00:00,1.1266128948489085,1.126766599140964,1.126001523590641,1.126153611538336,3914
2024-12-19 13:00:00,1.126153611538336,1.1265447274027793,1.124812123118101,1.1249622349418424,6075
2024-12-19 14:00:00,1.1249622349418424,1.125036876868393,1.1245690355369475,1.1246178582920172,7550
2024-12-19 15:00:00,1.1246178582920172,1.1252078173639233,1.1245939838266845,1.1248831539794548,385
2024-12-19 16:00:00,1.1248831539794548,1.125026469427403,1.1245152100618565,1.1247364787131695,1251
2024-12-19 17:00:00,1.1247364787131695,1.1247567627898207,1.1244890959684508,1.124741847751633,9522
2024-12-19 18:00:00,1.124741847751633,1.1250405717247922,1.1244701654833635,1.1248199858270709,357
2024-12-19 19:00:00,1.1248199858270709,1.125302566190182,1.124711307081106,1.1251001599977357,875
2024-12-19 20:00:00,1.1251001599977357,1.1258180153080006,1.1250652856251242,1.1255234659964983,8802
2024-12-19 21:00:00,1.1255234659964983,1.1256693090330845,1.1252675346759853,1.1254203203024675,800
2024-12-19 22:00:00,1.1254203203024675,1.1256429860156503,1.1243054490575926,1.124528145189871,4336
2024-12-19 23:00:00,1.124528145189871,1.1247239123073924,1.1244148827358986,1.124634790364138,1077
2024-12-20 00:00:00,1.124634790364138,1.125526722306749,1.1245109124618504,1.1254871742396324,6136
2024-12-20 01:00:00,1.1254871742396324,1.125555919175144,1.1249226313560676,1.1251519420716622,4935
2024-12-20 02:00:00,1.1251519420716622,1.1255231034799429,1.124770483220126,1.1253334249173452,6350
2024-12-20 03:00:00,1.1253334249173452,1.1259380210891636,1.125046868509538,1.1257877312993665,5861
2024-12-20 04:00:00,1.1257877312993665,1.1261498790812496,1.1257520899383715,1.1260303360181643,4066
2024-12-20 05:00:00,1.1260303360181643,1.1261626573398915,1.1257856002241045,1.1261360221226928,1975
2024-12-20 06:00:00,1.1261360221226928,1.1262355476592436,1.1254048788635467,1.1255230399737668,312
2024-12-20 07:00:00,1.1255230399737668,1.1255768954285261,1.1247466812340503,1.1248102952951926,5872
2024-12-20 08:00:00,1.1248102952951926,1.124869867533632,1.1238806493381306,1.1241097558981137,4583
2024-12-20 09:00:00,1.1241097558981137,1.1249580653404252,1.1239979593320688,1.1248990345454013,7381
2024-12-20 10:00:00,1.1248990345454013,1.1250475390339207,1.1242519099120187,1.1244335831974515,9124
2024-12-20 11:00:00,1.1244335831974515,1.1252175533899857,1.1243510802812973,1.1248713029281276,7805
2024-12-20 12:00:00,1.1248713029281276,1.1254190759471583,1.1246924469618462,1.1251666185836116,897
2024-12-20 13:00:00,1.1251666185836116,1.1252845711236537,1.1249975462264081,1.125131119648219,137
2024-12-20 14:00:00,1.125131119648219,1.1252373141899379,1.1251278367448083,1.1252116751735826,9340
2024-12-20 15:00:00,1.1252116751735826,1.1254000279007441,1.1235632362592636,1.1236694608638234,7358
2024-12-20 16:00:00,1.1236694608638234,1.123887482257581,1.122854276729058,1.1229994833621435,9453
2024-12-20 17:00:00,1.1229994833621435,1.1237890851626986,1.1229081241082093,1.1236041605538325,7476
2024-12-20 17:00:00,1.1236041605538325,1.1238844801490728,1.1232316767294506,1.1238005148510426,4256
2024-12-20 18:00:00,1.1238005148510426,1.1248242826713075,1.123674341590122,1.124459623338027,4453
2024-12-20 18:00:00,1.124459623338027,1.1251430989759155,1.1244137075019127,1.1247319897232761,234
2024-12-20 19:00:00,1.1247319897232761,1.1263378329671385,1.1246032010896911,1.1262169457671387,2483
2024-12-20 19:00:00,1.1262169457671387,1.126584456209892,1.1259995455897827,1.1263606933235442,3172
2024-12-20 20:00:00,1.1263606933235442,1.1269609199301698,1.126017902236125,1.1266250984229906,2873
2024-12-20 20:00:00,1.1266250984229906,1.1272441283815133,1.126447150672916,1.126977779170122,8377
2024-12-20 21:00:00,1.126977779170122,1.1271407175235417,1.1261382821382875,1.126453695791822,6910
2024-12-20 21:00:00,1.126453695791822,1.1267177300070836,1.1258407220999367,1.126013848882873,6815
2024-12-20 22:00:00,1.126013848882873,1.126106856439592,1.1258016817558143,1.126081851268009,5767
2024-12-20 22:00:00,1.126081851268009,1.1268655842043966,1.1260004995751225,1.1267513202895711,9092
2024-12-20 23:00:00,1.1267513202895711,1.1275088282618788,1.1264463689568074,1.1273167638180657,7668
2024-12-20 23:00:00,1.1273167638180657,1.12761991152303,1.12672535746787,1.1276045459477122,6056
2024-12-21 00:00:00,1.1276045459477122,1.1277985221891151,1.1273821716050192,1.1275290851366393,4102
2024-12-21 01:00:00,1.1275290851366393,1.1277067084323593,1.12708736218397,1.1275687879566174,5686
2024-12-21 02:00:00,1.1275687879566174,1.1277681381585931,1.1272884023059968,1.1277524542529749,7118
2024-12-21 03:00:00,1.1277524542529749,1.1278944470393761,1.12650212587339,1.1267609921240311,2322
2024-12-21 04:00:00,1.1267609921240311,1.1270172385192758,1.126678133570684,1.1269099314590105,9157
2024-12-21 05:00:00,1.1269099314590105,1.1270963260234412,1.1267284314869028,1.127085727161804,5820
2024-12-21 06:00:00,1.127085727161804,1.128657160920034,1.1270421449185184,1.1285474584638238,1182
2024-12-21 07:00:00,1.1285474584638238,1.1289449228136919,1.128541364162339,1.1285958017065891,5792
2024-12-21 08:00:00,1.1285958017065891,1.1303366633117062,1.1284925842245945,1.13017497402576,8697
2024-12-21 09:00:00,1.13017497402576,1.1302758528010093,1.1297858442124298,1.1299711400366095,2634
2024-12-21 10:00:00,1.1299711400366095,1.1299862541481904,1.128462031923602,1.1286685165907349,8574
2024-12-21 11:00:00,1.1286685165907349,1.1288517237036242,1.1276937479913556,1.1281452793694333,9028
2024-12-21 12:00:00,1.1281452793694333,1.1282047874775367,1.127462447682374,1.1277640387586032,4651
2024-12-21 13:00:00,1.1277640387586032,1.1282471244720094,1.127709253297084,1.1281772633689338,321
2024-12-21 14:00:00,1.1281772633689338,1.1294156146455654,1.1279649631714068,1.1289155623519693,3027
2024-12-21 15:00:00,1.1289155623519693,1.1293313460481051,1.1280991533927138,1.128229036439079,7869
2024-12-21 16:00:00,1.128229036439079,1.1284888241452156,1.1281780332858853,1.1284281097581916,9842
2024-12-21 17:00:00,1.1284281097581916,1.1290422582642334,1.1283937085927513,1.1287732385411409,2055
2024-12-21 18:00:00,1.1287732385411409,1.1299395518330633,1.1284612310095627,1.1299121407105097,8144
2024-12-21 19:00:00,1.1299121407105097,1.1300181721811202,1.1295861491408414,1.1298034658095104,815
2024-12-21 20:00:00,1.1298034658095104,1.1301787266362482,1.1296079035012268,1.1301255344109815,1164
2024-12-21 21:00:00,1.1301255344109815,1.1302496179077064,1.1288766286349643,1.1289382499892433,7696
2024-12-21 22:00:00,1.1289382499892433,1.1291091456083773,1.1281981677521367,1.128334058286567,4975
2024-12-21 23:00:00,1.128334058286567,1.128546379993158,1.127377322431622,1.127480459242436,8999
2024-12-22 00:00:00,1.127480459242436,1.1276916488013808,1.1268941358821698,1.126924627693545,6493
2024-12-22 01:00:00,1.126924627693545,1.12707309428025,1.126581951918043,1.1267614222585072,2854
2024-12-22 02:00:00,1.1267614222585072,1.1273513793415026,1.1264889848131385,1.127060813573829,5827
2024-12-22 03:00:00,1.127060813573829,1.1270899807363202,1.1265549979206255,1.1267040919191034,5949
2024-12-22 04:00:00,1.1267040919191034,1.126855619497007,1.1266249235102954,1.1266370553266551,2151
2024-12-22 05:00:00,1.1266370553266551,1.126868626291374,1.1266005122214022,1.1266594439734967,8740
2024-12-22 06:00:00,1.1266594439734967,1.1271016149904454,1.1266114384041697,1.1268213311665223,8802
2024-12-22 07:00:00,1.1268213311665223,1.1285003857612312,1.1268107217602,1.1283227005014163,7784
2024-12-22 08:00:00,1.1283227005014163,1.128841306285981,1.128099820862834,1.1286643137526986,7141
2024-12-22 09:00:00,1.1286643137526986,1.1288264720093066,1.1279639521409788,1.1280316761146436,8337
2024-12-22 10:00:00,1.1280316761146436,1.1281056499632447,1.1272230543996649,1.12747534660582,6369
2024-12-22 11:00:00,1.12747534660582,1.1279059575809958,1.1272178077231831,1.1277350464724032,9452
2024-12-22 12:00:00,1.1277350464724032,1.1280134887866105,1.1276930841331125,1.1277709792975288,9963
2024-12-22 13:00:00,1.1277709792975288,1.1289369336912853,1.1275438972851604,1.1286891013078262,8093
2024-12-22 14:00:00,1.1286891013078262,1.1290594258141489,1.1286021512018516,1.128751023962939,1994
2024-12-22 15:00:00,1.128751023962939,1.129068064234973,1.128638989453221,1.1287227208648922,1266
2024-12-22 16:00:00,1.1287227208648922,1.1296812472402828,1.1284340610530785,1.1296401909157128,1549
2024-12-22 17:00:00,1.1296401909157128,1.1303776097373996,1.1294460952070067,1.1301751413806664,2497
2024-12-22 18:00:00,1.1301751413806664,1.1304796877688772,1.1301390193128595,1.1303566152251239,3606
2024-12-22 19:00:00,1.1303566152251239,1.1306815996874933,1.130196367217919,1.1305805001478413,8569
2024-12-22 20:00:00,1.1305805001478413,1.130639401680438,1.129738758580851,1.1302723102677064,7361
2024-12-22 21:00:00,1.1302723102677064,1.1302744388877581,1.1295808531865803,1.1299344316077726,4056
2024-12-22 22:00:00,1.1299344316077726,1.1302029442591814,1.1283129804345076,1.1284287931043713,6573
2024-12-22 23:00:00,1.1284287931043713,1.128431521980679,1.128176304212279,1.1281828208263789,1573
2024-12-23 00:00:00,1.1281828208263789,1.12888442543445,1.1276873521477915,1.128702291759838,577
2024-12-23 01:00:00,1.128702291759838,1.1291182931009915,1.1285613682619398,1.128903705156376,7417
2024-12-23 02:00:00,1.128903705156376,1.1293565031444057,1.1287113676127707,1.1292253253885585,7920
2024-12-23 03:00:00,1.1292253253885585,1.1299733205256062,1.1287453618886012,1.129632455622454,8010
2024-12-23 04:00:00,1.129632455622454,1.1303780985547922,1.1292505949917078,1.1301346306083706,609
2024-12-23 05:00:00,1.1301346306083706,1.1302468815937015,1.1300073604628915,1.1301693752398907,9048
2024-12-23 06:00:00,1.1301693752398907,1.1304378700102775,1.1289419121580726,1.1290532966851128,6034
2024-12-23 07:00:00,1.1290532966851128,1.129099275575942,1.129024965840895,1.1290648196263986,4226
2024-12-23 08:00:00,1.1290648196263986,1.1293758221744867,1.1289557065393947,1.129050161182264,9692
2024-12-23 09:00:00,1.129050161182264,1.1294756955411824,1.12886096158971,1.1293438357438257,1161
2024-12-23 10:00:00,1.1293438357438257,1.1295065472346646,1.128611310656382,1.1287646552410808,4746
2024-12-23 11:00:00,1.1287646552410808,1.128842822803645,1.1284752307547519,1.1287496775283254,4871
2024-12-23 12:00:00,1.1287496775283254,1.1288957746688904,1.128470096378878,1.1287342080267577,455
2024-12-23 13:00:00,1.1287342080267577,1.1293804194569197,1.128567714798306,1.129261777693567,3108
2024-12-23 14:00:00,1.129261777693567,1.1292810794037298,1.1289544153184754,1.1290596409032927,4462
2024-12-23 15:00:00,1.1290596409032927,1.12907332616577,1.1284498330147903,1.1284830438913,389
2024-12-23 16:00:00,1.1284830438913,1.1285893250862962,1.128192029286467,1.128420848333035,8040
2024-12-23 17:00:00,1.128420848333035,1.1284532850048417,1.1275912728350317,1.127621378644246,9335
2024-12-23 18:00:00,1.127621378644246,1.1281154169188545,1.1276083336479121,1.1280057817900437,9807
2024-12-23 19:00:00,1.1280057817900437,1.1280583823315014,1.1271049263476227,1.127258181588304,112
2024-12-23 20:00:00,1.127258181588304,1.1273419977908168,1.1270255941307072,1.1270353851355988,6892
2024-12-23 21:00:00,1.1270353851355988,1.1274840871806961,1.1270117178666146,1.1274481525719529,488
2024-12-23 22:00:00,1.1274481525719529,1.1287670728852275,1.127439802274355,1.1285692466558404,2057
2024-12-23 23:00:00,1.1285692466558404,1.1287040588365713,1.1278745041856633,1.1278984854678737,3777
2024-12-24 00:00:00,1.1278984854678737,1.1282552372031112,1.1275464040580232,1.1278315111934538,3519
2024-12-24 01:00:00,1.1278315111934538,1.128450598867993,1.1278145062753973,1.128271652268351,6441
2024-12-24 02:00:00,1.128271652268351,1.1289194179272721,1.1280615170072885,1.128746973494392,3340
2024-12-24 03:00:00,1.128746973494392,1.1289455936585144,1.1274876381998569,1.1276723645403846,3855
2024-12-24 04:00:00,1.1276723645403846,1.129221572769438,1.127540046458964,1.128983321905546,2304
2024-12-24 05:00:00,1.128983321905546,1.1292525408352903,1.1286809249496919,1.1288371470826102,1447
2024-12-24 06:00:00,1.1288371470826102,1.1289155825356958,1.128415673701664,1.128467993692988,8242
2024-12-24 07:00:00,1.128467993692988,1.128763790039487,1.1283847998950245,1.1287340698208994,9511
2024-12-24 08:00:00,1.1287340698208994,1.1292690420122373,1.1286000089970407,1.129084794854069,6513
2024-12-24 09:00:00,1.129084794854069,1.129301048039978,1.1286836656158843,1.1288485012718443,8353
2024-12-24 10:00:00,1.1288485012718443,1.1289160057374779,1.1285718719358115,1.1286247657872381,597
2024-12-24 11:00:00,1.1286247657872381,1.1288335409022094,1.1270357562865445,1.1271752381162234,7924
2024-12-24 12:00:00,1.1271752381162234,1.1276653074532392,1.1260628074866712,1.1263570670242156,9029
2024-12-24 13:00:00,1.1263570670242156,1.1270660805074606,1.1263005491644376,1.1270277462900662,6360
2024-12-24 14:00:00,1.1270277462900662,1.128195358387912,1.1270272648464785,1.1280951540562152,1014
2024-12-24 15:00:00,1.1280951540562152,1.1281715306295883,1.12775779303789,1.1277680369348129,5063
2024-12-24 16:00:00,1.1277680369348129,1.1286253511223123,1.12775166933256,1.1284128201932175,3749
2024-12-24 17:00:00,1.1284128201932175,1.1294764293076138,1.1282170548612185,1.1293545902350435,2474
2024-12-24 18:00:00,1.1293545902350435,1.1306229063691515,1.1290312112927736,1.1301965535773033,5759
2024-12-24 19:00:00,1.1301965535773033,1.1303947140162218,1.1298113144321715,1.1303214304582836,6976
2024-12-24 20:00:00,1.1303214304582836,1.1306660659522385,1.1299253726515455,1.1304415696970436,7544
2024-12-24 21:00:00,1.1304415696970436,1.130654452267577,1.1292698340587177,1.129615496051505,6022
2024-12-24 22:00:00,1.129615496051505,1.129932650794695,1.129584710888992,1.1297817707088311,2633
2024-12-24 23:00:00,1.1297817707088311,1.1300802803120802,1.1286091613173193,1.1288945589689308,6775
2024-12-25 00:00:00,1.1288945589689308,1.1290036100380672,1.1286339993874501,1.1286985175270265,1322
2024-12-25 01:00:00,1.1286985175270265,1.128972542028258,1.1278186094384286,1.128091469703807,6954
2024-12-25 02:00:00,1.128091469703807,1.129676610309079,1.1280596776759646,1.1295302594668768,7363
2024-12-25 03:00:00,1.1295302594668768,1.1296233363766635,1.1282636958390089,1.1283407470411113,8162
2024-12-25 04:00:00,1.1283407470411113,1.1285107808588177,1.1275872524559853,1.1280207972801093,188
2024-12-25 05:00:00,1.1280207972801093,1.1280731682221417,1.1274694941888697,1.127562053807922,7785
2024-12-25 06:00:00,1.127562053807922,1.1281393835900835,1.127495645857848,1.1279127094405637,3094
2024-12-25 07:00:00,1.1279127094405637,1.1282597846011384,1.1276544669487554,1.128055158206182,7166
2024-12-25 08:00:00,1.128055158206182,1.1282394219572192,1.1265387091603152,1.126575142243587,9973
2024-12-25 09:00:00,1.126575142243587,1.1271541167564145,1.1265347725161954,1.126683395709957,3681
2024-12-25 10:00:00,1.126683395709957,1.1266927091476235,1.126228521212407,1.1264228561767107,8815
2024-12-25 11:00:00,1.1264228561767107,1.126609896458549,1.126147256158378,1.1265995245448133,6518
2024-12-25 12:00:00,1.1265995245448133,1.126775981886002,1.1260203018169181,1.1262263560514116,8756
2024-12-25 13:00:00,1.1262263560514116,1.1264727160886119,1.1254751099095155,1.1257208409744675,8946
2024-12-25 14:00:00,1.1257208409744675,1.1263408356103024,1.1257144577145062,1.1261697889502156,8744
2024-12-25 15:00:00,1.1261697889502156,1.1261849948875453,1.1248041663452975,1.1249110194993737,391
2024-12-25 16:00:00,1.1249110194993737,1.1262035369440235,1.1246388045042264,1.1258104575070569,7261
2024-12-25 17:00:00,1.1258104575070569,1.1266412827843093,1.1253678530847913,1.1263952623476947,3768
2024-12-25 18:00:00,1.1263952623476947,1.126527881874172,1.1253593979479835,1.1255079507234655,1933
2024-12-25 19:00:00,1.1255079507234655,1.1270647294330634,1.125427497416628,1.1270434568000869,3774
2024-12-25 20:00:00,1.1270434568000869,1.1272994866820751,1.1259217053484363,1.126357603948891,2017
2024-12-25 21:00:00,1.126357603948891,1.1269191051278118,1.1261087759120776,1.1265323794826032,3713
2024-12-25 22:00:00,1.1265323794826032,1.12816178339722,1.12648542002051,1.1279063747639198,1309
2024-12-25 23:00:00,1.1279063747639198,1.128316812317491,1.1278522332448306,1.1281585196889234,8542
2024-12-26 00:00:00,1.1281585196889234,1.1282141290833803,1.1276948722386333,1.127843239888952,2768
2024-12-26 01:00:00,1.127843239888952,1.1282890455264318,1.1272752712013976,1.1274851022696097,1563
2024-12-26 02:00:00,1.1274851022696097,1.1276589652195366,1.127342671379644,1.1273592359578768,3384
2024-12-26 03:00:00,1.1273592359578768,1.1277163452097676,1.1272888541445512,1.127635395581186,8635
2024-12-26 04:00:00,1.127635395581186,1.1277554210156562,1.1268768566571359,1.1272392742188642,4025
2024-12-26 05:00:00,1.1272392742188642,1.1277738345163988,1.1271321479491105,1.1275487181685535,7246
2024-12-26 06:00:00,1.1275487181685535,1.1278799636875423,1.1272896955073841,1.1276319076321566,5881
2024-12-26 07:00:00,1.1276319076321566,1.127735256918614,1.1273565331544944,1.1275691734185047,5713
2024-12-26 08:00:00,1.1275691734185047,1.12786819965801,1.1273470526748115,1.1277457488856686,5316
2024-12-26 09:00:00,1.1277457488856686,1.128223738624738,1.1275153968117175,1.128076769586112,9640
2024-12-26 10:00:00,1.128076769586112,1.1285384603620223,1.1279889176882358,1.128457507875336,5062
2024-12-26 11:00:00,1.128457507875336,1.1287464338422835,1.1280287514656937,1.1281464715679033,7901
2024-12-26 12:00:00,1.1281464715679033,1.1281940443012803,1.1265560660930276,1.1269276055475903,185
2024-12-26 13:00:00,1.1269276055475903,1.1271507979544342,1.1268859248460228,1.1271114269363556,1140
2024-12-26 14:00:00,1.1271114269363556,1.1288818431461274,1.1270625389467355,1.1286004111116725,2391
2024-12-26 15:00:00,1.1286004111116725,1.128957002203122,1.1281040802803006,1.128223192956658,6017
2024-12-26 16:00:00,1.128223192956658,1.1282248318431796,1.1281082200560077,1.1282030738200601,7485
2024-12-26 17:00:00,1.1282030738200601,1.1282617791865892,1.1271749753079217,1.1272646142516851,2032
2024-12-26 18:00:00,1.1272646142516851,1.12752754964005,1.1271908847600245,1.1273147056999155,6249
2024-12-26 19:00:00,1.1273147056999155,1.1281808623101943,1.127167742305069,1.1281375983687867,480
2024-12-26 20:00:00,1.1281375983687867,1.1286204991229851,1.1278625665389777,1.1283946201459325,878
2024-12-26 21:00:00,1.1283946201459325,1.128571463580128,1.127900590653942,1.1279850674340588,3406
2024-12-26 22:00:00,1.1279850674340588,1.1280627970888266,1.1279400289379655,1.1279957943928252,3555
2024-12-26 23:00:00,1.1279957943928252,1.1280720908931097,1.12775493629465,1.1279031779938933,223
2024-12-27 00:00:00,1.1279031779938933,1.1285460224166177,1.1278773191758635,1.1284407408090713,1183
2024-12-27 01:00:00,1.1284407408090713,1.1297175156563335,1.1281953837239596,1.12963854598242,2157
2024-12-27 02:00:00,1.12963854598242,1.1297337718520208,1.1291502758861163,1.129424926659973,9262
2024-12-27 03:00:00,1.129424926659973,1.13083394663475,1.129399943166438,1.1307206392024134,6839
2024-12-27 04:00:00,1.1307206392024134,1.1308636487619728,1.1300756538165677,1.1300915225660675,9741
2024-12-27 05:00:00,1.1300915225660675,1.1301648969697857,1.1299394242413663,1.1301206323828814,3318
2024-12-27 06:00:00,1.1301206323828814,1.1301559444370866,1.129637663363023,1.1299463209096132,4652
2024-12-27 07:00:00,1.1299463209096132,1.1300959964484008,1.1298120948830717,1.1298820838493566,4807
2024-12-27 08:00:00,1.1298820838493566,1.1306462044167385,1.1296592913363916,1.13056935078288,1906
2024-12-27 09:00:00,1.13056935078288,1.1309857011053774,1.1302975894149812,1.1304644800973838,5770
2024-12-27 10:00:00,1.1304644800973838,1.130653238315588,1.1299639426317027,1.130033771155129,7766
2024-12-27 11:00:00,1.130033771155129,1.1302842789816454,1.129913548725719,1.1302711905627112,3769
2024-12-27 12:00:00,1.1302711905627112,1.1309533859490006,1.1299993145845533,1.1307024833999282,9820
2024-12-27 13:00:00,1.1307024833999282,1.1308692999263268,1.130316973842466,1.1304195762842528,4745
2024-12-27 14:00:00,1.1304195762842528,1.1319086366918405,1.1304129191342094,1.1317337869393291,2839
2024-12-27 15:00:00,1.1317337869393291,1.1324216382858303,1.131730185254655,1.132281377228589,3058
2024-12-27 16:00:00,1.132281377228589,1.133459394886328,1.1321895818725392,1.1334109109131603,7286
2024-12-27 17:00:00,1.1334109109131603,1.1335023090903127,1.1328293861462662,1.1329965427094528,7430
2024-12-27 17:00:00,1.1329965427094528,1.1331868406707712,1.131446366648327,1.131527901971002,813
2024-12-27 18:00:00,1.131527901971002,1.1321714718522509,1.1314443210686045,1.1321205171824564,8050
2024-12-27 18:00:00,1.1321205171824564,1.1322534783596525,1.131736175921459,1.1320481342126523,9173
2024-12-27 19:00:00,1.1320481342126523,1.1322702920493835,1.1318338268156831,1.131873283873923,3099
2024-12-27 19:00:00,1.131873283873923,1.1333548365283077,1.131739963148765,1.133300749153918,8534
2024-12-27 20:00:00,1.133300749153918,1.1337135565424326,1.1332017901970524,1.1337009896474843,8951
2024-12-27 20:00:00,1.1337009896474843,1.1339403952165081,1.1326429167044445,1.1326486964041085,1096
2024-12-27 21:00:00,1.1326486964041085,1.1329153846606657,1.1318037810218309,1.1320269140160801,1070
2024-12-27 21:00:00,1.1320269140160801,1.1323330370303146,1.1313289077000959,1.1314424991866492,8044
2024-12-27 22:00:00,1.1314424991866492,1.131772077314989,1.1304620126723277,1.130772887889979,1640
2024-12-27 22:00:00,1.130772887889979,1.1307979684295923,1.1304831988295023,1.1307881233281227,750
2024-12-27 23:00:00,1.1307881233281227,1.1309135294191606,1.1299000257038694,1.1299328164819116,6346
2024-12-27 23:00:00,1.1299328164819116,1.1299909953708562,1.1292273658546843,1.1295272603905946,6078
2024-12-28 00:00:00,1.1295272603905946,1.1306749402959957,1.1293590047980833,1.1306077254554963,3863
2024-12-28 01:00:00,1.1306077254554963,1.1310334879058241,1.1302074080023332,1.130891266933206,9561
2024-12-28 02:00:00,1.130891266933206,1.1310382329824358,1.1292299862167499,1.1293035118989405,2295
2024-12-28 03:00:00,1.1293035118989405,1.1300214339697525,1.1292918090794395,1.129875388655236,9110
2024-12-28 04:00:00,1.129875388655236,1.130221959181075,1.1295345216389314,1.1296377419267258,4865
2024-12-28 05:00:00,1.1296377419267258,1.1297288085314243,1.1294990996779801,1.1297003222640656,9491
2024-12-28 06:00:00,1.1297003222640656,1.1297559070384686,1.1295681961046677,1.129671782217132,868
2024-12-28 07:00:00,1.129671782217132,1.1301865108558178,1.1296051728579002,1.1300989781444624,4614
2024-12-28 08:00:00,1.1300989781444624,1.1304475253088173,1.1289807242853003,1.129050981328991,2045
2024-12-28 09:00:00,1.129050981328991,1.1290879760956865,1.1288969700685503,1.129051822475711,8259
2024-12-28 10:00:00,1.129051822475711,1.1296239745304293,1.1289583167409072,1.1294450355181598,2924
2024-12-28 11:00:00,1.1294450355181598,1.1296933680265233,1.1286970906969978,1.1287971835084696,3284
2024-12-28 12:00:00,1.1287971835084696,1.128998415888216,1.1284331107580547,1.1284555145168942,4728
2024-12-28 13:00:00,1.1284555145168942,1.1292580315752796,1.128431594681902,1.128950579020419,9199
2024-12-28 14:00:00,1.128950579020419,1.129088777582987,1.1275786722914545,1.1277656505967382,8519
2024-12-28 15:00:00,1.1277656505967382,1.1278712704491933,1.1273485276325022,1.1274532871518692,1726
2024-12-28 16:00:00,1.1274532871518692,1.127684751531451,1.1264519859422975,1.1268419080206062,9642
2024-12-28 17:00:00,1.1268419080206062,1.12692470963963,1.1262704183545111,1.1265189561289652,3137
2024-12-28 18:00:00,1.1265189561289652,1.1266445102641107,1.1254666953455055,1.1255595292455745,7419
2024-12-28 19:00:00,1.1255595292455745,1.125899757556167,1.125172970074508,1.125777592765046,4373
2024-12-28 20:00:00,1.125777592765046,1.1258154916724026,1.125151206383953,1.125274628230226,2113
2024-12-28 21:00:00,1.125274628230226,1.1260826047411627,1.1252173742923282,1.1259204003890508,4663
2024-12-28 22:00:00,1.1259204003890508,1.1259849041880126,1.1248921309222608,1.1250135565773323,6399
2024-12-28 23:00:00,1.1250135565773323,1.1251259913638163,1.1245201015869002,1.1246525514847736,6503
2024-12-29 00:00:00,1.1246525514847736,1.1246528073208475,1.1233621695453102,1.123644927249466,6639
2024-12-29 01:00:00,1.123644927249466,1.1237648217381948,1.122672597424112,1.1227400907015292,5798
2024-12-29 02:00:00,1.1227400907015292,1.1236982227884105,1.1224934741358732,1.1234090470392202,370
2024-12-29 03:00:00,1.1234090470392202,1.1242245266250759,1.1231725668722397,1.1238613782401077,7304
2024-12-29 04:00:00,1.1238613782401077,1.1240411035752247,1.1234071935627534,1.1236038559092083,492
2024-12-29 05:00:00,1.1236038559092083,1.124099625120595,1.1230378862765982,1.1231298214332552,7491
2024-12-29 06:00:00,1.1231298214332552,1.1239201007738886,1.1230620084369716,1.1234734526679149,5089
2024-12-29 07:00:00,1.1234734526679149,1.1239508130191807,1.1234064748627512,1.12375552489816,8885
2024-12-29 08:00:00,1.12375552489816,1.123803033600354,1.1231250558931327,1.1231896845888572,2709
2024-12-29 09:00:00,1.1231896845888572,1.1239949318139908,1.1230604485791564,1.1236106230733338,5297
2024-12-29 10:00:00,1.1236106230733338,1.1241476336671883,1.123331292712703,1.123786687544509,8599
2024-12-29 11:00:00,1.123786687544509,1.1239972830358942,1.1227927982653312,1.1230667281012388,4777
2024-12-29 12:00:00,1.1230667281012388,1.1230679096631349,1.1219664590100604,1.1222594960387349,659
2024-12-29 13:00:00,1.1222594960387349,1.1228941468696556,1.1222400354728626,1.1228237863745487,6102
2024-12-29 14:00:00,1.1228237863745487,1.12297298039648,1.1220817168687807,1.1221137709284559,4108
2024-12-29 15:00:00,1.1221137709284559,1.122535282328442,1.1215370732227994,1.1218905821533418,1495
2024-12-29 16:00:00,1.1218905821533418,1.1235841292372852,1.1218861066865198,1.1233002687074296,9429
2024-12-29 17:00:00,1.1233002687074296,1.1233627432112636,1.123092259631143,1.1233206062275205,4472
2024-12-29 18:00:00,1.1233206062275205,1.1233481345556118,1.1227716331199777,1.1229705876969929,4657
2024-12-29 19:00:00,1.1229705876969929,1.1230712356552737,1.1226424855244188,1.1230006649609932,6865
2024-12-29 20:00:00,1.1230006649609932,1.1231121533997626,1.1223869705799134,1.1224991405304703,3580
2024-12-29 21:00:00,1.1224991405304703,1.1225686692480945,1.122314148535729,1.122449127950108,6228
2024-12-29 22:00:00,1.122449127950108,1.1230509970594116,1.122222340826681,1.1225437399476037,3701
2024-12-29 23:00:00,1.1225437399476037,1.122814113059816,1.1221025065433625,1.1222476690611822,8333
2024-12-30 00:00:00,1.1222476690611822,1.1223866947754912,1.1210898214277438,1.1212170551840144,1139
2024-12-30 01:00:00,1.1212170551840144,1.1214700019401245,1.121142475856133,1.12139706062312,746
2024-12-30 02:00:00,1.12139706062312,1.1223228048373601,1.121178648436135,1.1220656117400343,8000
2024-12-30 03:00:00,1.1220656117400343,1.122911529896525,1.1219707960994498,1.122863488121556,706
2024-12-30 04:00:00,1.122863488121556,1.1232596557349048,1.1226060388472954,1.123209035895665,5717
2024-12-30 05:00:00,1.123209035895665,1.123282195726295,1.1227253053459954,1.1232197823164773,8949
2024-12-30 06:00:00,1.1232197823164773,1.1238735549184353,1.1230748986103443,1.1235994443278832,6738
2024-12-30 07:00:00,1.1235994443278832,1.1242288782731964,1.1230329363916485,1.1242060594493777,8238
2024-12-30 08:00:00,1.1242060594493777,1.125129681499741,1.12417974056577,1.1251163050688566,555
2024-12-30 09:00:00,1.1251163050688566,1.125448449711337,1.1250236639324818,1.1254383629144014,5296
2024-12-30 10:00:00,1.1254383629144014,1.1254543797437067,1.125042014580086,1.1252354197075767,4509
2024-12-30 11:00:00,1.1252354197075767,1.1252975466916053,1.1241481148079795,1.1242275720125245,1022
2024-12-30 12:00:00,1.1242275720125245,1.124655454149422,1.124000541139401,1.1245470341774935,4157
2024-12-30 13:00:00,1.1245470341774935,1.1248505583422888,1.1244600334875585,1.1247139130673214,5420
2024-12-30 14:00:00,1.1247139130673214,1.1256769849053423,1.1244399895742987,1.1256439193614765,426
2024-12-30 15:00:00,1.1256439193614765,1.125649359236313,1.124906010696969,1.125208575495556,222
2024-12-30 16:00:00,1.125208575495556,1.125396621356724,1.124522508877632,1.1246943433492074,5227
2024-12-30 17:00:00,1.1246943433492074,1.1247850864647082,1.1240069945127669,1.1244788850372642,8293
2024-12-30 18:00:00,1.1244788850372642,1.1250926900804668,1.1240078003997371,1.1250190698033773,1269
2024-12-30 19:00:00,1.1250190698033773,1.125910541103691,1.1249058998668264,1.1258959095391055,2778
2024-12-30 20:00:00,1.1258959095391055,1.1262297521360325,1.125686164630808,1.1261537197278002,6725
2024-12-30 21:00:00,1.1261537197278002,1.1263950786204542,1.1258772719150756,1.1263357484681227,1165
2024-12-30 22:00:00,1.1263357484681227,1.1265128254063184,1.1262449168870843,1.126395488643476,1481
2024-12-30 23:00:00,1.126395488643476,1.1271473063101605,1.1261218556805845,1.1270734382518808,1774
2024-12-31 00:00:00,1.1270734382518808,1.1271412742712754,1.1270534806891954,1.1271016829739355,2718
2024-12-31 01:00:00,1.1271016829739355,1.1283586524691251,1.1268614837072102,1.1282115033583995,6935
2024-12-31 02:00:00,1.1282115033583995,1.1282797650378782,1.1272127260264746,1.1274426824090023,1837
2024-12-31 03:00:00,1.1274426824090023,1.1276191096338286,1.1269040326116535,1.1275859970856186,6464
2024-12-31 04:00:00,1.1275859970856186,1.128250049008306,1.1274205257059877,1.127845816656313,2196
2024-12-31 05:00:00,1.127845816656313,1.1279556964230464,1.1274583120609873,1.127603337131871,1051
2024-12-31 06:00:00,1.127603337131871,1.1279088449035,1.1267184688425878,1.1267851524268857,8651
2024-12-31 07:00:00,1.1267851524268857,1.126951100095704,1.1264692970526264,1.126545558672787,7721
2024-12-31 08:00:00,1.126545558672787,1.1276075920112563,1.1264108082661393,1.127437325617787,851
2024-12-31 09:00:00,1.127437325617787,1.1275684285456165,1.1261377852137846,1.1262113474054585,739
2024-12-31 10:00:00,1.1262113474054585,1.1265579451153005,1.1259774347214115,1.126045350156058,1965
2024-12-31 11:00:00,1.126045350156058,1.1264909444489655,1.125151944942248,1.125415126422387,8065
2024-12-31 12:00:00,1.125415126422387,1.1254643649100307,1.1249348689031144,1.1252635061571743,8218
2024-12-31 13:00:00,1.1252635061571743,1.1258612247877045,1.1250312445680006,1.1256524080139356,7295
2024-12-31 14:00:00,1.1256524080139356,1.1256968602464752,1.1255966129061434,1.1256173084876606,2240
2024-12-31 15:00:00,1.1256173084876606,1.125704226717226,1.1253834694435034,1.125580413613153,2838
2024-12-31 16:00:00,1.125580413613153,1.1257153604097752,1.1243581238905171,1.124372703782349,6782
2024-12-31 17:00:00,1.124372703782349,1.1253288295032484,1.1243601368984935,1.1250620885714397,6882
2024-12-31 18:00:00,1.1250620885714397,1.1255466791248605,1.1250073005074157,1.125453024290135,5527
2024-12-31 19:00:00,1.125453024290135,1.1257455722031047,1.124623659592612,1.124701663783831,8709
2024-12-31 20:00:00,1.124701663783831,1.1248206772813212,1.124154423781216,1.124417053498559,2051
2024-12-31 21:00:00,1.124417053498559,1.124924552027977,1.1242878801648926,1.1249054298721404,6119
2024-12-31 22:00:00,1.1249054298721404,1.125195222521345,1.1244878417960316,1.1245374061579962,659
2024-12-31 23:00:00,1.1245374061579962,1.1245786549769912,1.1234890864756737,1.1236389823803739,9075
